solid OpenSCAD_Model
  facet normal 0 -1 0
    outer loop
      vertex 1.2 9.5 11.8
      vertex 1.9 9.5 12.4
      vertex 1.2 9.5 12.4
    endloop
  endfacet
  facet normal 0 -1 -0
    outer loop
      vertex 1.9 9.5 12.4
      vertex 1.2 9.5 11.8
      vertex 1.9 9.5 11.4
    endloop
  endfacet
  facet normal -0 0 1
    outer loop
      vertex 1.2 15.5 12.4
      vertex 1.9 9.5 12.4
      vertex 1.9 15.5 12.4
    endloop
  endfacet
  facet normal 0 0 1
    outer loop
      vertex 1.9 9.5 12.4
      vertex 1.2 15.5 12.4
      vertex 1.2 9.5 12.4
    endloop
  endfacet
  facet normal -0.496139 0 -0.868243
    outer loop
      vertex 1.2 9.5 11.8
      vertex 1.9 15.5 11.4
      vertex 1.9 9.5 11.4
    endloop
  endfacet
  facet normal -0.496139 0 -0.868243
    outer loop
      vertex 1.9 15.5 11.4
      vertex 1.2 9.5 11.8
      vertex 1.2 15.5 11.8
    endloop
  endfacet
  facet normal -1 0 0
    outer loop
      vertex 1.9 9.5 11.4
      vertex 1.9 1.9 11.4
      vertex 1.9 9.5 12.4
    endloop
  endfacet
  facet normal -1 0 0
    outer loop
      vertex 1.9 15.5 12.4
      vertex 1.9 22.2329 11.4
      vertex 1.9 15.5 11.4
    endloop
  endfacet
  facet normal -1 0 0
    outer loop
      vertex 1.9 22.2329 11.4
      vertex 1.9 15.5 12.4
      vertex 1.9 22.2329 12.9
    endloop
  endfacet
  facet normal -1 0 0
    outer loop
      vertex 1.9 9.5 12.4
      vertex 1.9 22.2329 12.9
      vertex 1.9 15.5 12.4
    endloop
  endfacet
  facet normal -1 0 0
    outer loop
      vertex 1.9 9.5 12.4
      vertex 1.9 1.9 12.9
      vertex 1.9 22.2329 12.9
    endloop
  endfacet
  facet normal -1 0 0
    outer loop
      vertex 1.9 1.9 12.9
      vertex 1.9 9.5 12.4
      vertex 1.9 1.9 11.4
    endloop
  endfacet
  facet normal -1 0 0
    outer loop
      vertex 1.2 9.5 11.8
      vertex 1.2 15.5 12.4
      vertex 1.2 15.5 11.8
    endloop
  endfacet
  facet normal -1 -0 0
    outer loop
      vertex 1.2 15.5 12.4
      vertex 1.2 9.5 11.8
      vertex 1.2 9.5 12.4
    endloop
  endfacet
  facet normal 0 1 0
    outer loop
      vertex 1.9 15.5 12.4
      vertex 1.2 15.5 11.8
      vertex 1.2 15.5 12.4
    endloop
  endfacet
  facet normal -0 1 0
    outer loop
      vertex 1.2 15.5 11.8
      vertex 1.9 15.5 12.4
      vertex 1.9 15.5 11.4
    endloop
  endfacet
  facet normal 0 1 -0
    outer loop
      vertex 20.8 15.5 11.8
      vertex 20.1 15.5 12.4
      vertex 20.8 15.5 12.4
    endloop
  endfacet
  facet normal 0 1 0
    outer loop
      vertex 20.1 15.5 12.4
      vertex 20.8 15.5 11.8
      vertex 20.1 15.5 11.4
    endloop
  endfacet
  facet normal 0 -1 0
    outer loop
      vertex 20.1 9.5 12.4
      vertex 20.8 9.5 11.8
      vertex 20.8 9.5 12.4
    endloop
  endfacet
  facet normal -0 -1 0
    outer loop
      vertex 20.8 9.5 11.8
      vertex 20.1 9.5 12.4
      vertex 20.1 9.5 11.4
    endloop
  endfacet
  facet normal -0 0 1
    outer loop
      vertex 20.1 15.5 12.4
      vertex 20.8 9.5 12.4
      vertex 20.8 15.5 12.4
    endloop
  endfacet
  facet normal 0 0 1
    outer loop
      vertex 20.8 9.5 12.4
      vertex 20.1 15.5 12.4
      vertex 20.1 9.5 12.4
    endloop
  endfacet
  facet normal 1 -0 0
    outer loop
      vertex 20.8 9.5 12.4
      vertex 20.8 15.5 11.8
      vertex 20.8 15.5 12.4
    endloop
  endfacet
  facet normal 1 0 0
    outer loop
      vertex 20.8 15.5 11.8
      vertex 20.8 9.5 12.4
      vertex 20.8 9.5 11.8
    endloop
  endfacet
  facet normal 1 0 0
    outer loop
      vertex 20.1 23.1 12.9
      vertex 20.1 15.5 12.4
      vertex 20.1 23.1 11.4
    endloop
  endfacet
  facet normal 1 0 0
    outer loop
      vertex 20.1 23.1 12.9
      vertex 20.1 9.5 12.4
      vertex 20.1 15.5 12.4
    endloop
  endfacet
  facet normal 1 -0 0
    outer loop
      vertex 20.1 1.9 12.9
      vertex 20.1 9.5 12.4
      vertex 20.1 23.1 12.9
    endloop
  endfacet
  facet normal 1 0 0
    outer loop
      vertex 20.1 1.9 11.4
      vertex 20.1 9.5 12.4
      vertex 20.1 1.9 12.9
    endloop
  endfacet
  facet normal 1 0 0
    outer loop
      vertex 20.1 9.5 12.4
      vertex 20.1 1.9 11.4
      vertex 20.1 9.5 11.4
    endloop
  endfacet
  facet normal 1 0 0
    outer loop
      vertex 20.1 23.1 11.4
      vertex 20.1 15.5 12.4
      vertex 20.1 15.5 11.4
    endloop
  endfacet
  facet normal 0.496139 0 -0.868243
    outer loop
      vertex 20.1 9.5 11.4
      vertex 20.8 15.5 11.8
      vertex 20.8 9.5 11.8
    endloop
  endfacet
  facet normal 0.496139 0 -0.868243
    outer loop
      vertex 20.8 15.5 11.8
      vertex 20.1 9.5 11.4
      vertex 20.1 15.5 11.4
    endloop
  endfacet
  facet normal -0.480641 0.123041 -0.868243
    outer loop
      vertex 1.92082 40.8079 11.4
      vertex 0.432828 34.9953 11.4
      vertex 1.24269 40.9815 11.8
    endloop
  endfacet
  facet normal -0.248001 -0.96876 0
    outer loop
      vertex -0.2453 35.1689 11.8
      vertex 0.432828 34.9953 12.4
      vertex -0.2453 35.1689 12.4
    endloop
  endfacet
  facet normal -0.248001 -0.96876 -0
    outer loop
      vertex 0.432828 34.9953 12.4
      vertex -0.2453 35.1689 11.8
      vertex 0.432828 34.9953 11.4
    endloop
  endfacet
  facet normal 0 0 1
    outer loop
      vertex 1.24269 40.9815 12.4
      vertex 0.432828 34.9953 12.4
      vertex 1.92082 40.8079 12.4
    endloop
  endfacet
  facet normal 0 -0 1
    outer loop
      vertex 0.432828 34.9953 12.4
      vertex 1.24269 40.9815 12.4
      vertex -0.2453 35.1689 12.4
    endloop
  endfacet
  facet normal -0.480642 0.123041 -0.868242
    outer loop
      vertex 0.432828 34.9953 11.4
      vertex -0.2453 35.1689 11.8
      vertex 1.24269 40.9815 11.8
    endloop
  endfacet
  facet normal 0.968761 -0.247997 0
    outer loop
      vertex 0.432828 34.9953 12.4
      vertex 1.92082 40.8079 11.4
      vertex 1.92082 40.8079 12.4
    endloop
  endfacet
  facet normal 0.968761 -0.247997 0
    outer loop
      vertex 1.92082 40.8079 11.4
      vertex 0.432828 34.9953 12.4
      vertex 0.432828 34.9953 11.4
    endloop
  endfacet
  facet normal -0.968761 0.247997 0
    outer loop
      vertex -0.2453 35.1689 11.8
      vertex 1.24269 40.9815 12.4
      vertex 1.24269 40.9815 11.8
    endloop
  endfacet
  facet normal -0.968761 0.247997 0
    outer loop
      vertex 1.24269 40.9815 12.4
      vertex -0.2453 35.1689 11.8
      vertex -0.2453 35.1689 12.4
    endloop
  endfacet
  facet normal 0.248001 0.96876 0
    outer loop
      vertex 1.92082 40.8079 12.4
      vertex 1.24269 40.9815 11.8
      vertex 1.24269 40.9815 12.4
    endloop
  endfacet
  facet normal 0.248001 0.96876 0
    outer loop
      vertex 1.24269 40.9815 11.8
      vertex 1.92082 40.8079 12.4
      vertex 1.92082 40.8079 11.4
    endloop
  endfacet
  facet normal -0.489102 0.0832571 -0.868244
    outer loop
      vertex -3.44664 86.9208 11.4
      vertex -4.4535 81.0059 11.4
      vertex -4.13671 87.0383 11.8
    endloop
  endfacet
  facet normal -0.167857 -0.985811 0
    outer loop
      vertex -5.14357 81.1234 11.8
      vertex -4.4535 81.0059 12.4
      vertex -5.14357 81.1234 12.4
    endloop
  endfacet
  facet normal -0.167857 -0.985811 -0
    outer loop
      vertex -4.4535 81.0059 12.4
      vertex -5.14357 81.1234 11.8
      vertex -4.4535 81.0059 11.4
    endloop
  endfacet
  facet normal 0 0 1
    outer loop
      vertex -4.13671 87.0383 12.4
      vertex -4.4535 81.0059 12.4
      vertex -3.44664 86.9208 12.4
    endloop
  endfacet
  facet normal 0 -0 1
    outer loop
      vertex -4.4535 81.0059 12.4
      vertex -4.13671 87.0383 12.4
      vertex -5.14357 81.1234 12.4
    endloop
  endfacet
  facet normal -0.489102 0.0832571 -0.868244
    outer loop
      vertex -4.4535 81.0059 11.4
      vertex -5.14357 81.1234 11.8
      vertex -4.13671 87.0383 11.8
    endloop
  endfacet
  facet normal 0.985819 -0.16781 0
    outer loop
      vertex -4.4535 81.0059 12.4
      vertex -3.44664 86.9208 11.4
      vertex -3.44664 86.9208 12.4
    endloop
  endfacet
  facet normal 0.985819 -0.16781 0
    outer loop
      vertex -3.44664 86.9208 11.4
      vertex -4.4535 81.0059 12.4
      vertex -4.4535 81.0059 11.4
    endloop
  endfacet
  facet normal -0.985819 0.16781 0
    outer loop
      vertex -5.14357 81.1234 11.8
      vertex -4.13671 87.0383 12.4
      vertex -4.13671 87.0383 11.8
    endloop
  endfacet
  facet normal -0.985819 0.16781 0
    outer loop
      vertex -4.13671 87.0383 12.4
      vertex -5.14357 81.1234 11.8
      vertex -5.14357 81.1234 12.4
    endloop
  endfacet
  facet normal 0.167857 0.985811 0
    outer loop
      vertex -3.44664 86.9208 12.4
      vertex -4.13671 87.0383 11.8
      vertex -4.13671 87.0383 12.4
    endloop
  endfacet
  facet normal 0.167857 0.985811 0
    outer loop
      vertex -4.13671 87.0383 11.8
      vertex -3.44664 86.9208 12.4
      vertex -3.44664 86.9208 11.4
    endloop
  endfacet
  facet normal 0.480656 -0.123046 -0.868234
    outer loop
      vertex 22.8112 29.2665 11.8
      vertex 22.1331 29.4401 11.4
      vertex 23.6211 35.2527 11.4
    endloop
  endfacet
  facet normal -0.96876 0.247998 0
    outer loop
      vertex 22.1331 29.4401 11.4
      vertex 23.6211 35.2527 12.4
      vertex 23.6211 35.2527 11.4
    endloop
  endfacet
  facet normal -0.96876 0.247998 0
    outer loop
      vertex 23.6211 35.2527 12.4
      vertex 22.1331 29.4401 11.4
      vertex 22.1331 29.4401 12.4
    endloop
  endfacet
  facet normal 0.480656 -0.123046 -0.868234
    outer loop
      vertex 24.2992 35.0791 11.8
      vertex 22.8112 29.2665 11.8
      vertex 23.6211 35.2527 11.4
    endloop
  endfacet
  facet normal 0.96876 -0.247998 0
    outer loop
      vertex 22.8112 29.2665 12.4
      vertex 24.2992 35.0791 11.8
      vertex 24.2992 35.0791 12.4
    endloop
  endfacet
  facet normal 0.96876 -0.247998 0
    outer loop
      vertex 24.2992 35.0791 11.8
      vertex 22.8112 29.2665 12.4
      vertex 22.8112 29.2665 11.8
    endloop
  endfacet
  facet normal -0.248011 -0.968757 0
    outer loop
      vertex 22.1331 29.4401 12.4
      vertex 22.8112 29.2665 11.8
      vertex 22.8112 29.2665 12.4
    endloop
  endfacet
  facet normal -0.248011 -0.968757 0
    outer loop
      vertex 22.8112 29.2665 11.8
      vertex 22.1331 29.4401 12.4
      vertex 22.1331 29.4401 11.4
    endloop
  endfacet
  facet normal 0.248011 0.968757 -0
    outer loop
      vertex 24.2992 35.0791 11.8
      vertex 23.6211 35.2527 12.4
      vertex 24.2992 35.0791 12.4
    endloop
  endfacet
  facet normal 0.248011 0.968757 0
    outer loop
      vertex 23.6211 35.2527 12.4
      vertex 24.2992 35.0791 11.8
      vertex 23.6211 35.2527 11.4
    endloop
  endfacet
  facet normal 0 0 1
    outer loop
      vertex 23.6211 35.2527 12.4
      vertex 22.8112 29.2665 12.4
      vertex 24.2992 35.0791 12.4
    endloop
  endfacet
  facet normal 0 -0 1
    outer loop
      vertex 22.8112 29.2665 12.4
      vertex 23.6211 35.2527 12.4
      vertex 22.1331 29.4401 12.4
    endloop
  endfacet
  facet normal 0.489086 -0.0832577 -0.868253
    outer loop
      vertex 19.3258 83.0444 11.8
      vertex 18.3189 77.1295 11.8
      vertex 18.6357 83.1619 11.4
    endloop
  endfacet
  facet normal 0 0 1
    outer loop
      vertex 18.6357 83.1619 12.4
      vertex 18.3189 77.1295 12.4
      vertex 19.3258 83.0444 12.4
    endloop
  endfacet
  facet normal 0 -0 1
    outer loop
      vertex 18.3189 77.1295 12.4
      vertex 18.6357 83.1619 12.4
      vertex 17.6289 77.247 12.4
    endloop
  endfacet
  facet normal 0.489139 -0.0832585 -0.868223
    outer loop
      vertex 18.3189 77.1295 11.8
      vertex 17.6289 77.247 11.4
      vertex 18.6357 83.1619 11.4
    endloop
  endfacet
  facet normal 0.16785 0.985813 -0
    outer loop
      vertex 19.3258 83.0444 11.8
      vertex 18.6357 83.1619 12.4
      vertex 19.3258 83.0444 12.4
    endloop
  endfacet
  facet normal 0.16785 0.985813 0
    outer loop
      vertex 18.6357 83.1619 12.4
      vertex 19.3258 83.0444 11.8
      vertex 18.6357 83.1619 11.4
    endloop
  endfacet
  facet normal 0.985818 -0.167817 0
    outer loop
      vertex 18.3189 77.1295 12.4
      vertex 19.3258 83.0444 11.8
      vertex 19.3258 83.0444 12.4
    endloop
  endfacet
  facet normal 0.985818 -0.167817 0
    outer loop
      vertex 19.3258 83.0444 11.8
      vertex 18.3189 77.1295 12.4
      vertex 18.3189 77.1295 11.8
    endloop
  endfacet
  facet normal -0.167873 -0.985809 0
    outer loop
      vertex 17.6289 77.247 12.4
      vertex 18.3189 77.1295 11.8
      vertex 18.3189 77.1295 12.4
    endloop
  endfacet
  facet normal -0.167873 -0.985809 0
    outer loop
      vertex 18.3189 77.1295 11.8
      vertex 17.6289 77.247 12.4
      vertex 17.6289 77.247 11.4
    endloop
  endfacet
  facet normal -0.985821 0.167801 0
    outer loop
      vertex 17.6289 77.247 11.4
      vertex 18.6357 83.1619 12.4
      vertex 18.6357 83.1619 11.4
    endloop
  endfacet
  facet normal -0.985821 0.167801 0
    outer loop
      vertex 18.6357 83.1619 12.4
      vertex 17.6289 77.247 11.4
      vertex 17.6289 77.247 12.4
    endloop
  endfacet
  facet normal -0 0 1
    outer loop
      vertex 12.3687 97.1791 12.9
      vertex 20.3349 96.4452 12.9
      vertex 20.4164 97.4751 12.9
    endloop
  endfacet
  facet normal 0 0 1
    outer loop
      vertex 20.3349 96.4452 12.9
      vertex 12.3687 97.1791 12.9
      vertex 20.2281 95.4263 12.9
    endloop
  endfacet
  facet normal 0 0 1
    outer loop
      vertex 20.2281 95.4263 12.9
      vertex 12.2826 96.3585 12.9
      vertex 20.098 94.4211 12.9
    endloop
  endfacet
  facet normal -0 0 1
    outer loop
      vertex 12.1766 95.5402 12.9
      vertex 20.098 94.4211 12.9
      vertex 12.2826 96.3585 12.9
    endloop
  endfacet
  facet normal -0 0 1
    outer loop
      vertex 12.052 94.7243 12.9
      vertex 19.947 93.4321 12.9
      vertex 12.1766 95.5402 12.9
    endloop
  endfacet
  facet normal 0 0 1
    outer loop
      vertex 19.947 93.4321 12.9
      vertex 12.052 94.7243 12.9
      vertex 19.7778 92.4612 12.9
    endloop
  endfacet
  facet normal -0 0 1
    outer loop
      vertex 11.9103 93.9114 12.9
      vertex 19.7778 92.4612 12.9
      vertex 12.052 94.7243 12.9
    endloop
  endfacet
  facet normal -0 0 1
    outer loop
      vertex 11.7533 93.1016 12.9
      vertex 19.5934 91.5104 12.9
      vertex 11.9103 93.9114 12.9
    endloop
  endfacet
  facet normal 0 0 1
    outer loop
      vertex 19.5934 91.5104 12.9
      vertex 11.7533 93.1016 12.9
      vertex 19.3969 90.5809 12.9
    endloop
  endfacet
  facet normal 0 0 1
    outer loop
      vertex 19.3969 90.5809 12.9
      vertex 11.5827 92.2952 12.9
      vertex 19.1912 89.6739 12.9
    endloop
  endfacet
  facet normal -0 0 1
    outer loop
      vertex 11.4007 91.4924 12.9
      vertex 19.1912 89.6739 12.9
      vertex 11.5827 92.2952 12.9
    endloop
  endfacet
  facet normal -0 0 1
    outer loop
      vertex 11.2092 90.6932 12.9
      vertex 18.9796 88.7904 12.9
      vertex 11.4007 91.4924 12.9
    endloop
  endfacet
  facet normal 0 0 1
    outer loop
      vertex 18.9796 88.7904 12.9
      vertex 11.2092 90.6932 12.9
      vertex 18.7651 87.931 12.9
    endloop
  endfacet
  facet normal 0 0 1
    outer loop
      vertex 18.7651 87.931 12.9
      vertex 11.0106 89.8979 12.9
      vertex 18.5505 87.0962 12.9
    endloop
  endfacet
  facet normal -0 0 1
    outer loop
      vertex 10.8072 89.1064 12.9
      vertex 18.5505 87.0962 12.9
      vertex 11.0106 89.8979 12.9
    endloop
  endfacet
  facet normal 0 0 1
    outer loop
      vertex 18.5505 87.0962 12.9
      vertex 10.8072 89.1064 12.9
      vertex 18.3388 86.2866 12.9
    endloop
  endfacet
  facet normal 0 0 1
    outer loop
      vertex 18.3388 86.2866 12.9
      vertex 10.6012 88.3189 12.9
      vertex 18.1324 85.5024 12.9
    endloop
  endfacet
  facet normal -0 0 1
    outer loop
      vertex 10.3951 87.5355 12.9
      vertex 18.1324 85.5024 12.9
      vertex 10.6012 88.3189 12.9
    endloop
  endfacet
  facet normal 0 0 1
    outer loop
      vertex 8.65213 76.9649 12.9
      vertex 16.6517 77.0445 12.9
      vertex 16.6546 77.528 12.9
    endloop
  endfacet
  facet normal 0 0 1
    outer loop
      vertex 16.6517 77.0445 12.9
      vertex 16.3297 48.808 12.9
      vertex 16.3484 47.9765 12.9
    endloop
  endfacet
  facet normal 0 0 1
    outer loop
      vertex 16.6517 77.0445 12.9
      vertex 16.284 49.6399 12.9
      vertex 16.3297 48.808 12.9
    endloop
  endfacet
  facet normal 0 0 1
    outer loop
      vertex 16.6517 77.0445 12.9
      vertex 16.2112 50.4716 12.9
      vertex 16.284 49.6399 12.9
    endloop
  endfacet
  facet normal 0 0 1
    outer loop
      vertex 16.6517 77.0445 12.9
      vertex 16.1114 51.3025 12.9
      vertex 16.2112 50.4716 12.9
    endloop
  endfacet
  facet normal 0 0 1
    outer loop
      vertex 16.6517 77.0445 12.9
      vertex 15.985 52.132 12.9
      vertex 16.1114 51.3025 12.9
    endloop
  endfacet
  facet normal 0 0 1
    outer loop
      vertex 16.6517 77.0445 12.9
      vertex 15.8329 52.9597 12.9
      vertex 15.985 52.132 12.9
    endloop
  endfacet
  facet normal 0 0 1
    outer loop
      vertex 16.6517 77.0445 12.9
      vertex 15.656 53.785 12.9
      vertex 15.8329 52.9597 12.9
    endloop
  endfacet
  facet normal -0 0 1
    outer loop
      vertex 8.65652 77.7009 12.9
      vertex 16.6546 77.528 12.9
      vertex 16.673 78.0209 12.9
    endloop
  endfacet
  facet normal 0 0 1
    outer loop
      vertex 16.6517 77.0445 12.9
      vertex 15.4555 54.6077 12.9
      vertex 15.656 53.785 12.9
    endloop
  endfacet
  facet normal 0 0 1
    outer loop
      vertex 16.6517 77.0445 12.9
      vertex 15.233 55.4274 12.9
      vertex 15.4555 54.6077 12.9
    endloop
  endfacet
  facet normal 0 0 1
    outer loop
      vertex 16.6517 77.0445 12.9
      vertex 14.9901 56.2438 12.9
      vertex 15.233 55.4274 12.9
    endloop
  endfacet
  facet normal -0 0 1
    outer loop
      vertex 8.6839 78.4384 12.9
      vertex 16.673 78.0209 12.9
      vertex 16.707 78.5267 12.9
    endloop
  endfacet
  facet normal 0 0 1
    outer loop
      vertex 16.6517 77.0445 12.9
      vertex 14.7288 57.0567 12.9
      vertex 14.9901 56.2438 12.9
    endloop
  endfacet
  facet normal 0 0 1
    outer loop
      vertex 16.6517 77.0445 12.9
      vertex 14.4509 57.8662 12.9
      vertex 14.7288 57.0567 12.9
    endloop
  endfacet
  facet normal 0 0 1
    outer loop
      vertex 8.73357 79.1779 12.9
      vertex 16.707 78.5267 12.9
      vertex 16.7571 79.0482 12.9
    endloop
  endfacet
  facet normal 0 0 1
    outer loop
      vertex 16.6517 77.0445 12.9
      vertex 14.1588 58.672 12.9
      vertex 14.4509 57.8662 12.9
    endloop
  endfacet
  facet normal 0 0 1
    outer loop
      vertex 8.80473 79.9199 12.9
      vertex 16.7571 79.0482 12.9
      vertex 16.8236 79.588 12.9
    endloop
  endfacet
  facet normal 0 0 1
    outer loop
      vertex 16.6517 77.0445 12.9
      vertex 13.8546 59.4741 12.9
      vertex 14.1588 58.672 12.9
    endloop
  endfacet
  facet normal 0 0 1
    outer loop
      vertex 16.6517 77.0445 12.9
      vertex 13.5407 60.2725 12.9
      vertex 13.8546 59.4741 12.9
    endloop
  endfacet
  facet normal 0 0 1
    outer loop
      vertex 8.89636 80.6648 12.9
      vertex 16.8236 79.588 12.9
      vertex 16.9067 80.1483 12.9
    endloop
  endfacet
  facet normal 0 0 1
    outer loop
      vertex 16.6517 77.0445 12.9
      vertex 13.2196 61.0672 12.9
      vertex 13.5407 60.2725 12.9
    endloop
  endfacet
  facet normal 0 0 1
    outer loop
      vertex 9.00729 81.4129 12.9
      vertex 16.9067 80.1483 12.9
      vertex 17.0067 80.7309 12.9
    endloop
  endfacet
  facet normal 0 0 1
    outer loop
      vertex 9.13618 82.1645 12.9
      vertex 17.0067 80.7309 12.9
      vertex 17.1233 81.3369 12.9
    endloop
  endfacet
  facet normal 0 0 1
    outer loop
      vertex 16.6517 77.0445 12.9
      vertex 12.8936 61.8581 12.9
      vertex 13.2196 61.0672 12.9
    endloop
  endfacet
  facet normal 0 0 1
    outer loop
      vertex 18.1324 85.5024 12.9
      vertex 10.3951 87.5355 12.9
      vertex 17.9338 84.7439 12.9
    endloop
  endfacet
  facet normal 0 0 1
    outer loop
      vertex 16.6517 77.0445 12.9
      vertex 12.5653 62.6454 12.9
      vertex 12.8936 61.8581 12.9
    endloop
  endfacet
  facet normal 0 0 1
    outer loop
      vertex 12.3687 97.1791 12.9
      vertex 20.4164 97.4751 12.9
      vertex 12.4337 98.0013 12.9
    endloop
  endfacet
  facet normal 0 0 1
    outer loop
      vertex 20.2281 95.4263 12.9
      vertex 12.3687 97.1791 12.9
      vertex 12.2826 96.3585 12.9
    endloop
  endfacet
  facet normal 0 0 1
    outer loop
      vertex 20.098 94.4211 12.9
      vertex 12.1766 95.5402 12.9
      vertex 19.947 93.4321 12.9
    endloop
  endfacet
  facet normal 0 0 1
    outer loop
      vertex 19.7778 92.4612 12.9
      vertex 11.9103 93.9114 12.9
      vertex 19.5934 91.5104 12.9
    endloop
  endfacet
  facet normal -0 0 1
    outer loop
      vertex 11.5827 92.2952 12.9
      vertex 19.3969 90.5809 12.9
      vertex 11.7533 93.1016 12.9
    endloop
  endfacet
  facet normal 0 0 1
    outer loop
      vertex 19.1912 89.6739 12.9
      vertex 11.4007 91.4924 12.9
      vertex 18.9796 88.7904 12.9
    endloop
  endfacet
  facet normal -0 0 1
    outer loop
      vertex 11.0106 89.8979 12.9
      vertex 18.7651 87.931 12.9
      vertex 11.2092 90.6932 12.9
    endloop
  endfacet
  facet normal -0 0 1
    outer loop
      vertex 10.6012 88.3189 12.9
      vertex 18.3388 86.2866 12.9
      vertex 10.8072 89.1064 12.9
    endloop
  endfacet
  facet normal -0 0 1
    outer loop
      vertex 10.191 86.756 12.9
      vertex 17.9338 84.7439 12.9
      vertex 10.3951 87.5355 12.9
    endloop
  endfacet
  facet normal 0 0 1
    outer loop
      vertex 17.9338 84.7439 12.9
      vertex 10.191 86.756 12.9
      vertex 17.7452 84.0111 12.9
    endloop
  endfacet
  facet normal -0 0 1
    outer loop
      vertex 9.99146 85.9807 12.9
      vertex 17.7452 84.0111 12.9
      vertex 10.191 86.756 12.9
    endloop
  endfacet
  facet normal 0 0 1
    outer loop
      vertex 17.7452 84.0111 12.9
      vertex 9.99146 85.9807 12.9
      vertex 17.5684 83.3042 12.9
    endloop
  endfacet
  facet normal 0 0 1
    outer loop
      vertex 16.6517 77.0445 12.9
      vertex 12.2372 63.4289 12.9
      vertex 12.5653 62.6454 12.9
    endloop
  endfacet
  facet normal -0 0 1
    outer loop
      vertex 9.79858 85.2094 12.9
      vertex 17.5684 83.3042 12.9
      vertex 9.99146 85.9807 12.9
    endloop
  endfacet
  facet normal 0 0 1
    outer loop
      vertex 16.6517 77.0445 12.9
      vertex 11.9118 64.2087 12.9
      vertex 12.2372 63.4289 12.9
    endloop
  endfacet
  facet normal 0 0 1
    outer loop
      vertex 17.5684 83.3042 12.9
      vertex 9.79858 85.2094 12.9
      vertex 17.405 82.623 12.9
    endloop
  endfacet
  facet normal 0 0 1
    outer loop
      vertex 16.6517 77.0445 12.9
      vertex 11.5914 64.9848 12.9
      vertex 11.9118 64.2087 12.9
    endloop
  endfacet
  facet normal -0 0 1
    outer loop
      vertex 9.61461 84.4422 12.9
      vertex 17.405 82.623 12.9
      vertex 9.79858 85.2094 12.9
    endloop
  endfacet
  facet normal 0 0 1
    outer loop
      vertex 16.6517 77.0445 12.9
      vertex 11.2785 65.7572 12.9
      vertex 11.5914 64.9848 12.9
    endloop
  endfacet
  facet normal 0 0 1
    outer loop
      vertex 17.405 82.623 12.9
      vertex 9.61461 84.4422 12.9
      vertex 17.2563 81.9674 12.9
    endloop
  endfacet
  facet normal 0 0 1
    outer loop
      vertex 16.6517 77.0445 12.9
      vertex 10.9753 66.5259 12.9
      vertex 11.2785 65.7572 12.9
    endloop
  endfacet
  facet normal -0 0 1
    outer loop
      vertex 9.44159 83.679 12.9
      vertex 17.2563 81.9674 12.9
      vertex 9.61461 84.4422 12.9
    endloop
  endfacet
  facet normal 0 0 1
    outer loop
      vertex 16.6517 77.0445 12.9
      vertex 10.6839 67.2908 12.9
      vertex 10.9753 66.5259 12.9
    endloop
  endfacet
  facet normal 0 0 1
    outer loop
      vertex 17.2563 81.9674 12.9
      vertex 9.44159 83.679 12.9
      vertex 17.1233 81.3369 12.9
    endloop
  endfacet
  facet normal 0 0 1
    outer loop
      vertex 16.6517 77.0445 12.9
      vertex 10.4064 68.0521 12.9
      vertex 10.6839 67.2908 12.9
    endloop
  endfacet
  facet normal 0 0 1
    outer loop
      vertex 17.1233 81.3369 12.9
      vertex 9.44159 83.679 12.9
      vertex 9.28151 82.9199 12.9
    endloop
  endfacet
  facet normal 0 0 1
    outer loop
      vertex 16.6517 77.0445 12.9
      vertex 10.1447 68.8097 12.9
      vertex 10.4064 68.0521 12.9
    endloop
  endfacet
  facet normal 0 0 1
    outer loop
      vertex 17.1233 81.3369 12.9
      vertex 9.28151 82.9199 12.9
      vertex 9.13618 82.1645 12.9
    endloop
  endfacet
  facet normal 0 0 1
    outer loop
      vertex 16.6517 77.0445 12.9
      vertex 9.90045 69.5638 12.9
      vertex 10.1447 68.8097 12.9
    endloop
  endfacet
  facet normal 0 0 1
    outer loop
      vertex 16.6517 77.0445 12.9
      vertex 9.67514 70.3144 12.9
      vertex 9.90045 69.5638 12.9
    endloop
  endfacet
  facet normal 0 0 1
    outer loop
      vertex 17.0067 80.7309 12.9
      vertex 9.13618 82.1645 12.9
      vertex 9.00729 81.4129 12.9
    endloop
  endfacet
  facet normal 0 0 1
    outer loop
      vertex 16.6517 77.0445 12.9
      vertex 9.47011 71.0617 12.9
      vertex 9.67514 70.3144 12.9
    endloop
  endfacet
  facet normal 0 0 1
    outer loop
      vertex 16.9067 80.1483 12.9
      vertex 9.00729 81.4129 12.9
      vertex 8.89636 80.6648 12.9
    endloop
  endfacet
  facet normal 0 0 1
    outer loop
      vertex 16.6517 77.0445 12.9
      vertex 9.28645 71.806 12.9
      vertex 9.47011 71.0617 12.9
    endloop
  endfacet
  facet normal 0 0 1
    outer loop
      vertex 16.6517 77.0445 12.9
      vertex 9.12511 72.5476 12.9
      vertex 9.28645 71.806 12.9
    endloop
  endfacet
  facet normal 0 0 1
    outer loop
      vertex 16.8236 79.588 12.9
      vertex 8.89636 80.6648 12.9
      vertex 8.80473 79.9199 12.9
    endloop
  endfacet
  facet normal 0 0 1
    outer loop
      vertex 16.6517 77.0445 12.9
      vertex 8.98679 73.2868 12.9
      vertex 9.12511 72.5476 12.9
    endloop
  endfacet
  facet normal 0 0 1
    outer loop
      vertex 16.6517 77.0445 12.9
      vertex 8.87198 74.0242 12.9
      vertex 8.98679 73.2868 12.9
    endloop
  endfacet
  facet normal 0 0 1
    outer loop
      vertex 16.7571 79.0482 12.9
      vertex 8.80473 79.9199 12.9
      vertex 8.73357 79.1779 12.9
    endloop
  endfacet
  facet normal 0 0 1
    outer loop
      vertex 16.6517 77.0445 12.9
      vertex 8.78105 74.7601 12.9
      vertex 8.87198 74.0242 12.9
    endloop
  endfacet
  facet normal 0 0 1
    outer loop
      vertex 16.707 78.5267 12.9
      vertex 8.73357 79.1779 12.9
      vertex 8.6839 78.4384 12.9
    endloop
  endfacet
  facet normal 0 0 1
    outer loop
      vertex 16.6517 77.0445 12.9
      vertex 8.71414 75.4951 12.9
      vertex 8.78105 74.7601 12.9
    endloop
  endfacet
  facet normal 0 0 1
    outer loop
      vertex 16.673 78.0209 12.9
      vertex 8.6839 78.4384 12.9
      vertex 8.65652 77.7009 12.9
    endloop
  endfacet
  facet normal 0 0 1
    outer loop
      vertex 16.6517 77.0445 12.9
      vertex 8.67122 76.2298 12.9
      vertex 8.71414 75.4951 12.9
    endloop
  endfacet
  facet normal 0 0 1
    outer loop
      vertex 16.6546 77.528 12.9
      vertex 8.65652 77.7009 12.9
      vertex 8.65213 76.9649 12.9
    endloop
  endfacet
  facet normal 0 0 1
    outer loop
      vertex 16.6517 77.0445 12.9
      vertex 8.65213 76.9649 12.9
      vertex 8.67122 76.2298 12.9
    endloop
  endfacet
  facet normal 0 0 1
    outer loop
      vertex 16.3484 47.9765 12.9
      vertex 24.3483 48.0289 12.9
      vertex 24.3237 49.1174 12.9
    endloop
  endfacet
  facet normal 0 0 1
    outer loop
      vertex 24.3483 48.0289 12.9
      vertex 16.3484 47.9765 12.9
      vertex 24.3382 46.9466 12.9
    endloop
  endfacet
  facet normal 0 0 1
    outer loop
      vertex 16.3484 47.9765 12.9
      vertex 24.3237 49.1174 12.9
      vertex 24.2638 50.2084 12.9
    endloop
  endfacet
  facet normal -0 0 1
    outer loop
      vertex 16.3407 47.146 12.9
      vertex 24.3382 46.9466 12.9
      vertex 16.3484 47.9765 12.9
    endloop
  endfacet
  facet normal 0 0 1
    outer loop
      vertex 16.3484 47.9765 12.9
      vertex 24.2638 50.2084 12.9
      vertex 24.1684 51.298 12.9
    endloop
  endfacet
  facet normal 0 0 1
    outer loop
      vertex 24.3382 46.9466 12.9
      vertex 16.3407 47.146 12.9
      vertex 24.295 45.8741 12.9
    endloop
  endfacet
  facet normal 0 0 1
    outer loop
      vertex 16.3484 47.9765 12.9
      vertex 24.1684 51.298 12.9
      vertex 24.0381 52.3826 12.9
    endloop
  endfacet
  facet normal -0 0 1
    outer loop
      vertex 16.3073 46.317 12.9
      vertex 24.295 45.8741 12.9
      vertex 16.3407 47.146 12.9
    endloop
  endfacet
  facet normal 0 0 1
    outer loop
      vertex 16.3484 47.9765 12.9
      vertex 24.0381 52.3826 12.9
      vertex 23.8743 53.4585 12.9
    endloop
  endfacet
  facet normal 0 0 1
    outer loop
      vertex 24.295 45.8741 12.9
      vertex 16.3073 46.317 12.9
      vertex 24.2206 44.8147 12.9
    endloop
  endfacet
  facet normal 0 0 1
    outer loop
      vertex 16.3484 47.9765 12.9
      vertex 23.8743 53.4585 12.9
      vertex 23.6787 54.5226 12.9
    endloop
  endfacet
  facet normal -0 0 1
    outer loop
      vertex 16.2491 45.49 12.9
      vertex 24.2206 44.8147 12.9
      vertex 16.3073 46.317 12.9
    endloop
  endfacet
  facet normal 0 0 1
    outer loop
      vertex 24.2206 44.8147 12.9
      vertex 16.2491 45.49 12.9
      vertex 24.1175 43.7714 12.9
    endloop
  endfacet
  facet normal 0 0 1
    outer loop
      vertex 16.3484 47.9765 12.9
      vertex 23.6787 54.5226 12.9
      vertex 23.4538 55.5721 12.9
    endloop
  endfacet
  facet normal -0 0 1
    outer loop
      vertex 16.1677 44.6656 12.9
      vertex 24.1175 43.7714 12.9
      vertex 16.2491 45.49 12.9
    endloop
  endfacet
  facet normal 0 0 1
    outer loop
      vertex 16.3484 47.9765 12.9
      vertex 23.4538 55.5721 12.9
      vertex 23.2023 56.6044 12.9
    endloop
  endfacet
  facet normal 0 0 1
    outer loop
      vertex 24.1175 43.7714 12.9
      vertex 16.1677 44.6656 12.9
      vertex 23.9887 42.7466 12.9
    endloop
  endfacet
  facet normal 0 0 1
    outer loop
      vertex 16.3484 47.9765 12.9
      vertex 23.2023 56.6044 12.9
      vertex 22.9273 57.6178 12.9
    endloop
  endfacet
  facet normal -0 0 1
    outer loop
      vertex 16.0644 43.8442 12.9
      vertex 23.9887 42.7466 12.9
      vertex 16.1677 44.6656 12.9
    endloop
  endfacet
  facet normal -0 0 1
    outer loop
      vertex 15.941 43.026 12.9
      vertex 23.8373 41.7426 12.9
      vertex 16.0644 43.8442 12.9
    endloop
  endfacet
  facet normal 0 0 1
    outer loop
      vertex 16.3484 47.9765 12.9
      vertex 22.9273 57.6178 12.9
      vertex 22.632 58.6105 12.9
    endloop
  endfacet
  facet normal 0 0 1
    outer loop
      vertex 23.8373 41.7426 12.9
      vertex 15.941 43.026 12.9
      vertex 23.6668 40.7609 12.9
    endloop
  endfacet
  facet normal 0 0 1
    outer loop
      vertex 16.3484 47.9765 12.9
      vertex 22.632 58.6105 12.9
      vertex 22.3199 59.5816 12.9
    endloop
  endfacet
  facet normal -0 0 1
    outer loop
      vertex 15.7994 42.2114 12.9
      vertex 23.6668 40.7609 12.9
      vertex 15.941 43.026 12.9
    endloop
  endfacet
  facet normal 0 0 1
    outer loop
      vertex 23.6668 40.7609 12.9
      vertex 15.7994 42.2114 12.9
      vertex 23.4805 39.8028 12.9
    endloop
  endfacet
  facet normal 0 0 1
    outer loop
      vertex 16.3484 47.9765 12.9
      vertex 22.3199 59.5816 12.9
      vertex 21.9943 60.5302 12.9
    endloop
  endfacet
  facet normal -0 0 1
    outer loop
      vertex 15.6417 41.4004 12.9
      vertex 23.4805 39.8028 12.9
      vertex 15.7994 42.2114 12.9
    endloop
  endfacet
  facet normal 0 0 1
    outer loop
      vertex 16.3484 47.9765 12.9
      vertex 21.9943 60.5302 12.9
      vertex 21.6588 61.4558 12.9
    endloop
  endfacet
  facet normal 0 0 1
    outer loop
      vertex 23.4805 39.8028 12.9
      vertex 15.6417 41.4004 12.9
      vertex 23.2821 38.8693 12.9
    endloop
  endfacet
  facet normal -0 0 1
    outer loop
      vertex 15.4701 40.5934 12.9
      vertex 23.2821 38.8693 12.9
      vertex 15.6417 41.4004 12.9
    endloop
  endfacet
  facet normal 0 0 1
    outer loop
      vertex 16.3484 47.9765 12.9
      vertex 21.6588 61.4558 12.9
      vertex 21.3167 62.3581 12.9
    endloop
  endfacet
  facet normal 0 0 1
    outer loop
      vertex 23.2821 38.8693 12.9
      vertex 15.4701 40.5934 12.9
      vertex 23.0748 37.9609 12.9
    endloop
  endfacet
  facet normal -0 0 1
    outer loop
      vertex 15.2868 39.7903 12.9
      vertex 23.0748 37.9609 12.9
      vertex 15.4701 40.5934 12.9
    endloop
  endfacet
  facet normal 0 0 1
    outer loop
      vertex 23.0748 37.9609 12.9
      vertex 15.2868 39.7903 12.9
      vertex 22.8621 37.0782 12.9
    endloop
  endfacet
  facet normal 0 0 1
    outer loop
      vertex 16.3484 47.9765 12.9
      vertex 21.3167 62.3581 12.9
      vertex 20.9712 63.2368 12.9
    endloop
  endfacet
  facet normal -0 0 1
    outer loop
      vertex 15.0942 38.9913 12.9
      vertex 22.8621 37.0782 12.9
      vertex 15.2868 39.7903 12.9
    endloop
  endfacet
  facet normal 0 0 1
    outer loop
      vertex 22.8621 37.0782 12.9
      vertex 15.0942 38.9913 12.9
      vertex 22.6471 36.2212 12.9
    endloop
  endfacet
  facet normal -0 0 1
    outer loop
      vertex 14.8947 38.1963 12.9
      vertex 22.6471 36.2212 12.9
      vertex 15.0942 38.9913 12.9
    endloop
  endfacet
  facet normal 0 0 1
    outer loop
      vertex 22.6471 36.2212 12.9
      vertex 14.8947 38.1963 12.9
      vertex 22.4326 35.39 12.9
    endloop
  endfacet
  facet normal 0 0 1
    outer loop
      vertex 16.3484 47.9765 12.9
      vertex 20.9712 63.2368 12.9
      vertex 20.6256 64.0921 12.9
    endloop
  endfacet
  facet normal -0 0 1
    outer loop
      vertex 14.6907 37.4054 12.9
      vertex 22.4326 35.39 12.9
      vertex 14.8947 38.1963 12.9
    endloop
  endfacet
  facet normal 0 0 1
    outer loop
      vertex 22.4326 35.39 12.9
      vertex 14.6907 37.4054 12.9
      vertex 22.2216 34.5846 12.9
    endloop
  endfacet
  facet normal -0 0 1
    outer loop
      vertex 14.4845 36.6186 12.9
      vertex 22.2216 34.5846 12.9
      vertex 14.6907 37.4054 12.9
    endloop
  endfacet
  facet normal 0 0 1
    outer loop
      vertex 22.2216 34.5846 12.9
      vertex 14.4845 36.6186 12.9
      vertex 22.0164 33.8049 12.9
    endloop
  endfacet
  facet normal 0 0 1
    outer loop
      vertex 16.3484 47.9765 12.9
      vertex 20.6256 64.0921 12.9
      vertex 20.2829 64.9237 12.9
    endloop
  endfacet
  facet normal -0 0 1
    outer loop
      vertex 14.2785 35.8358 12.9
      vertex 22.0164 33.8049 12.9
      vertex 14.4845 36.6186 12.9
    endloop
  endfacet
  facet normal 0 0 1
    outer loop
      vertex 16.3484 47.9765 12.9
      vertex 20.2829 64.9237 12.9
      vertex 19.9459 65.7318 12.9
    endloop
  endfacet
  facet normal 0 0 1
    outer loop
      vertex 16.3484 47.9765 12.9
      vertex 19.9459 65.7318 12.9
      vertex 19.6174 66.5164 12.9
    endloop
  endfacet
  facet normal 0 0 1
    outer loop
      vertex 16.3484 47.9765 12.9
      vertex 19.6174 66.5164 12.9
      vertex 19.2998 67.2775 12.9
    endloop
  endfacet
  facet normal 0 0 1
    outer loop
      vertex 16.3484 47.9765 12.9
      vertex 19.2998 67.2775 12.9
      vertex 18.9953 68.015 12.9
    endloop
  endfacet
  facet normal 0 0 1
    outer loop
      vertex 23.9887 42.7466 12.9
      vertex 16.0644 43.8442 12.9
      vertex 23.8373 41.7426 12.9
    endloop
  endfacet
  facet normal 0 0 1
    outer loop
      vertex 16.3484 47.9765 12.9
      vertex 18.9953 68.015 12.9
      vertex 18.706 68.7289 12.9
    endloop
  endfacet
  facet normal 0 0 1
    outer loop
      vertex 16.3484 47.9765 12.9
      vertex 18.706 68.7289 12.9
      vertex 18.4337 69.4194 12.9
    endloop
  endfacet
  facet normal 0 0 1
    outer loop
      vertex 16.3484 47.9765 12.9
      vertex 18.4337 69.4194 12.9
      vertex 18.1796 70.0863 12.9
    endloop
  endfacet
  facet normal 0 0 1
    outer loop
      vertex 16.3484 47.9765 12.9
      vertex 18.1796 70.0863 12.9
      vertex 17.945 70.7298 12.9
    endloop
  endfacet
  facet normal 0 0 1
    outer loop
      vertex 16.3484 47.9765 12.9
      vertex 17.945 70.7298 12.9
      vertex 17.7306 71.3503 12.9
    endloop
  endfacet
  facet normal 0 0 1
    outer loop
      vertex 16.3484 47.9765 12.9
      vertex 17.7306 71.3503 12.9
      vertex 17.5368 71.9482 12.9
    endloop
  endfacet
  facet normal 0 0 1
    outer loop
      vertex 22.0164 33.8049 12.9
      vertex 14.2785 35.8358 12.9
      vertex 21.8194 33.0505 12.9
    endloop
  endfacet
  facet normal 0 0 1
    outer loop
      vertex 16.3484 47.9765 12.9
      vertex 17.5368 71.9482 12.9
      vertex 17.3638 72.5244 12.9
    endloop
  endfacet
  facet normal 0 0 1
    outer loop
      vertex 16.3484 47.9765 12.9
      vertex 17.3638 72.5244 12.9
      vertex 17.2114 73.0798 12.9
    endloop
  endfacet
  facet normal 0 0 1
    outer loop
      vertex 16.3484 47.9765 12.9
      vertex 17.2114 73.0798 12.9
      vertex 17.079 73.6161 12.9
    endloop
  endfacet
  facet normal 0 0 1
    outer loop
      vertex 16.3484 47.9765 12.9
      vertex 17.079 73.6161 12.9
      vertex 16.966 74.135 12.9
    endloop
  endfacet
  facet normal 0 0 1
    outer loop
      vertex 16.3484 47.9765 12.9
      vertex 16.966 74.135 12.9
      vertex 16.8717 74.639 12.9
    endloop
  endfacet
  facet normal 0 0 1
    outer loop
      vertex 16.3484 47.9765 12.9
      vertex 16.8717 74.639 12.9
      vertex 16.795 75.1309 12.9
    endloop
  endfacet
  facet normal 0 0 1
    outer loop
      vertex 16.3484 47.9765 12.9
      vertex 16.795 75.1309 12.9
      vertex 16.7354 75.6137 12.9
    endloop
  endfacet
  facet normal 0 0 1
    outer loop
      vertex 16.3484 47.9765 12.9
      vertex 16.7354 75.6137 12.9
      vertex 16.6919 76.0911 12.9
    endloop
  endfacet
  facet normal 0 0 1
    outer loop
      vertex 16.3484 47.9765 12.9
      vertex 16.6641 76.5668 12.9
      vertex 16.6517 77.0445 12.9
    endloop
  endfacet
  facet normal 0 0 1
    outer loop
      vertex 16.3484 47.9765 12.9
      vertex 16.6919 76.0911 12.9
      vertex 16.6641 76.5668 12.9
    endloop
  endfacet
  facet normal -0 0 1
    outer loop
      vertex 14.0751 35.0571 12.9
      vertex 21.8194 33.0505 12.9
      vertex 14.2785 35.8358 12.9
    endloop
  endfacet
  facet normal 0 0 1
    outer loop
      vertex 21.8194 33.0505 12.9
      vertex 14.0751 35.0571 12.9
      vertex 21.6323 32.3212 12.9
    endloop
  endfacet
  facet normal -0 0 1
    outer loop
      vertex 13.8764 34.2823 12.9
      vertex 21.6323 32.3212 12.9
      vertex 14.0751 35.0571 12.9
    endloop
  endfacet
  facet normal 0 0 1
    outer loop
      vertex 21.6323 32.3212 12.9
      vertex 13.8764 34.2823 12.9
      vertex 21.457 31.6165 12.9
    endloop
  endfacet
  facet normal -0 0 1
    outer loop
      vertex 13.6847 33.5114 12.9
      vertex 21.457 31.6165 12.9
      vertex 13.8764 34.2823 12.9
    endloop
  endfacet
  facet normal 0 0 1
    outer loop
      vertex 21.457 31.6165 12.9
      vertex 13.6847 33.5114 12.9
      vertex 21.2948 30.936 12.9
    endloop
  endfacet
  facet normal -0 0 1
    outer loop
      vertex 13.5018 32.7443 12.9
      vertex 21.2948 30.936 12.9
      vertex 13.6847 33.5114 12.9
    endloop
  endfacet
  facet normal 0 0 1
    outer loop
      vertex 21.2948 30.936 12.9
      vertex 13.5018 32.7443 12.9
      vertex 21.1467 30.2787 12.9
    endloop
  endfacet
  facet normal -0 0 1
    outer loop
      vertex 13.3298 31.9808 12.9
      vertex 21.1467 30.2787 12.9
      vertex 13.5018 32.7443 12.9
    endloop
  endfacet
  facet normal 0 0 1
    outer loop
      vertex 21.1467 30.2787 12.9
      vertex 13.3298 31.9808 12.9
      vertex 21.0135 29.6439 12.9
    endloop
  endfacet
  facet normal -0 0 1
    outer loop
      vertex 13.1704 31.221 12.9
      vertex 21.0135 29.6439 12.9
      vertex 13.3298 31.9808 12.9
    endloop
  endfacet
  facet normal 0 0 1
    outer loop
      vertex 21.0135 29.6439 12.9
      vertex 13.1704 31.221 12.9
      vertex 20.8956 29.0303 12.9
    endloop
  endfacet
  facet normal -0 0 1
    outer loop
      vertex 13.0252 30.4644 12.9
      vertex 20.8956 29.0303 12.9
      vertex 13.1704 31.221 12.9
    endloop
  endfacet
  facet normal 0 0 1
    outer loop
      vertex 20.8956 29.0303 12.9
      vertex 13.0252 30.4644 12.9
      vertex 20.7934 28.4365 12.9
    endloop
  endfacet
  facet normal -0 0 1
    outer loop
      vertex 12.8956 29.711 12.9
      vertex 20.7934 28.4365 12.9
      vertex 13.0252 30.4644 12.9
    endloop
  endfacet
  facet normal 0 0 1
    outer loop
      vertex 20.7934 28.4365 12.9
      vertex 12.8956 29.711 12.9
      vertex 20.7067 27.8606 12.9
    endloop
  endfacet
  facet normal -0 0 1
    outer loop
      vertex 12.7827 28.9604 12.9
      vertex 20.7067 27.8606 12.9
      vertex 12.8956 29.711 12.9
    endloop
  endfacet
  facet normal 0 0 1
    outer loop
      vertex 20.7067 27.8606 12.9
      vertex 12.7827 28.9604 12.9
      vertex 20.6356 27.3007 12.9
    endloop
  endfacet
  facet normal -0 0 1
    outer loop
      vertex 12.6877 28.2124 12.9
      vertex 20.6356 27.3007 12.9
      vertex 12.7827 28.9604 12.9
    endloop
  endfacet
  facet normal 0 0 1
    outer loop
      vertex 20.6356 27.3007 12.9
      vertex 12.6877 28.2124 12.9
      vertex 20.5797 26.7543 12.9
    endloop
  endfacet
  facet normal -0 0 1
    outer loop
      vertex 13.8281 23.1 12.9
      vertex 20.1 1.9 12.9
      vertex 20.1 23.1 12.9
    endloop
  endfacet
  facet normal -0 0 1
    outer loop
      vertex 12.6115 27.4665 12.9
      vertex 20.5797 26.7543 12.9
      vertex 12.6877 28.2124 12.9
    endloop
  endfacet
  facet normal 0 0 1
    outer loop
      vertex 20.5797 26.7543 12.9
      vertex 12.6115 27.4665 12.9
      vertex 20.5388 26.2185 12.9
    endloop
  endfacet
  facet normal -0 0 1
    outer loop
      vertex 12.5546 26.7222 12.9
      vertex 20.5388 26.2185 12.9
      vertex 12.6115 27.4665 12.9
    endloop
  endfacet
  facet normal 0 0 1
    outer loop
      vertex 20.5388 26.2185 12.9
      vertex 12.5546 26.7222 12.9
      vertex 20.5125 25.6904 12.9
    endloop
  endfacet
  facet normal -0 0 1
    outer loop
      vertex 12.5177 25.9792 12.9
      vertex 20.5125 25.6904 12.9
      vertex 12.5546 26.7222 12.9
    endloop
  endfacet
  facet normal 0 -0 1
    outer loop
      vertex 13.8281 23.1 12.9
      vertex 20.5125 25.6904 12.9
      vertex 12.5177 25.9792 12.9
    endloop
  endfacet
  facet normal 0 0 1
    outer loop
      vertex 20.5007 25.1667 12.9
      vertex 13.8281 23.1 12.9
      vertex 20.5033 24.6442 12.9
    endloop
  endfacet
  facet normal 0 0 1
    outer loop
      vertex 20.5033 24.6442 12.9
      vertex 13.8281 23.1 12.9
      vertex 20.5203 24.1193 12.9
    endloop
  endfacet
  facet normal 0 0 1
    outer loop
      vertex 20.5203 24.1193 12.9
      vertex 13.8281 23.1 12.9
      vertex 20.5519 23.5888 12.9
    endloop
  endfacet
  facet normal -0 0 1
    outer loop
      vertex 12.5675 23.1 12.9
      vertex 20.1 1.9 12.9
      vertex 13.8281 23.1 12.9
    endloop
  endfacet
  facet normal -0 0 1
    outer loop
      vertex 9.5625 23.1 12.9
      vertex 20.1 1.9 12.9
      vertex 12.5675 23.1 12.9
    endloop
  endfacet
  facet normal -0 0 1
    outer loop
      vertex 3.63892 38.6284 12.9
      vertex 11.3768 36.5975 12.9
      vertex 3.84598 39.4154 12.9
    endloop
  endfacet
  facet normal 0 0 1
    outer loop
      vertex 11.3768 36.5975 12.9
      vertex 3.63892 38.6284 12.9
      vertex 11.171 35.8096 12.9
    endloop
  endfacet
  facet normal 0 0 1
    outer loop
      vertex 5.33794 48.3826 12.9
      vertex 9.14127 63.0579 12.9
      vertex 8.81494 63.8485 12.9
    endloop
  endfacet
  facet normal 0 0 1
    outer loop
      vertex 5.33794 48.3826 12.9
      vertex 8.81494 63.8485 12.9
      vertex 8.49315 64.6428 12.9
    endloop
  endfacet
  facet normal 0 0 1
    outer loop
      vertex 5.33794 48.3826 12.9
      vertex 8.49315 64.6428 12.9
      vertex 8.17838 65.4408 12.9
    endloop
  endfacet
  facet normal 0 0 1
    outer loop
      vertex 9.14127 63.0579 12.9
      vertex 5.34869 47.9044 12.9
      vertex 5.34415 47.4201 12.9
    endloop
  endfacet
  facet normal 0 0 1
    outer loop
      vertex 5.33794 48.3826 12.9
      vertex 8.17838 65.4408 12.9
      vertex 7.87303 66.2425 12.9
    endloop
  endfacet
  facet normal 0 0 1
    outer loop
      vertex 5.33794 48.3826 12.9
      vertex 7.87303 66.2425 12.9
      vertex 7.57948 67.0479 12.9
    endloop
  endfacet
  facet normal 0 0 1
    outer loop
      vertex 5.33794 48.3826 12.9
      vertex 7.57948 67.0479 12.9
      vertex 7.30003 67.857 12.9
    endloop
  endfacet
  facet normal 0 0 1
    outer loop
      vertex 5.33794 48.3826 12.9
      vertex 7.30003 67.857 12.9
      vertex 7.03682 68.6696 12.9
    endloop
  endfacet
  facet normal 0 0 1
    outer loop
      vertex 5.33794 48.3826 12.9
      vertex 7.03682 68.6696 12.9
      vertex 6.79189 69.4856 12.9
    endloop
  endfacet
  facet normal 0 0 1
    outer loop
      vertex 9.14127 63.0579 12.9
      vertex 5.33794 48.3826 12.9
      vertex 5.34869 47.9044 12.9
    endloop
  endfacet
  facet normal 0 0 1
    outer loop
      vertex 5.33794 48.3826 12.9
      vertex 6.79189 69.4856 12.9
      vertex 6.56712 70.3049 12.9
    endloop
  endfacet
  facet normal 0 0 1
    outer loop
      vertex 5.33794 48.3826 12.9
      vertex 6.56712 70.3049 12.9
      vertex 6.36426 71.1273 12.9
    endloop
  endfacet
  facet normal 0 0 1
    outer loop
      vertex 5.33794 48.3826 12.9
      vertex 6.36426 71.1273 12.9
      vertex 6.18477 71.9524 12.9
    endloop
  endfacet
  facet normal 0 0 1
    outer loop
      vertex 5.33794 48.3826 12.9
      vertex 6.18477 71.9524 12.9
      vertex 6.02994 72.7798 12.9
    endloop
  endfacet
  facet normal 0 0 1
    outer loop
      vertex 5.33794 48.3826 12.9
      vertex 6.02994 72.7798 12.9
      vertex 5.90083 73.6092 12.9
    endloop
  endfacet
  facet normal 0 0 1
    outer loop
      vertex 5.33794 48.3826 12.9
      vertex 5.90083 73.6092 12.9
      vertex 5.79817 74.4399 12.9
    endloop
  endfacet
  facet normal 0 0 1
    outer loop
      vertex 5.33794 48.3826 12.9
      vertex 5.79817 74.4399 12.9
      vertex 5.72247 75.2716 12.9
    endloop
  endfacet
  facet normal 0 0 1
    outer loop
      vertex -2.31902 75.7665 12.9
      vertex 5.67389 76.1035 12.9
      vertex 5.65228 76.9351 12.9
    endloop
  endfacet
  facet normal 0 0 1
    outer loop
      vertex 5.33794 48.3826 12.9
      vertex 5.72247 75.2716 12.9
      vertex 5.67389 76.1035 12.9
    endloop
  endfacet
  facet normal 0 0 1
    outer loop
      vertex 5.32416 46.9259 12.9
      vertex 9.14127 63.0579 12.9
      vertex 5.34415 47.4201 12.9
    endloop
  endfacet
  facet normal 0 0 1
    outer loop
      vertex 11.171 35.8096 12.9
      vertex 3.42674 37.8161 12.9
      vertex 10.968 35.0177 12.9
    endloop
  endfacet
  facet normal -0 0 1
    outer loop
      vertex 3.21205 36.9788 12.9
      vertex 10.968 35.0177 12.9
      vertex 3.42674 37.8161 12.9
    endloop
  endfacet
  facet normal 0 0 1
    outer loop
      vertex 10.968 35.0177 12.9
      vertex 3.21205 36.9788 12.9
      vertex 10.77 34.2219 12.9
    endloop
  endfacet
  facet normal -0 0 1
    outer loop
      vertex 2.99768 36.1168 12.9
      vertex 10.77 34.2219 12.9
      vertex 3.21205 36.9788 12.9
    endloop
  endfacet
  facet normal 0 0 1
    outer loop
      vertex 10.77 34.2219 12.9
      vertex 2.99768 36.1168 12.9
      vertex 10.5795 33.4224 12.9
    endloop
  endfacet
  facet normal -0 0 1
    outer loop
      vertex 2.78654 35.2307 12.9
      vertex 10.5795 33.4224 12.9
      vertex 2.99768 36.1168 12.9
    endloop
  endfacet
  facet normal 0 0 1
    outer loop
      vertex 10.5795 33.4224 12.9
      vertex 2.78654 35.2307 12.9
      vertex 10.3986 32.6191 12.9
    endloop
  endfacet
  facet normal -0 0 1
    outer loop
      vertex 2.58173 34.3213 12.9
      vertex 10.3986 32.6191 12.9
      vertex 2.78654 35.2307 12.9
    endloop
  endfacet
  facet normal 0 0 1
    outer loop
      vertex 10.3986 32.6191 12.9
      vertex 2.58173 34.3213 12.9
      vertex 10.2293 31.8124 12.9
    endloop
  endfacet
  facet normal -0 0 1
    outer loop
      vertex 2.38632 33.3895 12.9
      vertex 10.2293 31.8124 12.9
      vertex 2.58173 34.3213 12.9
    endloop
  endfacet
  facet normal 0 0 1
    outer loop
      vertex 10.2293 31.8124 12.9
      vertex 2.38632 33.3895 12.9
      vertex 10.0738 31.0022 12.9
    endloop
  endfacet
  facet normal -0 0 1
    outer loop
      vertex 2.20341 32.4364 12.9
      vertex 10.0738 31.0022 12.9
      vertex 2.38632 33.3895 12.9
    endloop
  endfacet
  facet normal 0 0 1
    outer loop
      vertex 10.0738 31.0022 12.9
      vertex 2.20341 32.4364 12.9
      vertex 9.93388 30.189 12.9
    endloop
  endfacet
  facet normal -0 0 1
    outer loop
      vertex 2.03607 31.4635 12.9
      vertex 9.93388 30.189 12.9
      vertex 2.20341 32.4364 12.9
    endloop
  endfacet
  facet normal 0 0 1
    outer loop
      vertex 9.93388 30.189 12.9
      vertex 2.03607 31.4635 12.9
      vertex 9.8112 29.3729 12.9
    endloop
  endfacet
  facet normal -0 0 1
    outer loop
      vertex 1.88716 30.4727 12.9
      vertex 9.8112 29.3729 12.9
      vertex 2.03607 31.4635 12.9
    endloop
  endfacet
  facet normal 0 0 1
    outer loop
      vertex 9.8112 29.3729 12.9
      vertex 1.88716 30.4727 12.9
      vertex 9.70729 28.5543 12.9
    endloop
  endfacet
  facet normal -0 0 1
    outer loop
      vertex 1.7594 29.4659 12.9
      vertex 9.70729 28.5543 12.9
      vertex 1.88716 30.4727 12.9
    endloop
  endfacet
  facet normal 0 0 1
    outer loop
      vertex 9.70729 28.5543 12.9
      vertex 1.7594 29.4659 12.9
      vertex 9.62341 27.7335 12.9
    endloop
  endfacet
  facet normal -0 0 1
    outer loop
      vertex 1.65517 28.4457 12.9
      vertex 9.62341 27.7335 12.9
      vertex 1.7594 29.4659 12.9
    endloop
  endfacet
  facet normal 0 0 1
    outer loop
      vertex 9.62341 27.7335 12.9
      vertex 1.65517 28.4457 12.9
      vertex 9.56061 26.9111 12.9
    endloop
  endfacet
  facet normal -0 0 1
    outer loop
      vertex 1.57649 27.4148 12.9
      vertex 9.56061 26.9111 12.9
      vertex 1.65517 28.4457 12.9
    endloop
  endfacet
  facet normal 0 0 1
    outer loop
      vertex 9.56061 26.9111 12.9
      vertex 1.57649 27.4148 12.9
      vertex 9.51968 26.0875 12.9
    endloop
  endfacet
  facet normal -0 0 1
    outer loop
      vertex 1.5249 26.3763 12.9
      vertex 9.51968 26.0875 12.9
      vertex 1.57649 27.4148 12.9
    endloop
  endfacet
  facet normal 0 0 1
    outer loop
      vertex 9.51968 26.0875 12.9
      vertex 1.5249 26.3763 12.9
      vertex 9.50116 25.2631 12.9
    endloop
  endfacet
  facet normal 0 0 1
    outer loop
      vertex 9.5625 23.1 12.9
      vertex 1.9 1.9 12.9
      vertex 20.1 1.9 12.9
    endloop
  endfacet
  facet normal 0 0 1
    outer loop
      vertex 5.32416 46.9259 12.9
      vertex 13.3485 47.9568 12.9
      vertex 13.3319 48.692 12.9
    endloop
  endfacet
  facet normal 0 0 1
    outer loop
      vertex 13.3485 47.9568 12.9
      vertex 5.32416 46.9259 12.9
      vertex 13.3416 47.2207 12.9
    endloop
  endfacet
  facet normal 0 0 1
    outer loop
      vertex 5.32416 46.9259 12.9
      vertex 13.3319 48.692 12.9
      vertex 13.2916 49.4267 12.9
    endloop
  endfacet
  facet normal 0 0 1
    outer loop
      vertex 13.3416 47.2207 12.9
      vertex 5.32416 46.9259 12.9
      vertex 13.3119 46.483 12.9
    endloop
  endfacet
  facet normal 0 0 1
    outer loop
      vertex 5.32416 46.9259 12.9
      vertex 13.2916 49.4267 12.9
      vertex 13.2272 50.1617 12.9
    endloop
  endfacet
  facet normal 0 0 1
    outer loop
      vertex 13.3119 46.483 12.9
      vertex 5.32416 46.9259 12.9
      vertex 13.2599 45.7433 12.9
    endloop
  endfacet
  facet normal 0 0 1
    outer loop
      vertex 5.32416 46.9259 12.9
      vertex 13.2272 50.1617 12.9
      vertex 13.1388 50.8975 12.9
    endloop
  endfacet
  facet normal -0 0 1
    outer loop
      vertex 5.28844 46.4186 12.9
      vertex 13.2599 45.7433 12.9
      vertex 5.32416 46.9259 12.9
    endloop
  endfacet
  facet normal 0 0 1
    outer loop
      vertex 5.32416 46.9259 12.9
      vertex 13.1388 50.8975 12.9
      vertex 13.0266 51.6346 12.9
    endloop
  endfacet
  facet normal 0 0 1
    outer loop
      vertex 5.32416 46.9259 12.9
      vertex 13.0266 51.6346 12.9
      vertex 12.8907 52.3736 12.9
    endloop
  endfacet
  facet normal 0 0 1
    outer loop
      vertex 5.32416 46.9259 12.9
      vertex 12.8907 52.3736 12.9
      vertex 12.7318 53.1149 12.9
    endloop
  endfacet
  facet normal 0 0 1
    outer loop
      vertex 13.2599 45.7433 12.9
      vertex 5.28844 46.4186 12.9
      vertex 13.1865 45.001 12.9
    endloop
  endfacet
  facet normal 0 0 1
    outer loop
      vertex 5.32416 46.9259 12.9
      vertex 12.7318 53.1149 12.9
      vertex 12.5505 53.8589 12.9
    endloop
  endfacet
  facet normal -0 0 1
    outer loop
      vertex 5.23663 45.8953 12.9
      vertex 13.1865 45.001 12.9
      vertex 5.28844 46.4186 12.9
    endloop
  endfacet
  facet normal 0 0 1
    outer loop
      vertex 5.32416 46.9259 12.9
      vertex 12.5505 53.8589 12.9
      vertex 12.3477 54.606 12.9
    endloop
  endfacet
  facet normal 0 0 1
    outer loop
      vertex 5.32416 46.9259 12.9
      vertex 12.3477 54.606 12.9
      vertex 12.1244 55.3562 12.9
    endloop
  endfacet
  facet normal 0 0 1
    outer loop
      vertex 13.1865 45.001 12.9
      vertex 5.23663 45.8953 12.9
      vertex 13.0927 44.2558 12.9
    endloop
  endfacet
  facet normal 0 0 1
    outer loop
      vertex 5.32416 46.9259 12.9
      vertex 12.1244 55.3562 12.9
      vertex 11.8821 56.1099 12.9
    endloop
  endfacet
  facet normal -0 0 1
    outer loop
      vertex 5.1684 45.3534 12.9
      vertex 13.0927 44.2558 12.9
      vertex 5.23663 45.8953 12.9
    endloop
  endfacet
  facet normal 0 0 1
    outer loop
      vertex 5.32416 46.9259 12.9
      vertex 11.8821 56.1099 12.9
      vertex 11.6222 56.8671 12.9
    endloop
  endfacet
  facet normal 0 0 1
    outer loop
      vertex 13.0927 44.2558 12.9
      vertex 5.1684 45.3534 12.9
      vertex 12.9798 43.5073 12.9
    endloop
  endfacet
  facet normal 0 0 1
    outer loop
      vertex 5.32416 46.9259 12.9
      vertex 11.6222 56.8671 12.9
      vertex 11.3463 57.628 12.9
    endloop
  endfacet
  facet normal -0 0 1
    outer loop
      vertex 5.08345 44.7907 12.9
      vertex 12.9798 43.5073 12.9
      vertex 5.1684 45.3534 12.9
    endloop
  endfacet
  facet normal 0 0 1
    outer loop
      vertex 5.32416 46.9259 12.9
      vertex 11.3463 57.628 12.9
      vertex 11.0563 58.3926 12.9
    endloop
  endfacet
  facet normal 0 0 1
    outer loop
      vertex 12.9798 43.5073 12.9
      vertex 5.08345 44.7907 12.9
      vertex 12.8491 42.7553 12.9
    endloop
  endfacet
  facet normal 0 0 1
    outer loop
      vertex 5.32416 46.9259 12.9
      vertex 11.0563 58.3926 12.9
      vertex 10.7543 59.1608 12.9
    endloop
  endfacet
  facet normal -0 0 1
    outer loop
      vertex 4.98172 44.2058 12.9
      vertex 12.8491 42.7553 12.9
      vertex 5.08345 44.7907 12.9
    endloop
  endfacet
  facet normal 0 0 1
    outer loop
      vertex 5.32416 46.9259 12.9
      vertex 10.7543 59.1608 12.9
      vertex 10.4423 59.9328 12.9
    endloop
  endfacet
  facet normal 0 0 1
    outer loop
      vertex 5.32416 46.9259 12.9
      vertex 10.4423 59.9328 12.9
      vertex 10.1226 60.7085 12.9
    endloop
  endfacet
  facet normal 0 0 1
    outer loop
      vertex 12.8491 42.7553 12.9
      vertex 4.98172 44.2058 12.9
      vertex 12.7021 41.9996 12.9
    endloop
  endfacet
  facet normal 0 0 1
    outer loop
      vertex 5.32416 46.9259 12.9
      vertex 10.1226 60.7085 12.9
      vertex 9.79758 61.4879 12.9
    endloop
  endfacet
  facet normal -0 0 1
    outer loop
      vertex 4.8633 43.5972 12.9
      vertex 12.7021 41.9996 12.9
      vertex 4.98172 44.2058 12.9
    endloop
  endfacet
  facet normal 0 0 1
    outer loop
      vertex 5.32416 46.9259 12.9
      vertex 9.79758 61.4879 12.9
      vertex 9.46965 62.2711 12.9
    endloop
  endfacet
  facet normal 0 0 1
    outer loop
      vertex 12.7021 41.9996 12.9
      vertex 4.8633 43.5972 12.9
      vertex 12.5406 41.2399 12.9
    endloop
  endfacet
  facet normal 0 0 1
    outer loop
      vertex 5.32416 46.9259 12.9
      vertex 9.46965 62.2711 12.9
      vertex 9.14127 63.0579 12.9
    endloop
  endfacet
  facet normal -0 0 1
    outer loop
      vertex 4.72859 42.9641 12.9
      vertex 12.5406 41.2399 12.9
      vertex 4.8633 43.5972 12.9
    endloop
  endfacet
  facet normal 0 0 1
    outer loop
      vertex 12.5406 41.2399 12.9
      vertex 4.72859 42.9641 12.9
      vertex 12.3663 40.4763 12.9
    endloop
  endfacet
  facet normal -0 0 1
    outer loop
      vertex 4.57831 42.3057 12.9
      vertex 12.3663 40.4763 12.9
      vertex 4.72859 42.9641 12.9
    endloop
  endfacet
  facet normal 0 0 1
    outer loop
      vertex 12.3663 40.4763 12.9
      vertex 4.57831 42.3057 12.9
      vertex 12.1813 39.7087 12.9
    endloop
  endfacet
  facet normal -0 0 1
    outer loop
      vertex 4.41342 41.6218 12.9
      vertex 12.1813 39.7087 12.9
      vertex 4.57831 42.3057 12.9
    endloop
  endfacet
  facet normal 0 0 1
    outer loop
      vertex 12.1813 39.7087 12.9
      vertex 4.41342 41.6218 12.9
      vertex 11.9876 38.937 12.9
    endloop
  endfacet
  facet normal -0 0 1
    outer loop
      vertex 4.23528 40.9122 12.9
      vertex 11.9876 38.937 12.9
      vertex 4.41342 41.6218 12.9
    endloop
  endfacet
  facet normal 0 0 1
    outer loop
      vertex 11.9876 38.937 12.9
      vertex 4.23528 40.9122 12.9
      vertex 11.7874 38.1612 12.9
    endloop
  endfacet
  facet normal -0 0 1
    outer loop
      vertex 4.04549 40.1767 12.9
      vertex 11.7874 38.1612 12.9
      vertex 4.23528 40.9122 12.9
    endloop
  endfacet
  facet normal 0 0 1
    outer loop
      vertex 11.7874 38.1612 12.9
      vertex 4.04549 40.1767 12.9
      vertex 11.5831 37.3814 12.9
    endloop
  endfacet
  facet normal -0 0 1
    outer loop
      vertex 3.84598 39.4154 12.9
      vertex 11.5831 37.3814 12.9
      vertex 4.04549 40.1767 12.9
    endloop
  endfacet
  facet normal 0 0 1
    outer loop
      vertex 11.5831 37.3814 12.9
      vertex 3.84598 39.4154 12.9
      vertex 11.3768 36.5975 12.9
    endloop
  endfacet
  facet normal 0 0 1
    outer loop
      vertex 20.5125 25.6904 12.9
      vertex 13.8281 23.1 12.9
      vertex 20.5007 25.1667 12.9
    endloop
  endfacet
  facet normal 0 0 1
    outer loop
      vertex 13.8281 23.1 12.9
      vertex 12.5287 23.7522 12.9
      vertex 12.5675 23.1 12.9
    endloop
  endfacet
  facet normal -0 0 1
    outer loop
      vertex 12.501 25.2368 12.9
      vertex 13.8281 23.1 12.9
      vertex 12.5177 25.9792 12.9
    endloop
  endfacet
  facet normal 0 0 1
    outer loop
      vertex 13.8281 23.1 12.9
      vertex 12.5047 24.4947 12.9
      vertex 12.5287 23.7522 12.9
    endloop
  endfacet
  facet normal 0 0 1
    outer loop
      vertex 13.8281 23.1 12.9
      vertex 12.501 25.2368 12.9
      vertex 12.5047 24.4947 12.9
    endloop
  endfacet
  facet normal -0 0 1
    outer loop
      vertex 1.50146 25.3333 12.9
      vertex 9.50116 25.2631 12.9
      vertex 1.5249 26.3763 12.9
    endloop
  endfacet
  facet normal 0 0 1
    outer loop
      vertex 1.9 1.9 12.9
      vertex 9.5625 23.1 12.9
      vertex 1.9 22.2329 12.9
    endloop
  endfacet
  facet normal 0 0 1
    outer loop
      vertex 9.50116 25.2631 12.9
      vertex 1.50146 25.3333 12.9
      vertex 9.50526 24.4386 12.9
    endloop
  endfacet
  facet normal 0 -0 1
    outer loop
      vertex 1.50665 24.2892 12.9
      vertex 9.50526 24.4386 12.9
      vertex 1.50146 25.3333 12.9
    endloop
  endfacet
  facet normal 0 -0 1
    outer loop
      vertex 1.9 22.2329 12.9
      vertex 9.50526 24.4386 12.9
      vertex 1.50665 24.2892 12.9
    endloop
  endfacet
  facet normal 0 0 1
    outer loop
      vertex 1.9 22.2329 12.9
      vertex 1.54036 23.2474 12.9
      vertex 1.60188 22.2112 12.9
    endloop
  endfacet
  facet normal 0 0 1
    outer loop
      vertex 9.50526 24.4386 12.9
      vertex 1.9 22.2329 12.9
      vertex 9.53192 23.6145 12.9
    endloop
  endfacet
  facet normal 0 0 1
    outer loop
      vertex 1.9 22.2329 12.9
      vertex 1.50665 24.2892 12.9
      vertex 1.54036 23.2474 12.9
    endloop
  endfacet
  facet normal 0 0 1
    outer loop
      vertex 9.53192 23.6145 12.9
      vertex 1.9 22.2329 12.9
      vertex 9.5625 23.1 12.9
    endloop
  endfacet
  facet normal -0 0 1
    outer loop
      vertex 1.41505 98.1882 12.9
      vertex 9.38132 97.4543 12.9
      vertex 9.44025 98.1987 12.9
    endloop
  endfacet
  facet normal 0 0 1
    outer loop
      vertex 9.38132 97.4543 12.9
      vertex 1.41505 98.1882 12.9
      vertex 9.30304 96.7081 12.9
    endloop
  endfacet
  facet normal 0 0 1
    outer loop
      vertex 9.30304 96.7081 12.9
      vertex 1.35754 97.6404 12.9
      vertex 9.20612 95.9598 12.9
    endloop
  endfacet
  facet normal -0 0 1
    outer loop
      vertex 1.28477 97.0789 12.9
      vertex 9.20612 95.9598 12.9
      vertex 1.35754 97.6404 12.9
    endloop
  endfacet
  facet normal -0 0 1
    outer loop
      vertex 1.1965 96.5013 12.9
      vertex 9.09143 95.209 12.9
      vertex 1.28477 97.0789 12.9
    endloop
  endfacet
  facet normal 0 0 1
    outer loop
      vertex 9.09143 95.209 12.9
      vertex 1.1965 96.5013 12.9
      vertex 8.96005 94.4552 12.9
    endloop
  endfacet
  facet normal 0 0 1
    outer loop
      vertex 8.96005 94.4552 12.9
      vertex 1.09259 95.9054 12.9
      vertex 8.81325 93.6983 12.9
    endloop
  endfacet
  facet normal -0 0 1
    outer loop
      vertex 0.973099 95.2896 12.9
      vertex 8.81325 93.6983 12.9
      vertex 1.09259 95.9054 12.9
    endloop
  endfacet
  facet normal -0 0 1
    outer loop
      vertex 0.838272 94.6524 12.9
      vertex 8.65242 92.9381 12.9
      vertex 0.973099 95.2896 12.9
    endloop
  endfacet
  facet normal 0 0 1
    outer loop
      vertex 8.65242 92.9381 12.9
      vertex 0.838272 94.6524 12.9
      vertex 8.4792 92.1743 12.9
    endloop
  endfacet
  facet normal 0 0 1
    outer loop
      vertex 8.4792 92.1743 12.9
      vertex 0.688614 93.9928 12.9
      vertex 8.29533 91.4068 12.9
    endloop
  endfacet
  facet normal -0 0 1
    outer loop
      vertex 0.524933 93.3096 12.9
      vertex 8.29533 91.4068 12.9
      vertex 0.688614 93.9928 12.9
    endloop
  endfacet
  facet normal -0 0 1
    outer loop
      vertex 0.348312 92.6024 12.9
      vertex 8.10274 90.6355 12.9
      vertex 0.524933 93.3096 12.9
    endloop
  endfacet
  facet normal 0 0 1
    outer loop
      vertex 8.10274 90.6355 12.9
      vertex 0.348312 92.6024 12.9
      vertex 7.90346 89.8602 12.9
    endloop
  endfacet
  facet normal 0 0 1
    outer loop
      vertex 7.90346 89.8602 12.9
      vertex 0.160126 91.8704 12.9
      vertex 7.69965 89.0811 12.9
    endloop
  endfacet
  facet normal -0 0 1
    outer loop
      vertex -0.0379028 91.1134 12.9
      vertex 7.69965 89.0811 12.9
      vertex 0.160126 91.8704 12.9
    endloop
  endfacet
  facet normal -0 0 1
    outer loop
      vertex -0.24382 90.3309 12.9
      vertex 7.49355 88.2979 12.9
      vertex -0.0379028 91.1134 12.9
    endloop
  endfacet
  facet normal 0 0 1
    outer loop
      vertex -2.34732 76.8555 12.9
      vertex 5.65228 76.9351 12.9
      vertex 5.65723 77.7657 12.9
    endloop
  endfacet
  facet normal -0 0 1
    outer loop
      vertex 3.42674 37.8161 12.9
      vertex 11.171 35.8096 12.9
      vertex 3.63892 38.6284 12.9
    endloop
  endfacet
  facet normal 0 0 1
    outer loop
      vertex 5.67389 76.1035 12.9
      vertex 5.31181 48.8582 12.9
      vertex 5.33794 48.3826 12.9
    endloop
  endfacet
  facet normal 0 0 1
    outer loop
      vertex 5.67389 76.1035 12.9
      vertex 5.27003 49.3353 12.9
      vertex 5.31181 48.8582 12.9
    endloop
  endfacet
  facet normal 0 0 1
    outer loop
      vertex 5.67389 76.1035 12.9
      vertex 5.2121 49.8174 12.9
      vertex 5.27003 49.3353 12.9
    endloop
  endfacet
  facet normal 0 0 1
    outer loop
      vertex 5.67389 76.1035 12.9
      vertex 5.13731 50.3081 12.9
      vertex 5.2121 49.8174 12.9
    endloop
  endfacet
  facet normal 0 0 1
    outer loop
      vertex 5.67389 76.1035 12.9
      vertex 5.04488 50.8107 12.9
      vertex 5.13731 50.3081 12.9
    endloop
  endfacet
  facet normal 0 0 1
    outer loop
      vertex 5.67389 76.1035 12.9
      vertex 4.93393 51.3279 12.9
      vertex 5.04488 50.8107 12.9
    endloop
  endfacet
  facet normal 0 0 1
    outer loop
      vertex 5.67389 76.1035 12.9
      vertex 4.80367 51.8622 12.9
      vertex 4.93393 51.3279 12.9
    endloop
  endfacet
  facet normal 0 0 1
    outer loop
      vertex 5.67389 76.1035 12.9
      vertex 4.65338 52.4156 12.9
      vertex 4.80367 51.8622 12.9
    endloop
  endfacet
  facet normal -0 0 1
    outer loop
      vertex -2.3409 77.9387 12.9
      vertex 5.65723 77.7657 12.9
      vertex 5.68799 78.5949 12.9
    endloop
  endfacet
  facet normal 0 0 1
    outer loop
      vertex 5.67389 76.1035 12.9
      vertex 4.48257 52.9894 12.9
      vertex 4.65338 52.4156 12.9
    endloop
  endfacet
  facet normal 0 0 1
    outer loop
      vertex 5.67389 76.1035 12.9
      vertex 4.29103 53.585 12.9
      vertex 4.48257 52.9894 12.9
    endloop
  endfacet
  facet normal 0 0 1
    outer loop
      vertex 5.67389 76.1035 12.9
      vertex 4.07881 54.2031 12.9
      vertex 4.29103 53.585 12.9
    endloop
  endfacet
  facet normal 0 0 1
    outer loop
      vertex 5.67389 76.1035 12.9
      vertex 3.84631 54.8442 12.9
      vertex 4.07881 54.2031 12.9
    endloop
  endfacet
  facet normal -0 0 1
    outer loop
      vertex -2.30112 79.0124 12.9
      vertex 5.68799 78.5949 12.9
      vertex 5.74353 79.4221 12.9
    endloop
  endfacet
  facet normal 0 0 1
    outer loop
      vertex 5.67389 76.1035 12.9
      vertex 3.59427 55.5086 12.9
      vertex 3.84631 54.8442 12.9
    endloop
  endfacet
  facet normal 0 0 1
    outer loop
      vertex 5.67389 76.1035 12.9
      vertex 3.32378 56.1965 12.9
      vertex 3.59427 55.5086 12.9
    endloop
  endfacet
  facet normal -0 0 1
    outer loop
      vertex -2.22992 80.0733 12.9
      vertex 5.74353 79.4221 12.9
      vertex 5.82259 80.2468 12.9
    endloop
  endfacet
  facet normal 0 0 1
    outer loop
      vertex 5.67389 76.1035 12.9
      vertex 3.03621 56.9079 12.9
      vertex 3.32378 56.1965 12.9
    endloop
  endfacet
  facet normal 0 0 1
    outer loop
      vertex 5.67389 76.1035 12.9
      vertex 2.73328 57.6429 12.9
      vertex 3.03621 56.9079 12.9
    endloop
  endfacet
  facet normal 0 0 1
    outer loop
      vertex -2.12978 81.1185 12.9
      vertex 5.82259 80.2468 12.9
      vertex 5.92366 81.0685 12.9
    endloop
  endfacet
  facet normal 0 0 1
    outer loop
      vertex 5.67389 76.1035 12.9
      vertex 2.41695 58.4015 12.9
      vertex 2.73328 57.6429 12.9
    endloop
  endfacet
  facet normal 0 0 1
    outer loop
      vertex -2.00354 82.1453 12.9
      vertex 5.92366 81.0685 12.9
      vertex 6.04501 81.8871 12.9
    endloop
  endfacet
  facet normal 0 0 1
    outer loop
      vertex 5.67389 76.1035 12.9
      vertex 2.08945 59.1836 12.9
      vertex 2.41695 58.4015 12.9
    endloop
  endfacet
  facet normal 0 0 1
    outer loop
      vertex -1.85442 83.1516 12.9
      vertex 6.04501 81.8871 12.9
      vertex 6.18475 82.7021 12.9
    endloop
  endfacet
  facet normal 0 0 1
    outer loop
      vertex 5.67389 76.1035 12.9
      vertex 1.75325 59.9892 12.9
      vertex 2.08945 59.1836 12.9
    endloop
  endfacet
  facet normal 0 0 1
    outer loop
      vertex -1.68575 84.1358 12.9
      vertex 6.18475 82.7021 12.9
      vertex 6.34082 83.5135 12.9
    endloop
  endfacet
  facet normal 0 0 1
    outer loop
      vertex 1.41505 98.1882 12.9
      vertex 9.44025 98.1987 12.9
      vertex 1.45758 98.7249 12.9
    endloop
  endfacet
  facet normal 0 0 1
    outer loop
      vertex 9.30304 96.7081 12.9
      vertex 1.41505 98.1882 12.9
      vertex 1.35754 97.6404 12.9
    endloop
  endfacet
  facet normal 0 0 1
    outer loop
      vertex 9.20612 95.9598 12.9
      vertex 1.28477 97.0789 12.9
      vertex 9.09143 95.209 12.9
    endloop
  endfacet
  facet normal -0 0 1
    outer loop
      vertex 1.09259 95.9054 12.9
      vertex 8.96005 94.4552 12.9
      vertex 1.1965 96.5013 12.9
    endloop
  endfacet
  facet normal 0 0 1
    outer loop
      vertex 8.81325 93.6983 12.9
      vertex 0.973099 95.2896 12.9
      vertex 8.65242 92.9381 12.9
    endloop
  endfacet
  facet normal -0 0 1
    outer loop
      vertex 0.688614 93.9928 12.9
      vertex 8.4792 92.1743 12.9
      vertex 0.838272 94.6524 12.9
    endloop
  endfacet
  facet normal 0 0 1
    outer loop
      vertex 8.29533 91.4068 12.9
      vertex 0.524933 93.3096 12.9
      vertex 8.10274 90.6355 12.9
    endloop
  endfacet
  facet normal -0 0 1
    outer loop
      vertex 0.160126 91.8704 12.9
      vertex 7.90346 89.8602 12.9
      vertex 0.348312 92.6024 12.9
    endloop
  endfacet
  facet normal 0 0 1
    outer loop
      vertex 7.69965 89.0811 12.9
      vertex -0.0379028 91.1134 12.9
      vertex 7.49355 88.2979 12.9
    endloop
  endfacet
  facet normal 0 0 1
    outer loop
      vertex 7.49355 88.2979 12.9
      vertex -0.24382 90.3309 12.9
      vertex 7.28748 87.5106 12.9
    endloop
  endfacet
  facet normal -0 0 1
    outer loop
      vertex -0.455338 89.5228 12.9
      vertex 7.28748 87.5106 12.9
      vertex -0.24382 90.3309 12.9
    endloop
  endfacet
  facet normal 0 0 1
    outer loop
      vertex 7.28748 87.5106 12.9
      vertex -0.455338 89.5228 12.9
      vertex 7.08379 86.7193 12.9
    endloop
  endfacet
  facet normal -0 0 1
    outer loop
      vertex -0.669968 88.6889 12.9
      vertex 7.08379 86.7193 12.9
      vertex -0.455338 89.5228 12.9
    endloop
  endfacet
  facet normal 0 0 1
    outer loop
      vertex 7.08379 86.7193 12.9
      vertex -0.669968 88.6889 12.9
      vertex 6.8849 85.9239 12.9
    endloop
  endfacet
  facet normal -0 0 1
    outer loop
      vertex -0.884918 87.8291 12.9
      vertex 6.8849 85.9239 12.9
      vertex -0.669968 88.6889 12.9
    endloop
  endfacet
  facet normal 0 0 1
    outer loop
      vertex 6.8849 85.9239 12.9
      vertex -0.884918 87.8291 12.9
      vertex 6.69319 85.1244 12.9
    endloop
  endfacet
  facet normal 0 0 1
    outer loop
      vertex 5.67389 76.1035 12.9
      vertex 1.41101 60.8183 12.9
      vertex 1.75325 59.9892 12.9
    endloop
  endfacet
  facet normal -0 0 1
    outer loop
      vertex -1.09721 86.9436 12.9
      vertex 6.69319 85.1244 12.9
      vertex -0.884918 87.8291 12.9
    endloop
  endfacet
  facet normal 0 0 1
    outer loop
      vertex 5.67389 76.1035 12.9
      vertex 1.06558 61.671 12.9
      vertex 1.41101 60.8183 12.9
    endloop
  endfacet
  facet normal 0 0 1
    outer loop
      vertex 6.69319 85.1244 12.9
      vertex -1.09721 86.9436 12.9
      vertex 6.51106 84.3209 12.9
    endloop
  endfacet
  facet normal 0 0 1
    outer loop
      vertex 5.67389 76.1035 12.9
      vertex 0.719971 62.5473 12.9
      vertex 1.06558 61.671 12.9
    endloop
  endfacet
  facet normal -0 0 1
    outer loop
      vertex -1.30368 86.0326 12.9
      vertex 6.51106 84.3209 12.9
      vertex -1.09721 86.9436 12.9
    endloop
  endfacet
  facet normal 0 0 1
    outer loop
      vertex 5.67389 76.1035 12.9
      vertex 0.377335 63.4471 12.9
      vertex 0.719971 62.5473 12.9
    endloop
  endfacet
  facet normal 0 0 1
    outer loop
      vertex 6.51106 84.3209 12.9
      vertex -1.30368 86.0326 12.9
      vertex 6.34082 83.5135 12.9
    endloop
  endfacet
  facet normal 0 0 1
    outer loop
      vertex 5.67389 76.1035 12.9
      vertex 0.0409393 64.3702 12.9
      vertex 0.377335 63.4471 12.9
    endloop
  endfacet
  facet normal -0 0 1
    outer loop
      vertex -1.50101 85.0964 12.9
      vertex 6.34082 83.5135 12.9
      vertex -1.30368 86.0326 12.9
    endloop
  endfacet
  facet normal 0 0 1
    outer loop
      vertex 5.67389 76.1035 12.9
      vertex -0.285828 65.3163 12.9
      vertex 0.0409393 64.3702 12.9
    endloop
  endfacet
  facet normal 0 0 1
    outer loop
      vertex 5.67389 76.1035 12.9
      vertex -0.599564 66.2851 12.9
      vertex -0.285828 65.3163 12.9
    endloop
  endfacet
  facet normal -0 0 1
    outer loop
      vertex -1.68575 84.1358 12.9
      vertex 6.34082 83.5135 12.9
      vertex -1.50101 85.0964 12.9
    endloop
  endfacet
  facet normal 0 0 1
    outer loop
      vertex 5.67389 76.1035 12.9
      vertex -0.896805 67.2756 12.9
      vertex -0.599564 66.2851 12.9
    endloop
  endfacet
  facet normal 0 0 1
    outer loop
      vertex 6.18475 82.7021 12.9
      vertex -1.68575 84.1358 12.9
      vertex -1.85442 83.1516 12.9
    endloop
  endfacet
  facet normal 0 0 1
    outer loop
      vertex 5.67389 76.1035 12.9
      vertex -1.17415 68.2868 12.9
      vertex -0.896805 67.2756 12.9
    endloop
  endfacet
  facet normal 0 0 1
    outer loop
      vertex 5.67389 76.1035 12.9
      vertex -1.4283 69.3173 12.9
      vertex -1.17415 68.2868 12.9
    endloop
  endfacet
  facet normal 0 0 1
    outer loop
      vertex 6.04501 81.8871 12.9
      vertex -1.85442 83.1516 12.9
      vertex -2.00354 82.1453 12.9
    endloop
  endfacet
  facet normal 0 0 1
    outer loop
      vertex 5.67389 76.1035 12.9
      vertex -1.65617 70.365 12.9
      vertex -1.4283 69.3173 12.9
    endloop
  endfacet
  facet normal 0 0 1
    outer loop
      vertex 5.67389 76.1035 12.9
      vertex -1.85497 71.4276 12.9
      vertex -1.65617 70.365 12.9
    endloop
  endfacet
  facet normal 0 0 1
    outer loop
      vertex 5.92366 81.0685 12.9
      vertex -2.00354 82.1453 12.9
      vertex -2.12978 81.1185 12.9
    endloop
  endfacet
  facet normal 0 0 1
    outer loop
      vertex 5.67389 76.1035 12.9
      vertex -2.02226 72.5025 12.9
      vertex -1.85497 71.4276 12.9
    endloop
  endfacet
  facet normal 0 0 1
    outer loop
      vertex 5.82259 80.2468 12.9
      vertex -2.12978 81.1185 12.9
      vertex -2.22992 80.0733 12.9
    endloop
  endfacet
  facet normal 0 0 1
    outer loop
      vertex 5.67389 76.1035 12.9
      vertex -2.15614 73.5863 12.9
      vertex -2.02226 72.5025 12.9
    endloop
  endfacet
  facet normal 0 0 1
    outer loop
      vertex 5.74353 79.4221 12.9
      vertex -2.22992 80.0733 12.9
      vertex -2.30112 79.0124 12.9
    endloop
  endfacet
  facet normal 0 0 1
    outer loop
      vertex 5.67389 76.1035 12.9
      vertex -2.25529 74.6755 12.9
      vertex -2.15614 73.5863 12.9
    endloop
  endfacet
  facet normal 0 0 1
    outer loop
      vertex 5.68799 78.5949 12.9
      vertex -2.30112 79.0124 12.9
      vertex -2.3409 77.9387 12.9
    endloop
  endfacet
  facet normal 0 0 1
    outer loop
      vertex 5.67389 76.1035 12.9
      vertex -2.31902 75.7665 12.9
      vertex -2.25529 74.6755 12.9
    endloop
  endfacet
  facet normal 0 0 1
    outer loop
      vertex 5.65723 77.7657 12.9
      vertex -2.3409 77.9387 12.9
      vertex -2.34732 76.8555 12.9
    endloop
  endfacet
  facet normal 0 0 1
    outer loop
      vertex 5.65228 76.9351 12.9
      vertex -2.34732 76.8555 12.9
      vertex -2.31902 75.7665 12.9
    endloop
  endfacet
  facet normal 0 0 -1
    outer loop
      vertex 1.9 9.5 11.4
      vertex 20.1 9.5 11.4
      vertex 20.1 1.9 11.4
    endloop
  endfacet
  facet normal 0 0 -1
    outer loop
      vertex 20.1 9.5 11.4
      vertex 1.9 9.5 11.4
      vertex 20.1 15.5 11.4
    endloop
  endfacet
  facet normal 0 0 -1
    outer loop
      vertex 20.1 15.5 11.4
      vertex 13.8281 23.1 11.4
      vertex 20.1 23.1 11.4
    endloop
  endfacet
  facet normal 0 0 -1
    outer loop
      vertex 20.5007 25.1667 11.4
      vertex 13.5018 32.7443 11.4
      vertex 13.6847 33.5114 11.4
    endloop
  endfacet
  facet normal 0 0 -1
    outer loop
      vertex 20.5007 25.1667 11.4
      vertex 13.3298 31.9808 11.4
      vertex 13.5018 32.7443 11.4
    endloop
  endfacet
  facet normal 0 0 -1
    outer loop
      vertex 20.5007 25.1667 11.4
      vertex 13.1704 31.221 11.4
      vertex 13.3298 31.9808 11.4
    endloop
  endfacet
  facet normal 0 0 -1
    outer loop
      vertex 20.5007 25.1667 11.4
      vertex 13.0252 30.4644 11.4
      vertex 13.1704 31.221 11.4
    endloop
  endfacet
  facet normal 0 0 -1
    outer loop
      vertex 20.5007 25.1667 11.4
      vertex 12.8956 29.711 11.4
      vertex 13.0252 30.4644 11.4
    endloop
  endfacet
  facet normal 0 0 -1
    outer loop
      vertex 20.5007 25.1667 11.4
      vertex 12.7827 28.9604 11.4
      vertex 12.8956 29.711 11.4
    endloop
  endfacet
  facet normal 0 0 -1
    outer loop
      vertex 20.5007 25.1667 11.4
      vertex 12.6877 28.2124 11.4
      vertex 12.7827 28.9604 11.4
    endloop
  endfacet
  facet normal 0 0 -1
    outer loop
      vertex 20.5007 25.1667 11.4
      vertex 12.6115 27.4665 11.4
      vertex 12.6877 28.2124 11.4
    endloop
  endfacet
  facet normal 0 0 -1
    outer loop
      vertex 12.5287 23.7522 11.4
      vertex 13.8281 23.1 11.4
      vertex 12.5675 23.1 11.4
    endloop
  endfacet
  facet normal 0 0 -1
    outer loop
      vertex 1.9 15.5 11.4
      vertex 20.1 15.5 11.4
      vertex 1.9 9.5 11.4
    endloop
  endfacet
  facet normal 0 0 -1
    outer loop
      vertex 20.1 15.5 11.4
      vertex 12.5675 23.1 11.4
      vertex 13.8281 23.1 11.4
    endloop
  endfacet
  facet normal 0 0 -1
    outer loop
      vertex 11.171 35.8096 11.4
      vertex 9.14127 63.0579 11.4
      vertex 9.46965 62.2711 11.4
    endloop
  endfacet
  facet normal 0 0 -1
    outer loop
      vertex 1.50146 25.3333 11.4
      vertex 9.50116 25.2631 11.4
      vertex 9.50526 24.4386 11.4
    endloop
  endfacet
  facet normal 0 0 -1
    outer loop
      vertex 9.51968 26.0875 11.4
      vertex 5.32416 46.9259 11.4
      vertex 9.14127 63.0579 11.4
    endloop
  endfacet
  facet normal 0 -0 -1
    outer loop
      vertex 5.34869 47.9044 11.4
      vertex 9.14127 63.0579 11.4
      vertex 5.34415 47.4201 11.4
    endloop
  endfacet
  facet normal 0 0 -1
    outer loop
      vertex 5.33794 48.3826 11.4
      vertex 9.14127 63.0579 11.4
      vertex 5.34869 47.9044 11.4
    endloop
  endfacet
  facet normal 0 0 -1
    outer loop
      vertex 1.9 22.2329 11.4
      vertex 9.50526 24.4386 11.4
      vertex 9.53192 23.6145 11.4
    endloop
  endfacet
  facet normal 0 0 -1
    outer loop
      vertex 5.27003 49.3353 11.4
      vertex 9.14127 63.0579 11.4
      vertex 5.31181 48.8582 11.4
    endloop
  endfacet
  facet normal 0 0 -1
    outer loop
      vertex 5.2121 49.8174 11.4
      vertex 9.14127 63.0579 11.4
      vertex 5.27003 49.3353 11.4
    endloop
  endfacet
  facet normal 0 0 -1
    outer loop
      vertex 5.13731 50.3081 11.4
      vertex 9.14127 63.0579 11.4
      vertex 5.2121 49.8174 11.4
    endloop
  endfacet
  facet normal 0 0 -1
    outer loop
      vertex 4.93393 51.3279 11.4
      vertex 9.14127 63.0579 11.4
      vertex 5.04488 50.8107 11.4
    endloop
  endfacet
  facet normal 0 0 -1
    outer loop
      vertex 4.80367 51.8622 11.4
      vertex 9.14127 63.0579 11.4
      vertex 4.93393 51.3279 11.4
    endloop
  endfacet
  facet normal 0 0 -1
    outer loop
      vertex 1.9 22.2329 11.4
      vertex 9.53192 23.6145 11.4
      vertex 9.5625 23.1 11.4
    endloop
  endfacet
  facet normal 0 0 -1
    outer loop
      vertex 4.65338 52.4156 11.4
      vertex 9.14127 63.0579 11.4
      vertex 4.80367 51.8622 11.4
    endloop
  endfacet
  facet normal 0 0 -1
    outer loop
      vertex 4.48257 52.9894 11.4
      vertex 9.14127 63.0579 11.4
      vertex 4.65338 52.4156 11.4
    endloop
  endfacet
  facet normal 0 0 -1
    outer loop
      vertex 4.07881 54.2031 11.4
      vertex 9.14127 63.0579 11.4
      vertex 4.29103 53.585 11.4
    endloop
  endfacet
  facet normal 0 0 -1
    outer loop
      vertex 3.84631 54.8442 11.4
      vertex 9.14127 63.0579 11.4
      vertex 4.07881 54.2031 11.4
    endloop
  endfacet
  facet normal 0 0 -1
    outer loop
      vertex 3.59427 55.5086 11.4
      vertex 9.14127 63.0579 11.4
      vertex 3.84631 54.8442 11.4
    endloop
  endfacet
  facet normal 0 0 -1
    outer loop
      vertex 3.32378 56.1965 11.4
      vertex 9.14127 63.0579 11.4
      vertex 3.59427 55.5086 11.4
    endloop
  endfacet
  facet normal 0 0 -1
    outer loop
      vertex 3.03621 56.9079 11.4
      vertex 9.14127 63.0579 11.4
      vertex 3.32378 56.1965 11.4
    endloop
  endfacet
  facet normal 0 0 -1
    outer loop
      vertex 2.73328 57.6429 11.4
      vertex 9.14127 63.0579 11.4
      vertex 3.03621 56.9079 11.4
    endloop
  endfacet
  facet normal 0 0 -1
    outer loop
      vertex 4.29103 53.585 11.4
      vertex 9.14127 63.0579 11.4
      vertex 4.48257 52.9894 11.4
    endloop
  endfacet
  facet normal 0 0 -1
    outer loop
      vertex 5.04488 50.8107 11.4
      vertex 9.14127 63.0579 11.4
      vertex 5.13731 50.3081 11.4
    endloop
  endfacet
  facet normal 0 0 -1
    outer loop
      vertex 5.31181 48.8582 11.4
      vertex 9.14127 63.0579 11.4
      vertex 5.33794 48.3826 11.4
    endloop
  endfacet
  facet normal 0 0 -1
    outer loop
      vertex 9.14127 63.0579 11.4
      vertex 5.32416 46.9259 11.4
      vertex 5.34415 47.4201 11.4
    endloop
  endfacet
  facet normal 0 0 -1
    outer loop
      vertex 9.51968 26.0875 11.4
      vertex 5.28844 46.4186 11.4
      vertex 5.32416 46.9259 11.4
    endloop
  endfacet
  facet normal 0 0 -1
    outer loop
      vertex 9.51968 26.0875 11.4
      vertex 5.23663 45.8953 11.4
      vertex 5.28844 46.4186 11.4
    endloop
  endfacet
  facet normal 0 0 -1
    outer loop
      vertex 9.51968 26.0875 11.4
      vertex 5.1684 45.3534 11.4
      vertex 5.23663 45.8953 11.4
    endloop
  endfacet
  facet normal 0 0 -1
    outer loop
      vertex 9.51968 26.0875 11.4
      vertex 5.08345 44.7907 11.4
      vertex 5.1684 45.3534 11.4
    endloop
  endfacet
  facet normal 0 0 -1
    outer loop
      vertex 9.51968 26.0875 11.4
      vertex 4.98172 44.2058 11.4
      vertex 5.08345 44.7907 11.4
    endloop
  endfacet
  facet normal 0 0 -1
    outer loop
      vertex 9.51968 26.0875 11.4
      vertex 4.8633 43.5972 11.4
      vertex 4.98172 44.2058 11.4
    endloop
  endfacet
  facet normal 0 0 -1
    outer loop
      vertex 9.51968 26.0875 11.4
      vertex 4.72859 42.9641 11.4
      vertex 4.8633 43.5972 11.4
    endloop
  endfacet
  facet normal 0 0 -1
    outer loop
      vertex 9.51968 26.0875 11.4
      vertex 4.57831 42.3057 11.4
      vertex 4.72859 42.9641 11.4
    endloop
  endfacet
  facet normal 0 0 -1
    outer loop
      vertex 9.51968 26.0875 11.4
      vertex 4.41342 41.6218 11.4
      vertex 4.57831 42.3057 11.4
    endloop
  endfacet
  facet normal 0 0 -1
    outer loop
      vertex 9.51968 26.0875 11.4
      vertex 4.23528 40.9122 11.4
      vertex 4.41342 41.6218 11.4
    endloop
  endfacet
  facet normal 0 0 -1
    outer loop
      vertex 9.51968 26.0875 11.4
      vertex 4.04549 40.1767 11.4
      vertex 4.23528 40.9122 11.4
    endloop
  endfacet
  facet normal 0 0 -1
    outer loop
      vertex 9.51968 26.0875 11.4
      vertex 3.84598 39.4154 11.4
      vertex 4.04549 40.1767 11.4
    endloop
  endfacet
  facet normal 0 0 -1
    outer loop
      vertex 9.51968 26.0875 11.4
      vertex 3.63892 38.6284 11.4
      vertex 3.84598 39.4154 11.4
    endloop
  endfacet
  facet normal 0 0 -1
    outer loop
      vertex 9.51968 26.0875 11.4
      vertex 3.42674 37.8161 11.4
      vertex 3.63892 38.6284 11.4
    endloop
  endfacet
  facet normal 0 0 -1
    outer loop
      vertex 9.51968 26.0875 11.4
      vertex 3.21205 36.9788 11.4
      vertex 3.42674 37.8161 11.4
    endloop
  endfacet
  facet normal 0 0 -1
    outer loop
      vertex 9.51968 26.0875 11.4
      vertex 2.99768 36.1168 11.4
      vertex 3.21205 36.9788 11.4
    endloop
  endfacet
  facet normal 0 0 -1
    outer loop
      vertex 20.1 15.5 11.4
      vertex 1.9 15.5 11.4
      vertex 12.5675 23.1 11.4
    endloop
  endfacet
  facet normal 0 0 -1
    outer loop
      vertex 9.51968 26.0875 11.4
      vertex 2.78654 35.2307 11.4
      vertex 2.99768 36.1168 11.4
    endloop
  endfacet
  facet normal 0 0 -1
    outer loop
      vertex 9.51968 26.0875 11.4
      vertex 2.58173 34.3213 11.4
      vertex 2.78654 35.2307 11.4
    endloop
  endfacet
  facet normal 0 0 -1
    outer loop
      vertex 9.51968 26.0875 11.4
      vertex 2.38632 33.3895 11.4
      vertex 2.58173 34.3213 11.4
    endloop
  endfacet
  facet normal 0 0 -1
    outer loop
      vertex 9.51968 26.0875 11.4
      vertex 2.20341 32.4364 11.4
      vertex 2.38632 33.3895 11.4
    endloop
  endfacet
  facet normal 0 0 -1
    outer loop
      vertex 9.51968 26.0875 11.4
      vertex 2.03607 31.4635 11.4
      vertex 2.20341 32.4364 11.4
    endloop
  endfacet
  facet normal 0 0 -1
    outer loop
      vertex 1.9 9.5 11.4
      vertex 20.1 1.9 11.4
      vertex 1.9 1.9 11.4
    endloop
  endfacet
  facet normal -0 0 -1
    outer loop
      vertex 12.5675 23.1 11.4
      vertex 1.9 15.5 11.4
      vertex 9.5625 23.1 11.4
    endloop
  endfacet
  facet normal 0 0 -1
    outer loop
      vertex 9.5625 23.1 11.4
      vertex 1.9 15.5 11.4
      vertex 1.9 22.2329 11.4
    endloop
  endfacet
  facet normal 0 0 -1
    outer loop
      vertex 9.50526 24.4386 11.4
      vertex 1.9 22.2329 11.4
      vertex 1.50665 24.2892 11.4
    endloop
  endfacet
  facet normal 0 0 -1
    outer loop
      vertex 9.51968 26.0875 11.4
      vertex 1.88716 30.4727 11.4
      vertex 2.03607 31.4635 11.4
    endloop
  endfacet
  facet normal 0 0 -1
    outer loop
      vertex 9.51968 26.0875 11.4
      vertex 1.7594 29.4659 11.4
      vertex 1.88716 30.4727 11.4
    endloop
  endfacet
  facet normal 0 0 -1
    outer loop
      vertex 9.51968 26.0875 11.4
      vertex 1.65517 28.4457 11.4
      vertex 1.7594 29.4659 11.4
    endloop
  endfacet
  facet normal 0 0 -1
    outer loop
      vertex 1.54036 23.2474 11.4
      vertex 1.9 22.2329 11.4
      vertex 1.60188 22.2112 11.4
    endloop
  endfacet
  facet normal 0 0 -1
    outer loop
      vertex 9.51968 26.0875 11.4
      vertex 1.57649 27.4148 11.4
      vertex 1.65517 28.4457 11.4
    endloop
  endfacet
  facet normal 0 0 -1
    outer loop
      vertex 1.50665 24.2892 11.4
      vertex 1.9 22.2329 11.4
      vertex 1.54036 23.2474 11.4
    endloop
  endfacet
  facet normal 0 0 -1
    outer loop
      vertex 9.51968 26.0875 11.4
      vertex 1.5249 26.3763 11.4
      vertex 1.57649 27.4148 11.4
    endloop
  endfacet
  facet normal -0 0 -1
    outer loop
      vertex 9.50526 24.4386 11.4
      vertex 1.50665 24.2892 11.4
      vertex 1.50146 25.3333 11.4
    endloop
  endfacet
  facet normal 0 0 -1
    outer loop
      vertex 9.50116 25.2631 11.4
      vertex 1.50146 25.3333 11.4
      vertex 1.5249 26.3763 11.4
    endloop
  endfacet
  facet normal 0 0 -1
    outer loop
      vertex 13.8281 23.1 11.4
      vertex 20.5007 25.1667 11.4
      vertex 20.5033 24.6442 11.4
    endloop
  endfacet
  facet normal 0 0 -1
    outer loop
      vertex 20.5007 25.1667 11.4
      vertex 16.3407 47.146 11.4
      vertex 20.2829 64.9237 11.4
    endloop
  endfacet
  facet normal 0 -0 -1
    outer loop
      vertex 16.3484 47.9765 11.4
      vertex 20.2829 64.9237 11.4
      vertex 16.3407 47.146 11.4
    endloop
  endfacet
  facet normal 0 0 -1
    outer loop
      vertex 16.284 49.6399 11.4
      vertex 20.2829 64.9237 11.4
      vertex 16.3297 48.808 11.4
    endloop
  endfacet
  facet normal 0 0 -1
    outer loop
      vertex 16.2112 50.4716 11.4
      vertex 20.2829 64.9237 11.4
      vertex 16.284 49.6399 11.4
    endloop
  endfacet
  facet normal 0 0 -1
    outer loop
      vertex 13.8281 23.1 11.4
      vertex 20.5033 24.6442 11.4
      vertex 20.5203 24.1193 11.4
    endloop
  endfacet
  facet normal 0 0 -1
    outer loop
      vertex 16.1114 51.3025 11.4
      vertex 20.2829 64.9237 11.4
      vertex 16.2112 50.4716 11.4
    endloop
  endfacet
  facet normal 0 0 -1
    outer loop
      vertex 15.8329 52.9597 11.4
      vertex 20.2829 64.9237 11.4
      vertex 15.985 52.132 11.4
    endloop
  endfacet
  facet normal 0 0 -1
    outer loop
      vertex 15.656 53.785 11.4
      vertex 20.2829 64.9237 11.4
      vertex 15.8329 52.9597 11.4
    endloop
  endfacet
  facet normal 0 0 -1
    outer loop
      vertex 15.4555 54.6077 11.4
      vertex 20.2829 64.9237 11.4
      vertex 15.656 53.785 11.4
    endloop
  endfacet
  facet normal 0 0 -1
    outer loop
      vertex 15.233 55.4274 11.4
      vertex 20.2829 64.9237 11.4
      vertex 15.4555 54.6077 11.4
    endloop
  endfacet
  facet normal 0 0 -1
    outer loop
      vertex 14.9901 56.2438 11.4
      vertex 20.2829 64.9237 11.4
      vertex 15.233 55.4274 11.4
    endloop
  endfacet
  facet normal 0 0 -1
    outer loop
      vertex 13.8281 23.1 11.4
      vertex 20.5203 24.1193 11.4
      vertex 20.5519 23.5888 11.4
    endloop
  endfacet
  facet normal 0 0 -1
    outer loop
      vertex 14.4509 57.8662 11.4
      vertex 20.2829 64.9237 11.4
      vertex 14.7288 57.0567 11.4
    endloop
  endfacet
  facet normal 0 0 -1
    outer loop
      vertex 14.1588 58.672 11.4
      vertex 20.2829 64.9237 11.4
      vertex 14.4509 57.8662 11.4
    endloop
  endfacet
  facet normal 0 0 -1
    outer loop
      vertex 13.8546 59.4741 11.4
      vertex 20.2829 64.9237 11.4
      vertex 14.1588 58.672 11.4
    endloop
  endfacet
  facet normal 0 0 -1
    outer loop
      vertex 13.5407 60.2725 11.4
      vertex 20.2829 64.9237 11.4
      vertex 13.8546 59.4741 11.4
    endloop
  endfacet
  facet normal 0 0 -1
    outer loop
      vertex 13.2196 61.0672 11.4
      vertex 20.2829 64.9237 11.4
      vertex 13.5407 60.2725 11.4
    endloop
  endfacet
  facet normal 0 0 -1
    outer loop
      vertex 12.8936 61.8581 11.4
      vertex 20.2829 64.9237 11.4
      vertex 13.2196 61.0672 11.4
    endloop
  endfacet
  facet normal -0 0 -1
    outer loop
      vertex 20.2829 64.9237 11.4
      vertex 12.8936 61.8581 11.4
      vertex 19.9459 65.7318 11.4
    endloop
  endfacet
  facet normal 0 0 -1
    outer loop
      vertex 12.5653 62.6454 11.4
      vertex 19.9459 65.7318 11.4
      vertex 12.8936 61.8581 11.4
    endloop
  endfacet
  facet normal -0 0 -1
    outer loop
      vertex 19.9459 65.7318 11.4
      vertex 12.5653 62.6454 11.4
      vertex 19.6174 66.5164 11.4
    endloop
  endfacet
  facet normal 0 0 -1
    outer loop
      vertex 14.7288 57.0567 11.4
      vertex 20.2829 64.9237 11.4
      vertex 14.9901 56.2438 11.4
    endloop
  endfacet
  facet normal 0 0 -1
    outer loop
      vertex 15.985 52.132 11.4
      vertex 20.2829 64.9237 11.4
      vertex 16.1114 51.3025 11.4
    endloop
  endfacet
  facet normal 0 0 -1
    outer loop
      vertex 16.3297 48.808 11.4
      vertex 20.2829 64.9237 11.4
      vertex 16.3484 47.9765 11.4
    endloop
  endfacet
  facet normal 0 0 -1
    outer loop
      vertex 20.5007 25.1667 11.4
      vertex 16.3073 46.317 11.4
      vertex 16.3407 47.146 11.4
    endloop
  endfacet
  facet normal 0 0 -1
    outer loop
      vertex 20.5007 25.1667 11.4
      vertex 16.2491 45.49 11.4
      vertex 16.3073 46.317 11.4
    endloop
  endfacet
  facet normal 0 0 -1
    outer loop
      vertex 20.5007 25.1667 11.4
      vertex 16.1677 44.6656 11.4
      vertex 16.2491 45.49 11.4
    endloop
  endfacet
  facet normal 0 0 -1
    outer loop
      vertex 20.5007 25.1667 11.4
      vertex 16.0644 43.8442 11.4
      vertex 16.1677 44.6656 11.4
    endloop
  endfacet
  facet normal 0 0 -1
    outer loop
      vertex 20.5007 25.1667 11.4
      vertex 15.941 43.026 11.4
      vertex 16.0644 43.8442 11.4
    endloop
  endfacet
  facet normal 0 0 -1
    outer loop
      vertex 20.5007 25.1667 11.4
      vertex 15.7994 42.2114 11.4
      vertex 15.941 43.026 11.4
    endloop
  endfacet
  facet normal 0 0 -1
    outer loop
      vertex 20.5007 25.1667 11.4
      vertex 15.6417 41.4004 11.4
      vertex 15.7994 42.2114 11.4
    endloop
  endfacet
  facet normal 0 0 -1
    outer loop
      vertex 20.5007 25.1667 11.4
      vertex 15.4701 40.5934 11.4
      vertex 15.6417 41.4004 11.4
    endloop
  endfacet
  facet normal 0 0 -1
    outer loop
      vertex 20.5007 25.1667 11.4
      vertex 15.2868 39.7903 11.4
      vertex 15.4701 40.5934 11.4
    endloop
  endfacet
  facet normal 0 0 -1
    outer loop
      vertex 20.5007 25.1667 11.4
      vertex 15.0942 38.9913 11.4
      vertex 15.2868 39.7903 11.4
    endloop
  endfacet
  facet normal 0 0 -1
    outer loop
      vertex 20.5007 25.1667 11.4
      vertex 14.8947 38.1963 11.4
      vertex 15.0942 38.9913 11.4
    endloop
  endfacet
  facet normal 0 0 -1
    outer loop
      vertex 20.5007 25.1667 11.4
      vertex 14.6907 37.4054 11.4
      vertex 14.8947 38.1963 11.4
    endloop
  endfacet
  facet normal 0 0 -1
    outer loop
      vertex 20.5007 25.1667 11.4
      vertex 14.4845 36.6186 11.4
      vertex 14.6907 37.4054 11.4
    endloop
  endfacet
  facet normal 0 0 -1
    outer loop
      vertex 20.5007 25.1667 11.4
      vertex 14.2785 35.8358 11.4
      vertex 14.4845 36.6186 11.4
    endloop
  endfacet
  facet normal 0 0 -1
    outer loop
      vertex 20.5007 25.1667 11.4
      vertex 14.0751 35.0571 11.4
      vertex 14.2785 35.8358 11.4
    endloop
  endfacet
  facet normal 0 0 -1
    outer loop
      vertex 20.5007 25.1667 11.4
      vertex 13.8764 34.2823 11.4
      vertex 14.0751 35.0571 11.4
    endloop
  endfacet
  facet normal 0 0 -1
    outer loop
      vertex 12.5177 25.9792 11.4
      vertex 20.5007 25.1667 11.4
      vertex 13.8281 23.1 11.4
    endloop
  endfacet
  facet normal 0 0 -1
    outer loop
      vertex 20.5007 25.1667 11.4
      vertex 13.6847 33.5114 11.4
      vertex 13.8764 34.2823 11.4
    endloop
  endfacet
  facet normal 0 0 -1
    outer loop
      vertex 24.3382 46.9466 11.4
      vertex 24.3237 49.1174 11.4
      vertex 24.3483 48.0289 11.4
    endloop
  endfacet
  facet normal 0 0 -1
    outer loop
      vertex 24.295 45.8741 11.4
      vertex 24.3237 49.1174 11.4
      vertex 24.3382 46.9466 11.4
    endloop
  endfacet
  facet normal 0 0 -1
    outer loop
      vertex 24.295 45.8741 11.4
      vertex 24.2638 50.2084 11.4
      vertex 24.3237 49.1174 11.4
    endloop
  endfacet
  facet normal 0 0 -1
    outer loop
      vertex 24.2206 44.8147 11.4
      vertex 24.2638 50.2084 11.4
      vertex 24.295 45.8741 11.4
    endloop
  endfacet
  facet normal 0 0 -1
    outer loop
      vertex 24.2206 44.8147 11.4
      vertex 24.1684 51.298 11.4
      vertex 24.2638 50.2084 11.4
    endloop
  endfacet
  facet normal 0 0 -1
    outer loop
      vertex 24.1175 43.7714 11.4
      vertex 24.1684 51.298 11.4
      vertex 24.2206 44.8147 11.4
    endloop
  endfacet
  facet normal 0 0 -1
    outer loop
      vertex 24.1175 43.7714 11.4
      vertex 24.0381 52.3826 11.4
      vertex 24.1684 51.298 11.4
    endloop
  endfacet
  facet normal 0 0 -1
    outer loop
      vertex 23.9887 42.7466 11.4
      vertex 24.0381 52.3826 11.4
      vertex 24.1175 43.7714 11.4
    endloop
  endfacet
  facet normal 0 0 -1
    outer loop
      vertex 23.9887 42.7466 11.4
      vertex 23.8743 53.4585 11.4
      vertex 24.0381 52.3826 11.4
    endloop
  endfacet
  facet normal 0 0 -1
    outer loop
      vertex 23.8373 41.7426 11.4
      vertex 23.8743 53.4585 11.4
      vertex 23.9887 42.7466 11.4
    endloop
  endfacet
  facet normal 0 0 -1
    outer loop
      vertex 23.8373 41.7426 11.4
      vertex 23.6787 54.5226 11.4
      vertex 23.8743 53.4585 11.4
    endloop
  endfacet
  facet normal 0 0 -1
    outer loop
      vertex 23.4538 55.5721 11.4
      vertex 23.8373 41.7426 11.4
      vertex 23.6668 40.7609 11.4
    endloop
  endfacet
  facet normal 0 0 -1
    outer loop
      vertex 22.9273 57.6178 11.4
      vertex 23.6668 40.7609 11.4
      vertex 23.4805 39.8028 11.4
    endloop
  endfacet
  facet normal 0 0 -1
    outer loop
      vertex 23.8373 41.7426 11.4
      vertex 23.4538 55.5721 11.4
      vertex 23.6787 54.5226 11.4
    endloop
  endfacet
  facet normal 0 0 -1
    outer loop
      vertex 22.3199 59.5816 11.4
      vertex 23.4805 39.8028 11.4
      vertex 23.2821 38.8693 11.4
    endloop
  endfacet
  facet normal 0 0 -1
    outer loop
      vertex 23.6668 40.7609 11.4
      vertex 23.2023 56.6044 11.4
      vertex 23.4538 55.5721 11.4
    endloop
  endfacet
  facet normal 0 0 -1
    outer loop
      vertex 21.9943 60.5302 11.4
      vertex 23.2821 38.8693 11.4
      vertex 23.0748 37.9609 11.4
    endloop
  endfacet
  facet normal 0 0 -1
    outer loop
      vertex 23.6668 40.7609 11.4
      vertex 22.9273 57.6178 11.4
      vertex 23.2023 56.6044 11.4
    endloop
  endfacet
  facet normal 0 0 -1
    outer loop
      vertex 21.6588 61.4558 11.4
      vertex 23.0748 37.9609 11.4
      vertex 22.8621 37.0782 11.4
    endloop
  endfacet
  facet normal 0 0 -1
    outer loop
      vertex 21.3167 62.3581 11.4
      vertex 22.8621 37.0782 11.4
      vertex 22.6471 36.2212 11.4
    endloop
  endfacet
  facet normal 0 0 -1
    outer loop
      vertex 23.4805 39.8028 11.4
      vertex 22.632 58.6105 11.4
      vertex 22.9273 57.6178 11.4
    endloop
  endfacet
  facet normal 0 0 -1
    outer loop
      vertex 20.9712 63.2368 11.4
      vertex 22.6471 36.2212 11.4
      vertex 22.4326 35.39 11.4
    endloop
  endfacet
  facet normal 0 0 -1
    outer loop
      vertex 23.4805 39.8028 11.4
      vertex 22.3199 59.5816 11.4
      vertex 22.632 58.6105 11.4
    endloop
  endfacet
  facet normal 0 0 -1
    outer loop
      vertex 20.6256 64.0921 11.4
      vertex 22.4326 35.39 11.4
      vertex 22.2216 34.5846 11.4
    endloop
  endfacet
  facet normal 0 0 -1
    outer loop
      vertex 20.2829 64.9237 11.4
      vertex 22.2216 34.5846 11.4
      vertex 22.0164 33.8049 11.4
    endloop
  endfacet
  facet normal 0 0 -1
    outer loop
      vertex 23.2821 38.8693 11.4
      vertex 21.9943 60.5302 11.4
      vertex 22.3199 59.5816 11.4
    endloop
  endfacet
  facet normal 0 0 -1
    outer loop
      vertex 20.2829 64.9237 11.4
      vertex 22.0164 33.8049 11.4
      vertex 21.8194 33.0505 11.4
    endloop
  endfacet
  facet normal 0 0 -1
    outer loop
      vertex 23.0748 37.9609 11.4
      vertex 21.6588 61.4558 11.4
      vertex 21.9943 60.5302 11.4
    endloop
  endfacet
  facet normal 0 0 -1
    outer loop
      vertex 20.2829 64.9237 11.4
      vertex 21.8194 33.0505 11.4
      vertex 21.6323 32.3212 11.4
    endloop
  endfacet
  facet normal 0 0 -1
    outer loop
      vertex 20.2829 64.9237 11.4
      vertex 21.6323 32.3212 11.4
      vertex 21.457 31.6165 11.4
    endloop
  endfacet
  facet normal 0 0 -1
    outer loop
      vertex 22.8621 37.0782 11.4
      vertex 21.3167 62.3581 11.4
      vertex 21.6588 61.4558 11.4
    endloop
  endfacet
  facet normal 0 0 -1
    outer loop
      vertex 20.2829 64.9237 11.4
      vertex 21.457 31.6165 11.4
      vertex 21.2948 30.936 11.4
    endloop
  endfacet
  facet normal 0 0 -1
    outer loop
      vertex 20.2829 64.9237 11.4
      vertex 21.2948 30.936 11.4
      vertex 21.1467 30.2787 11.4
    endloop
  endfacet
  facet normal 0 0 -1
    outer loop
      vertex 20.2829 64.9237 11.4
      vertex 21.1467 30.2787 11.4
      vertex 21.0135 29.6439 11.4
    endloop
  endfacet
  facet normal 0 0 -1
    outer loop
      vertex 22.6471 36.2212 11.4
      vertex 20.9712 63.2368 11.4
      vertex 21.3167 62.3581 11.4
    endloop
  endfacet
  facet normal 0 0 -1
    outer loop
      vertex 20.2829 64.9237 11.4
      vertex 21.0135 29.6439 11.4
      vertex 20.8956 29.0303 11.4
    endloop
  endfacet
  facet normal 0 0 -1
    outer loop
      vertex 20.2829 64.9237 11.4
      vertex 20.8956 29.0303 11.4
      vertex 20.7934 28.4365 11.4
    endloop
  endfacet
  facet normal 0 0 -1
    outer loop
      vertex 20.2829 64.9237 11.4
      vertex 20.7934 28.4365 11.4
      vertex 20.7067 27.8606 11.4
    endloop
  endfacet
  facet normal 0 0 -1
    outer loop
      vertex 20.2829 64.9237 11.4
      vertex 20.7067 27.8606 11.4
      vertex 20.6356 27.3007 11.4
    endloop
  endfacet
  facet normal 0 0 -1
    outer loop
      vertex 22.4326 35.39 11.4
      vertex 20.6256 64.0921 11.4
      vertex 20.9712 63.2368 11.4
    endloop
  endfacet
  facet normal 0 0 -1
    outer loop
      vertex 20.2829 64.9237 11.4
      vertex 20.6356 27.3007 11.4
      vertex 20.5797 26.7543 11.4
    endloop
  endfacet
  facet normal 0 0 -1
    outer loop
      vertex 20.2829 64.9237 11.4
      vertex 20.5797 26.7543 11.4
      vertex 20.5388 26.2185 11.4
    endloop
  endfacet
  facet normal 0 0 -1
    outer loop
      vertex 20.2829 64.9237 11.4
      vertex 20.5388 26.2185 11.4
      vertex 20.5125 25.6904 11.4
    endloop
  endfacet
  facet normal 0 0 -1
    outer loop
      vertex 20.2829 64.9237 11.4
      vertex 20.5125 25.6904 11.4
      vertex 20.5007 25.1667 11.4
    endloop
  endfacet
  facet normal 0 0 -1
    outer loop
      vertex 22.2216 34.5846 11.4
      vertex 20.2829 64.9237 11.4
      vertex 20.6256 64.0921 11.4
    endloop
  endfacet
  facet normal 0 0 -1
    outer loop
      vertex 12.3687 97.1791 11.4
      vertex 20.3349 96.4452 11.4
      vertex 20.2281 95.4263 11.4
    endloop
  endfacet
  facet normal 0 0 -1
    outer loop
      vertex 12.2826 96.3585 11.4
      vertex 20.2281 95.4263 11.4
      vertex 20.098 94.4211 11.4
    endloop
  endfacet
  facet normal 0 0 -1
    outer loop
      vertex 12.1766 95.5402 11.4
      vertex 20.098 94.4211 11.4
      vertex 19.947 93.4321 11.4
    endloop
  endfacet
  facet normal 0 0 -1
    outer loop
      vertex 12.052 94.7243 11.4
      vertex 19.947 93.4321 11.4
      vertex 19.7778 92.4612 11.4
    endloop
  endfacet
  facet normal 0 0 -1
    outer loop
      vertex 11.9103 93.9114 11.4
      vertex 19.7778 92.4612 11.4
      vertex 19.5934 91.5104 11.4
    endloop
  endfacet
  facet normal 0 0 -1
    outer loop
      vertex 11.7533 93.1016 11.4
      vertex 19.5934 91.5104 11.4
      vertex 19.3969 90.5809 11.4
    endloop
  endfacet
  facet normal 0 0 -1
    outer loop
      vertex 11.5827 92.2952 11.4
      vertex 19.3969 90.5809 11.4
      vertex 19.1912 89.6739 11.4
    endloop
  endfacet
  facet normal 0 0 -1
    outer loop
      vertex 11.4007 91.4924 11.4
      vertex 19.1912 89.6739 11.4
      vertex 18.9796 88.7904 11.4
    endloop
  endfacet
  facet normal 0 0 -1
    outer loop
      vertex 11.2092 90.6932 11.4
      vertex 18.9796 88.7904 11.4
      vertex 18.7651 87.931 11.4
    endloop
  endfacet
  facet normal 0 0 -1
    outer loop
      vertex 11.0106 89.8979 11.4
      vertex 18.7651 87.931 11.4
      vertex 18.5505 87.0962 11.4
    endloop
  endfacet
  facet normal 0 0 -1
    outer loop
      vertex 10.8072 89.1064 11.4
      vertex 18.5505 87.0962 11.4
      vertex 18.3388 86.2866 11.4
    endloop
  endfacet
  facet normal 0 0 -1
    outer loop
      vertex 10.6012 88.3189 11.4
      vertex 18.3388 86.2866 11.4
      vertex 18.1324 85.5024 11.4
    endloop
  endfacet
  facet normal 0 0 -1
    outer loop
      vertex 10.3951 87.5355 11.4
      vertex 18.1324 85.5024 11.4
      vertex 17.9338 84.7439 11.4
    endloop
  endfacet
  facet normal 0 0 -1
    outer loop
      vertex 10.191 86.756 11.4
      vertex 17.9338 84.7439 11.4
      vertex 17.7452 84.0111 11.4
    endloop
  endfacet
  facet normal 0 0 -1
    outer loop
      vertex 9.99146 85.9807 11.4
      vertex 17.7452 84.0111 11.4
      vertex 17.5684 83.3042 11.4
    endloop
  endfacet
  facet normal 0 0 -1
    outer loop
      vertex 9.79858 85.2094 11.4
      vertex 17.5684 83.3042 11.4
      vertex 17.405 82.623 11.4
    endloop
  endfacet
  facet normal 0 0 -1
    outer loop
      vertex 9.61461 84.4422 11.4
      vertex 17.405 82.623 11.4
      vertex 17.2563 81.9674 11.4
    endloop
  endfacet
  facet normal 0 0 -1
    outer loop
      vertex 9.44159 83.679 11.4
      vertex 17.2563 81.9674 11.4
      vertex 17.1233 81.3369 11.4
    endloop
  endfacet
  facet normal 0 0 -1
    outer loop
      vertex 12.2372 63.4289 11.4
      vertex 19.6174 66.5164 11.4
      vertex 12.5653 62.6454 11.4
    endloop
  endfacet
  facet normal -0 0 -1
    outer loop
      vertex 19.6174 66.5164 11.4
      vertex 12.2372 63.4289 11.4
      vertex 19.2998 67.2775 11.4
    endloop
  endfacet
  facet normal 0 0 -1
    outer loop
      vertex 11.9118 64.2087 11.4
      vertex 19.2998 67.2775 11.4
      vertex 12.2372 63.4289 11.4
    endloop
  endfacet
  facet normal -0 0 -1
    outer loop
      vertex 19.2998 67.2775 11.4
      vertex 11.9118 64.2087 11.4
      vertex 18.9953 68.015 11.4
    endloop
  endfacet
  facet normal 0 0 -1
    outer loop
      vertex 11.5914 64.9848 11.4
      vertex 18.9953 68.015 11.4
      vertex 11.9118 64.2087 11.4
    endloop
  endfacet
  facet normal -0 0 -1
    outer loop
      vertex 18.9953 68.015 11.4
      vertex 11.5914 64.9848 11.4
      vertex 18.706 68.7289 11.4
    endloop
  endfacet
  facet normal 0 0 -1
    outer loop
      vertex 11.2785 65.7572 11.4
      vertex 18.706 68.7289 11.4
      vertex 11.5914 64.9848 11.4
    endloop
  endfacet
  facet normal -0 0 -1
    outer loop
      vertex 18.706 68.7289 11.4
      vertex 11.2785 65.7572 11.4
      vertex 18.4337 69.4194 11.4
    endloop
  endfacet
  facet normal 0 0 -1
    outer loop
      vertex 10.9753 66.5259 11.4
      vertex 18.4337 69.4194 11.4
      vertex 11.2785 65.7572 11.4
    endloop
  endfacet
  facet normal -0 0 -1
    outer loop
      vertex 18.4337 69.4194 11.4
      vertex 10.9753 66.5259 11.4
      vertex 18.1796 70.0863 11.4
    endloop
  endfacet
  facet normal 0 0 -1
    outer loop
      vertex 10.6839 67.2908 11.4
      vertex 18.1796 70.0863 11.4
      vertex 10.9753 66.5259 11.4
    endloop
  endfacet
  facet normal -0 0 -1
    outer loop
      vertex 18.1796 70.0863 11.4
      vertex 10.6839 67.2908 11.4
      vertex 17.945 70.7298 11.4
    endloop
  endfacet
  facet normal 0 0 -1
    outer loop
      vertex 10.4064 68.0521 11.4
      vertex 17.945 70.7298 11.4
      vertex 10.6839 67.2908 11.4
    endloop
  endfacet
  facet normal -0 0 -1
    outer loop
      vertex 17.945 70.7298 11.4
      vertex 10.4064 68.0521 11.4
      vertex 17.7306 71.3503 11.4
    endloop
  endfacet
  facet normal 0 0 -1
    outer loop
      vertex 10.1447 68.8097 11.4
      vertex 17.7306 71.3503 11.4
      vertex 10.4064 68.0521 11.4
    endloop
  endfacet
  facet normal -0 0 -1
    outer loop
      vertex 17.7306 71.3503 11.4
      vertex 10.1447 68.8097 11.4
      vertex 17.5368 71.9482 11.4
    endloop
  endfacet
  facet normal 0 0 -1
    outer loop
      vertex 9.90045 69.5638 11.4
      vertex 17.5368 71.9482 11.4
      vertex 10.1447 68.8097 11.4
    endloop
  endfacet
  facet normal -0 0 -1
    outer loop
      vertex 17.5368 71.9482 11.4
      vertex 9.90045 69.5638 11.4
      vertex 17.3638 72.5244 11.4
    endloop
  endfacet
  facet normal 0 0 -1
    outer loop
      vertex 9.67514 70.3144 11.4
      vertex 17.3638 72.5244 11.4
      vertex 9.90045 69.5638 11.4
    endloop
  endfacet
  facet normal -0 0 -1
    outer loop
      vertex 17.3638 72.5244 11.4
      vertex 9.67514 70.3144 11.4
      vertex 17.2114 73.0798 11.4
    endloop
  endfacet
  facet normal 0 0 -1
    outer loop
      vertex 9.47011 71.0617 11.4
      vertex 17.2114 73.0798 11.4
      vertex 9.67514 70.3144 11.4
    endloop
  endfacet
  facet normal -0 0 -1
    outer loop
      vertex 17.2114 73.0798 11.4
      vertex 9.47011 71.0617 11.4
      vertex 17.079 73.6161 11.4
    endloop
  endfacet
  facet normal 0 0 -1
    outer loop
      vertex 9.28645 71.806 11.4
      vertex 17.079 73.6161 11.4
      vertex 9.47011 71.0617 11.4
    endloop
  endfacet
  facet normal -0 0 -1
    outer loop
      vertex 17.079 73.6161 11.4
      vertex 9.28645 71.806 11.4
      vertex 16.966 74.135 11.4
    endloop
  endfacet
  facet normal 0 0 -1
    outer loop
      vertex 9.12511 72.5476 11.4
      vertex 16.966 74.135 11.4
      vertex 9.28645 71.806 11.4
    endloop
  endfacet
  facet normal -0 0 -1
    outer loop
      vertex 16.966 74.135 11.4
      vertex 9.12511 72.5476 11.4
      vertex 16.8717 74.639 11.4
    endloop
  endfacet
  facet normal 0 0 -1
    outer loop
      vertex 8.98679 73.2868 11.4
      vertex 16.8717 74.639 11.4
      vertex 9.12511 72.5476 11.4
    endloop
  endfacet
  facet normal -0 0 -1
    outer loop
      vertex 16.8717 74.639 11.4
      vertex 8.98679 73.2868 11.4
      vertex 16.795 75.1309 11.4
    endloop
  endfacet
  facet normal -0 0 -1
    outer loop
      vertex 20.4164 97.4751 11.4
      vertex 12.3687 97.1791 11.4
      vertex 12.4337 98.0013 11.4
    endloop
  endfacet
  facet normal 0 0 -1
    outer loop
      vertex 20.3349 96.4452 11.4
      vertex 12.3687 97.1791 11.4
      vertex 20.4164 97.4751 11.4
    endloop
  endfacet
  facet normal 0 0 -1
    outer loop
      vertex 8.87198 74.0242 11.4
      vertex 16.795 75.1309 11.4
      vertex 8.98679 73.2868 11.4
    endloop
  endfacet
  facet normal 0 -0 -1
    outer loop
      vertex 12.3687 97.1791 11.4
      vertex 20.2281 95.4263 11.4
      vertex 12.2826 96.3585 11.4
    endloop
  endfacet
  facet normal 0 0 -1
    outer loop
      vertex 20.098 94.4211 11.4
      vertex 12.1766 95.5402 11.4
      vertex 12.2826 96.3585 11.4
    endloop
  endfacet
  facet normal -0 0 -1
    outer loop
      vertex 16.795 75.1309 11.4
      vertex 8.87198 74.0242 11.4
      vertex 16.7354 75.6137 11.4
    endloop
  endfacet
  facet normal 0 0 -1
    outer loop
      vertex 19.947 93.4321 11.4
      vertex 12.052 94.7243 11.4
      vertex 12.1766 95.5402 11.4
    endloop
  endfacet
  facet normal 0 0 -1
    outer loop
      vertex 19.7778 92.4612 11.4
      vertex 11.9103 93.9114 11.4
      vertex 12.052 94.7243 11.4
    endloop
  endfacet
  facet normal 0 0 -1
    outer loop
      vertex 8.78105 74.7601 11.4
      vertex 16.7354 75.6137 11.4
      vertex 8.87198 74.0242 11.4
    endloop
  endfacet
  facet normal 0 0 -1
    outer loop
      vertex 19.5934 91.5104 11.4
      vertex 11.7533 93.1016 11.4
      vertex 11.9103 93.9114 11.4
    endloop
  endfacet
  facet normal 0 0 -1
    outer loop
      vertex 19.3969 90.5809 11.4
      vertex 11.5827 92.2952 11.4
      vertex 11.7533 93.1016 11.4
    endloop
  endfacet
  facet normal -0 0 -1
    outer loop
      vertex 16.7354 75.6137 11.4
      vertex 8.78105 74.7601 11.4
      vertex 16.6919 76.0911 11.4
    endloop
  endfacet
  facet normal 0 0 -1
    outer loop
      vertex 19.1912 89.6739 11.4
      vertex 11.4007 91.4924 11.4
      vertex 11.5827 92.2952 11.4
    endloop
  endfacet
  facet normal 0 0 -1
    outer loop
      vertex 18.9796 88.7904 11.4
      vertex 11.2092 90.6932 11.4
      vertex 11.4007 91.4924 11.4
    endloop
  endfacet
  facet normal 0 0 -1
    outer loop
      vertex 8.71414 75.4951 11.4
      vertex 16.6919 76.0911 11.4
      vertex 8.78105 74.7601 11.4
    endloop
  endfacet
  facet normal 0 0 -1
    outer loop
      vertex 18.7651 87.931 11.4
      vertex 11.0106 89.8979 11.4
      vertex 11.2092 90.6932 11.4
    endloop
  endfacet
  facet normal -0 0 -1
    outer loop
      vertex 16.6919 76.0911 11.4
      vertex 8.71414 75.4951 11.4
      vertex 16.6641 76.5668 11.4
    endloop
  endfacet
  facet normal 0 0 -1
    outer loop
      vertex 18.5505 87.0962 11.4
      vertex 10.8072 89.1064 11.4
      vertex 11.0106 89.8979 11.4
    endloop
  endfacet
  facet normal 0 0 -1
    outer loop
      vertex 8.67122 76.2298 11.4
      vertex 16.6641 76.5668 11.4
      vertex 8.71414 75.4951 11.4
    endloop
  endfacet
  facet normal 0 0 -1
    outer loop
      vertex 18.3388 86.2866 11.4
      vertex 10.6012 88.3189 11.4
      vertex 10.8072 89.1064 11.4
    endloop
  endfacet
  facet normal 0 0 -1
    outer loop
      vertex 18.1324 85.5024 11.4
      vertex 10.3951 87.5355 11.4
      vertex 10.6012 88.3189 11.4
    endloop
  endfacet
  facet normal -0 0 -1
    outer loop
      vertex 16.6641 76.5668 11.4
      vertex 8.67122 76.2298 11.4
      vertex 16.6517 77.0445 11.4
    endloop
  endfacet
  facet normal 0 0 -1
    outer loop
      vertex 17.9338 84.7439 11.4
      vertex 10.191 86.756 11.4
      vertex 10.3951 87.5355 11.4
    endloop
  endfacet
  facet normal 0 0 -1
    outer loop
      vertex 8.65213 76.9649 11.4
      vertex 16.6517 77.0445 11.4
      vertex 8.67122 76.2298 11.4
    endloop
  endfacet
  facet normal 0 0 -1
    outer loop
      vertex 17.7452 84.0111 11.4
      vertex 9.99146 85.9807 11.4
      vertex 10.191 86.756 11.4
    endloop
  endfacet
  facet normal -0 0 -1
    outer loop
      vertex 16.6517 77.0445 11.4
      vertex 8.65213 76.9649 11.4
      vertex 16.6546 77.528 11.4
    endloop
  endfacet
  facet normal 0 0 -1
    outer loop
      vertex 17.5684 83.3042 11.4
      vertex 9.79858 85.2094 11.4
      vertex 9.99146 85.9807 11.4
    endloop
  endfacet
  facet normal 0 -0 -1
    outer loop
      vertex 8.65652 77.7009 11.4
      vertex 16.6546 77.528 11.4
      vertex 8.65213 76.9649 11.4
    endloop
  endfacet
  facet normal 0 0 -1
    outer loop
      vertex 17.405 82.623 11.4
      vertex 9.61461 84.4422 11.4
      vertex 9.79858 85.2094 11.4
    endloop
  endfacet
  facet normal 0 0 -1
    outer loop
      vertex 17.0067 80.7309 11.4
      vertex 9.13618 82.1645 11.4
      vertex 17.1233 81.3369 11.4
    endloop
  endfacet
  facet normal 0 0 -1
    outer loop
      vertex 17.2563 81.9674 11.4
      vertex 9.44159 83.679 11.4
      vertex 9.61461 84.4422 11.4
    endloop
  endfacet
  facet normal 0 -0 -1
    outer loop
      vertex 9.44159 83.679 11.4
      vertex 17.1233 81.3369 11.4
      vertex 9.28151 82.9199 11.4
    endloop
  endfacet
  facet normal 0 0 -1
    outer loop
      vertex 16.6546 77.528 11.4
      vertex 8.65652 77.7009 11.4
      vertex 16.673 78.0209 11.4
    endloop
  endfacet
  facet normal 0 -0 -1
    outer loop
      vertex 9.28151 82.9199 11.4
      vertex 17.1233 81.3369 11.4
      vertex 9.13618 82.1645 11.4
    endloop
  endfacet
  facet normal 0 -0 -1
    outer loop
      vertex 8.6839 78.4384 11.4
      vertex 16.673 78.0209 11.4
      vertex 8.65652 77.7009 11.4
    endloop
  endfacet
  facet normal 0 -0 -1
    outer loop
      vertex 9.13618 82.1645 11.4
      vertex 17.0067 80.7309 11.4
      vertex 9.00729 81.4129 11.4
    endloop
  endfacet
  facet normal 0 0 -1
    outer loop
      vertex 16.673 78.0209 11.4
      vertex 8.6839 78.4384 11.4
      vertex 16.707 78.5267 11.4
    endloop
  endfacet
  facet normal 0 0 -1
    outer loop
      vertex 16.9067 80.1483 11.4
      vertex 9.00729 81.4129 11.4
      vertex 17.0067 80.7309 11.4
    endloop
  endfacet
  facet normal 0 -0 -1
    outer loop
      vertex 8.73357 79.1779 11.4
      vertex 16.707 78.5267 11.4
      vertex 8.6839 78.4384 11.4
    endloop
  endfacet
  facet normal 0 -0 -1
    outer loop
      vertex 9.00729 81.4129 11.4
      vertex 16.9067 80.1483 11.4
      vertex 8.89636 80.6648 11.4
    endloop
  endfacet
  facet normal 0 0 -1
    outer loop
      vertex 16.707 78.5267 11.4
      vertex 8.73357 79.1779 11.4
      vertex 16.7571 79.0482 11.4
    endloop
  endfacet
  facet normal 0 0 -1
    outer loop
      vertex 16.8236 79.588 11.4
      vertex 8.89636 80.6648 11.4
      vertex 16.9067 80.1483 11.4
    endloop
  endfacet
  facet normal 0 -0 -1
    outer loop
      vertex 8.80473 79.9199 11.4
      vertex 16.7571 79.0482 11.4
      vertex 8.73357 79.1779 11.4
    endloop
  endfacet
  facet normal 0 -0 -1
    outer loop
      vertex 8.89636 80.6648 11.4
      vertex 16.8236 79.588 11.4
      vertex 8.80473 79.9199 11.4
    endloop
  endfacet
  facet normal 0 0 -1
    outer loop
      vertex 16.7571 79.0482 11.4
      vertex 8.80473 79.9199 11.4
      vertex 16.8236 79.588 11.4
    endloop
  endfacet
  facet normal 0 0 -1
    outer loop
      vertex 20.5007 25.1667 11.4
      vertex 12.5546 26.7222 11.4
      vertex 12.6115 27.4665 11.4
    endloop
  endfacet
  facet normal 0 0 -1
    outer loop
      vertex 12.5047 24.4947 11.4
      vertex 13.8281 23.1 11.4
      vertex 12.5287 23.7522 11.4
    endloop
  endfacet
  facet normal 0 0 -1
    outer loop
      vertex 20.5007 25.1667 11.4
      vertex 12.5177 25.9792 11.4
      vertex 12.5546 26.7222 11.4
    endloop
  endfacet
  facet normal 0 0 -1
    outer loop
      vertex 12.501 25.2368 11.4
      vertex 13.8281 23.1 11.4
      vertex 12.5047 24.4947 11.4
    endloop
  endfacet
  facet normal 0 0 -1
    outer loop
      vertex 13.8281 23.1 11.4
      vertex 12.501 25.2368 11.4
      vertex 12.5177 25.9792 11.4
    endloop
  endfacet
  facet normal 0 0 -1
    outer loop
      vertex 13.3416 47.2207 11.4
      vertex 13.3319 48.692 11.4
      vertex 13.3485 47.9568 11.4
    endloop
  endfacet
  facet normal 0 0 -1
    outer loop
      vertex 13.3119 46.483 11.4
      vertex 13.3319 48.692 11.4
      vertex 13.3416 47.2207 11.4
    endloop
  endfacet
  facet normal 0 0 -1
    outer loop
      vertex 13.3119 46.483 11.4
      vertex 13.2916 49.4267 11.4
      vertex 13.3319 48.692 11.4
    endloop
  endfacet
  facet normal 0 0 -1
    outer loop
      vertex 13.2599 45.7433 11.4
      vertex 13.2916 49.4267 11.4
      vertex 13.3119 46.483 11.4
    endloop
  endfacet
  facet normal 0 0 -1
    outer loop
      vertex 13.2599 45.7433 11.4
      vertex 13.2272 50.1617 11.4
      vertex 13.2916 49.4267 11.4
    endloop
  endfacet
  facet normal 0 0 -1
    outer loop
      vertex 13.1865 45.001 11.4
      vertex 13.2272 50.1617 11.4
      vertex 13.2599 45.7433 11.4
    endloop
  endfacet
  facet normal 0 0 -1
    outer loop
      vertex 13.1865 45.001 11.4
      vertex 13.1388 50.8975 11.4
      vertex 13.2272 50.1617 11.4
    endloop
  endfacet
  facet normal 0 0 -1
    outer loop
      vertex 13.0927 44.2558 11.4
      vertex 13.1388 50.8975 11.4
      vertex 13.1865 45.001 11.4
    endloop
  endfacet
  facet normal 0 0 -1
    outer loop
      vertex 13.0927 44.2558 11.4
      vertex 13.0266 51.6346 11.4
      vertex 13.1388 50.8975 11.4
    endloop
  endfacet
  facet normal 0 0 -1
    outer loop
      vertex 12.7318 53.1149 11.4
      vertex 13.0927 44.2558 11.4
      vertex 12.9798 43.5073 11.4
    endloop
  endfacet
  facet normal 0 0 -1
    outer loop
      vertex 13.0927 44.2558 11.4
      vertex 12.8907 52.3736 11.4
      vertex 13.0266 51.6346 11.4
    endloop
  endfacet
  facet normal 0 0 -1
    outer loop
      vertex 12.5505 53.8589 11.4
      vertex 12.9798 43.5073 11.4
      vertex 12.8491 42.7553 11.4
    endloop
  endfacet
  facet normal 0 0 -1
    outer loop
      vertex 13.0927 44.2558 11.4
      vertex 12.7318 53.1149 11.4
      vertex 12.8907 52.3736 11.4
    endloop
  endfacet
  facet normal 0 0 -1
    outer loop
      vertex 12.1244 55.3562 11.4
      vertex 12.8491 42.7553 11.4
      vertex 12.7021 41.9996 11.4
    endloop
  endfacet
  facet normal 0 0 -1
    outer loop
      vertex 12.9798 43.5073 11.4
      vertex 12.5505 53.8589 11.4
      vertex 12.7318 53.1149 11.4
    endloop
  endfacet
  facet normal 0 0 -1
    outer loop
      vertex 11.8821 56.1099 11.4
      vertex 12.7021 41.9996 11.4
      vertex 12.5406 41.2399 11.4
    endloop
  endfacet
  facet normal 0 0 -1
    outer loop
      vertex 11.6222 56.8671 11.4
      vertex 12.5406 41.2399 11.4
      vertex 12.3663 40.4763 11.4
    endloop
  endfacet
  facet normal 0 0 -1
    outer loop
      vertex 12.8491 42.7553 11.4
      vertex 12.3477 54.606 11.4
      vertex 12.5505 53.8589 11.4
    endloop
  endfacet
  facet normal 0 0 -1
    outer loop
      vertex 11.3463 57.628 11.4
      vertex 12.3663 40.4763 11.4
      vertex 12.1813 39.7087 11.4
    endloop
  endfacet
  facet normal 0 0 -1
    outer loop
      vertex 12.8491 42.7553 11.4
      vertex 12.1244 55.3562 11.4
      vertex 12.3477 54.606 11.4
    endloop
  endfacet
  facet normal 0 0 -1
    outer loop
      vertex 11.0563 58.3926 11.4
      vertex 12.1813 39.7087 11.4
      vertex 11.9876 38.937 11.4
    endloop
  endfacet
  facet normal 0 0 -1
    outer loop
      vertex 12.7021 41.9996 11.4
      vertex 11.8821 56.1099 11.4
      vertex 12.1244 55.3562 11.4
    endloop
  endfacet
  facet normal 0 0 -1
    outer loop
      vertex 10.7543 59.1608 11.4
      vertex 11.9876 38.937 11.4
      vertex 11.7874 38.1612 11.4
    endloop
  endfacet
  facet normal 0 0 -1
    outer loop
      vertex 12.5406 41.2399 11.4
      vertex 11.6222 56.8671 11.4
      vertex 11.8821 56.1099 11.4
    endloop
  endfacet
  facet normal 0 0 -1
    outer loop
      vertex 10.1226 60.7085 11.4
      vertex 11.7874 38.1612 11.4
      vertex 11.5831 37.3814 11.4
    endloop
  endfacet
  facet normal 0 0 -1
    outer loop
      vertex 9.79758 61.4879 11.4
      vertex 11.5831 37.3814 11.4
      vertex 11.3768 36.5975 11.4
    endloop
  endfacet
  facet normal 0 0 -1
    outer loop
      vertex 12.3663 40.4763 11.4
      vertex 11.3463 57.628 11.4
      vertex 11.6222 56.8671 11.4
    endloop
  endfacet
  facet normal 0 0 -1
    outer loop
      vertex 9.46965 62.2711 11.4
      vertex 11.3768 36.5975 11.4
      vertex 11.171 35.8096 11.4
    endloop
  endfacet
  facet normal 0 0 -1
    outer loop
      vertex 12.1813 39.7087 11.4
      vertex 11.0563 58.3926 11.4
      vertex 11.3463 57.628 11.4
    endloop
  endfacet
  facet normal 0 0 -1
    outer loop
      vertex 9.14127 63.0579 11.4
      vertex 11.171 35.8096 11.4
      vertex 10.968 35.0177 11.4
    endloop
  endfacet
  facet normal 0 0 -1
    outer loop
      vertex 9.14127 63.0579 11.4
      vertex 10.968 35.0177 11.4
      vertex 10.77 34.2219 11.4
    endloop
  endfacet
  facet normal 0 0 -1
    outer loop
      vertex 11.9876 38.937 11.4
      vertex 10.7543 59.1608 11.4
      vertex 11.0563 58.3926 11.4
    endloop
  endfacet
  facet normal 0 0 -1
    outer loop
      vertex 9.14127 63.0579 11.4
      vertex 10.77 34.2219 11.4
      vertex 10.5795 33.4224 11.4
    endloop
  endfacet
  facet normal 0 0 -1
    outer loop
      vertex 11.7874 38.1612 11.4
      vertex 10.4423 59.9328 11.4
      vertex 10.7543 59.1608 11.4
    endloop
  endfacet
  facet normal 0 0 -1
    outer loop
      vertex 9.14127 63.0579 11.4
      vertex 10.5795 33.4224 11.4
      vertex 10.3986 32.6191 11.4
    endloop
  endfacet
  facet normal 0 0 -1
    outer loop
      vertex 9.14127 63.0579 11.4
      vertex 10.3986 32.6191 11.4
      vertex 10.2293 31.8124 11.4
    endloop
  endfacet
  facet normal 0 0 -1
    outer loop
      vertex 11.7874 38.1612 11.4
      vertex 10.1226 60.7085 11.4
      vertex 10.4423 59.9328 11.4
    endloop
  endfacet
  facet normal 0 0 -1
    outer loop
      vertex 9.14127 63.0579 11.4
      vertex 10.2293 31.8124 11.4
      vertex 10.0738 31.0022 11.4
    endloop
  endfacet
  facet normal 0 0 -1
    outer loop
      vertex 9.14127 63.0579 11.4
      vertex 10.0738 31.0022 11.4
      vertex 9.93388 30.189 11.4
    endloop
  endfacet
  facet normal 0 0 -1
    outer loop
      vertex 9.14127 63.0579 11.4
      vertex 9.93388 30.189 11.4
      vertex 9.8112 29.3729 11.4
    endloop
  endfacet
  facet normal 0 0 -1
    outer loop
      vertex 11.5831 37.3814 11.4
      vertex 9.79758 61.4879 11.4
      vertex 10.1226 60.7085 11.4
    endloop
  endfacet
  facet normal 0 0 -1
    outer loop
      vertex 9.14127 63.0579 11.4
      vertex 9.8112 29.3729 11.4
      vertex 9.70729 28.5543 11.4
    endloop
  endfacet
  facet normal 0 0 -1
    outer loop
      vertex 9.14127 63.0579 11.4
      vertex 9.70729 28.5543 11.4
      vertex 9.62341 27.7335 11.4
    endloop
  endfacet
  facet normal 0 0 -1
    outer loop
      vertex 9.14127 63.0579 11.4
      vertex 9.62341 27.7335 11.4
      vertex 9.56061 26.9111 11.4
    endloop
  endfacet
  facet normal 0 0 -1
    outer loop
      vertex 9.14127 63.0579 11.4
      vertex 9.56061 26.9111 11.4
      vertex 9.51968 26.0875 11.4
    endloop
  endfacet
  facet normal 0 0 -1
    outer loop
      vertex 1.5249 26.3763 11.4
      vertex 9.51968 26.0875 11.4
      vertex 9.50116 25.2631 11.4
    endloop
  endfacet
  facet normal 0 0 -1
    outer loop
      vertex 11.3768 36.5975 11.4
      vertex 9.46965 62.2711 11.4
      vertex 9.79758 61.4879 11.4
    endloop
  endfacet
  facet normal 0 0 -1
    outer loop
      vertex 1.41505 98.1882 11.4
      vertex 9.38132 97.4543 11.4
      vertex 9.30304 96.7081 11.4
    endloop
  endfacet
  facet normal 0 0 -1
    outer loop
      vertex 1.35754 97.6404 11.4
      vertex 9.30304 96.7081 11.4
      vertex 9.20612 95.9598 11.4
    endloop
  endfacet
  facet normal 0 0 -1
    outer loop
      vertex 1.28477 97.0789 11.4
      vertex 9.20612 95.9598 11.4
      vertex 9.09143 95.209 11.4
    endloop
  endfacet
  facet normal 0 0 -1
    outer loop
      vertex 1.1965 96.5013 11.4
      vertex 9.09143 95.209 11.4
      vertex 8.96005 94.4552 11.4
    endloop
  endfacet
  facet normal 0 0 -1
    outer loop
      vertex 1.09259 95.9054 11.4
      vertex 8.96005 94.4552 11.4
      vertex 8.81325 93.6983 11.4
    endloop
  endfacet
  facet normal 0 0 -1
    outer loop
      vertex 0.973099 95.2896 11.4
      vertex 8.81325 93.6983 11.4
      vertex 8.65242 92.9381 11.4
    endloop
  endfacet
  facet normal 0 0 -1
    outer loop
      vertex 0.838272 94.6524 11.4
      vertex 8.65242 92.9381 11.4
      vertex 8.4792 92.1743 11.4
    endloop
  endfacet
  facet normal 0 0 -1
    outer loop
      vertex 0.688614 93.9928 11.4
      vertex 8.4792 92.1743 11.4
      vertex 8.29533 91.4068 11.4
    endloop
  endfacet
  facet normal 0 0 -1
    outer loop
      vertex 0.524933 93.3096 11.4
      vertex 8.29533 91.4068 11.4
      vertex 8.10274 90.6355 11.4
    endloop
  endfacet
  facet normal 0 0 -1
    outer loop
      vertex 0.348312 92.6024 11.4
      vertex 8.10274 90.6355 11.4
      vertex 7.90346 89.8602 11.4
    endloop
  endfacet
  facet normal 0 0 -1
    outer loop
      vertex 0.160126 91.8704 11.4
      vertex 7.90346 89.8602 11.4
      vertex 7.69965 89.0811 11.4
    endloop
  endfacet
  facet normal 0 0 -1
    outer loop
      vertex -0.0379028 91.1134 11.4
      vertex 7.69965 89.0811 11.4
      vertex 7.49355 88.2979 11.4
    endloop
  endfacet
  facet normal 0 0 -1
    outer loop
      vertex -0.24382 90.3309 11.4
      vertex 7.49355 88.2979 11.4
      vertex 7.28748 87.5106 11.4
    endloop
  endfacet
  facet normal 0 0 -1
    outer loop
      vertex -0.455338 89.5228 11.4
      vertex 7.28748 87.5106 11.4
      vertex 7.08379 86.7193 11.4
    endloop
  endfacet
  facet normal 0 0 -1
    outer loop
      vertex -0.669968 88.6889 11.4
      vertex 7.08379 86.7193 11.4
      vertex 6.8849 85.9239 11.4
    endloop
  endfacet
  facet normal 0 0 -1
    outer loop
      vertex -0.884918 87.8291 11.4
      vertex 6.8849 85.9239 11.4
      vertex 6.69319 85.1244 11.4
    endloop
  endfacet
  facet normal 0 0 -1
    outer loop
      vertex -1.09721 86.9436 11.4
      vertex 6.69319 85.1244 11.4
      vertex 6.51106 84.3209 11.4
    endloop
  endfacet
  facet normal 0 0 -1
    outer loop
      vertex 2.41695 58.4015 11.4
      vertex 9.14127 63.0579 11.4
      vertex 2.73328 57.6429 11.4
    endloop
  endfacet
  facet normal 0 0 -1
    outer loop
      vertex 2.08945 59.1836 11.4
      vertex 9.14127 63.0579 11.4
      vertex 2.41695 58.4015 11.4
    endloop
  endfacet
  facet normal 0 0 -1
    outer loop
      vertex 1.75325 59.9892 11.4
      vertex 9.14127 63.0579 11.4
      vertex 2.08945 59.1836 11.4
    endloop
  endfacet
  facet normal -0 0 -1
    outer loop
      vertex 9.14127 63.0579 11.4
      vertex 1.75325 59.9892 11.4
      vertex 8.81494 63.8485 11.4
    endloop
  endfacet
  facet normal 0 0 -1
    outer loop
      vertex 1.41101 60.8183 11.4
      vertex 8.81494 63.8485 11.4
      vertex 1.75325 59.9892 11.4
    endloop
  endfacet
  facet normal -0 0 -1
    outer loop
      vertex 8.81494 63.8485 11.4
      vertex 1.41101 60.8183 11.4
      vertex 8.49315 64.6428 11.4
    endloop
  endfacet
  facet normal 0 0 -1
    outer loop
      vertex 1.06558 61.671 11.4
      vertex 8.49315 64.6428 11.4
      vertex 1.41101 60.8183 11.4
    endloop
  endfacet
  facet normal -0 0 -1
    outer loop
      vertex 8.49315 64.6428 11.4
      vertex 1.06558 61.671 11.4
      vertex 8.17838 65.4408 11.4
    endloop
  endfacet
  facet normal 0 0 -1
    outer loop
      vertex 0.719971 62.5473 11.4
      vertex 8.17838 65.4408 11.4
      vertex 1.06558 61.671 11.4
    endloop
  endfacet
  facet normal -0 0 -1
    outer loop
      vertex 8.17838 65.4408 11.4
      vertex 0.719971 62.5473 11.4
      vertex 7.87303 66.2425 11.4
    endloop
  endfacet
  facet normal 0 0 -1
    outer loop
      vertex 0.377335 63.4471 11.4
      vertex 7.87303 66.2425 11.4
      vertex 0.719971 62.5473 11.4
    endloop
  endfacet
  facet normal -0 0 -1
    outer loop
      vertex 7.87303 66.2425 11.4
      vertex 0.377335 63.4471 11.4
      vertex 7.57948 67.0479 11.4
    endloop
  endfacet
  facet normal 0 0 -1
    outer loop
      vertex 0.0409393 64.3702 11.4
      vertex 7.57948 67.0479 11.4
      vertex 0.377335 63.4471 11.4
    endloop
  endfacet
  facet normal -0 0 -1
    outer loop
      vertex 7.57948 67.0479 11.4
      vertex 0.0409393 64.3702 11.4
      vertex 7.30003 67.857 11.4
    endloop
  endfacet
  facet normal 0 0 -1
    outer loop
      vertex -0.285828 65.3163 11.4
      vertex 7.30003 67.857 11.4
      vertex 0.0409393 64.3702 11.4
    endloop
  endfacet
  facet normal -0 0 -1
    outer loop
      vertex 7.30003 67.857 11.4
      vertex -0.285828 65.3163 11.4
      vertex 7.03682 68.6696 11.4
    endloop
  endfacet
  facet normal 0 0 -1
    outer loop
      vertex -0.599564 66.2851 11.4
      vertex 7.03682 68.6696 11.4
      vertex -0.285828 65.3163 11.4
    endloop
  endfacet
  facet normal -0 0 -1
    outer loop
      vertex 7.03682 68.6696 11.4
      vertex -0.599564 66.2851 11.4
      vertex 6.79189 69.4856 11.4
    endloop
  endfacet
  facet normal 0 0 -1
    outer loop
      vertex -0.896805 67.2756 11.4
      vertex 6.79189 69.4856 11.4
      vertex -0.599564 66.2851 11.4
    endloop
  endfacet
  facet normal -0 0 -1
    outer loop
      vertex 6.79189 69.4856 11.4
      vertex -0.896805 67.2756 11.4
      vertex 6.56712 70.3049 11.4
    endloop
  endfacet
  facet normal 0 0 -1
    outer loop
      vertex -1.17415 68.2868 11.4
      vertex 6.56712 70.3049 11.4
      vertex -0.896805 67.2756 11.4
    endloop
  endfacet
  facet normal -0 0 -1
    outer loop
      vertex 6.56712 70.3049 11.4
      vertex -1.17415 68.2868 11.4
      vertex 6.36426 71.1273 11.4
    endloop
  endfacet
  facet normal 0 0 -1
    outer loop
      vertex -1.4283 69.3173 11.4
      vertex 6.36426 71.1273 11.4
      vertex -1.17415 68.2868 11.4
    endloop
  endfacet
  facet normal -0 0 -1
    outer loop
      vertex 6.36426 71.1273 11.4
      vertex -1.4283 69.3173 11.4
      vertex 6.18477 71.9524 11.4
    endloop
  endfacet
  facet normal 0 0 -1
    outer loop
      vertex -1.65617 70.365 11.4
      vertex 6.18477 71.9524 11.4
      vertex -1.4283 69.3173 11.4
    endloop
  endfacet
  facet normal -0 0 -1
    outer loop
      vertex 6.18477 71.9524 11.4
      vertex -1.65617 70.365 11.4
      vertex 6.02994 72.7798 11.4
    endloop
  endfacet
  facet normal 0 0 -1
    outer loop
      vertex -1.85497 71.4276 11.4
      vertex 6.02994 72.7798 11.4
      vertex -1.65617 70.365 11.4
    endloop
  endfacet
  facet normal -0 0 -1
    outer loop
      vertex 6.02994 72.7798 11.4
      vertex -1.85497 71.4276 11.4
      vertex 5.90083 73.6092 11.4
    endloop
  endfacet
  facet normal 0 0 -1
    outer loop
      vertex 8.29533 91.4068 11.4
      vertex 0.524933 93.3096 11.4
      vertex 0.688614 93.9928 11.4
    endloop
  endfacet
  facet normal 0 0 -1
    outer loop
      vertex -1.30368 86.0326 11.4
      vertex 6.51106 84.3209 11.4
      vertex 6.34082 83.5135 11.4
    endloop
  endfacet
  facet normal 0 0 -1
    outer loop
      vertex -2.02226 72.5025 11.4
      vertex 5.90083 73.6092 11.4
      vertex -1.85497 71.4276 11.4
    endloop
  endfacet
  facet normal -0 0 -1
    outer loop
      vertex 9.44025 98.1987 11.4
      vertex 1.41505 98.1882 11.4
      vertex 1.45758 98.7249 11.4
    endloop
  endfacet
  facet normal -0 0 -1
    outer loop
      vertex 5.90083 73.6092 11.4
      vertex -2.02226 72.5025 11.4
      vertex 5.79817 74.4399 11.4
    endloop
  endfacet
  facet normal 0 0 -1
    outer loop
      vertex 9.38132 97.4543 11.4
      vertex 1.41505 98.1882 11.4
      vertex 9.44025 98.1987 11.4
    endloop
  endfacet
  facet normal 0 -0 -1
    outer loop
      vertex 1.41505 98.1882 11.4
      vertex 9.30304 96.7081 11.4
      vertex 1.35754 97.6404 11.4
    endloop
  endfacet
  facet normal 0 0 -1
    outer loop
      vertex 9.20612 95.9598 11.4
      vertex 1.28477 97.0789 11.4
      vertex 1.35754 97.6404 11.4
    endloop
  endfacet
  facet normal 0 0 -1
    outer loop
      vertex 9.09143 95.209 11.4
      vertex 1.1965 96.5013 11.4
      vertex 1.28477 97.0789 11.4
    endloop
  endfacet
  facet normal 0 0 -1
    outer loop
      vertex -2.15614 73.5863 11.4
      vertex 5.79817 74.4399 11.4
      vertex -2.02226 72.5025 11.4
    endloop
  endfacet
  facet normal 0 0 -1
    outer loop
      vertex 8.96005 94.4552 11.4
      vertex 1.09259 95.9054 11.4
      vertex 1.1965 96.5013 11.4
    endloop
  endfacet
  facet normal 0 0 -1
    outer loop
      vertex 8.81325 93.6983 11.4
      vertex 0.973099 95.2896 11.4
      vertex 1.09259 95.9054 11.4
    endloop
  endfacet
  facet normal -0 0 -1
    outer loop
      vertex 5.79817 74.4399 11.4
      vertex -2.15614 73.5863 11.4
      vertex 5.72247 75.2716 11.4
    endloop
  endfacet
  facet normal 0 0 -1
    outer loop
      vertex 8.65242 92.9381 11.4
      vertex 0.838272 94.6524 11.4
      vertex 0.973099 95.2896 11.4
    endloop
  endfacet
  facet normal 0 0 -1
    outer loop
      vertex 8.4792 92.1743 11.4
      vertex 0.688614 93.9928 11.4
      vertex 0.838272 94.6524 11.4
    endloop
  endfacet
  facet normal 0 0 -1
    outer loop
      vertex -2.25529 74.6755 11.4
      vertex 5.72247 75.2716 11.4
      vertex -2.15614 73.5863 11.4
    endloop
  endfacet
  facet normal 0 0 -1
    outer loop
      vertex 8.10274 90.6355 11.4
      vertex 0.348312 92.6024 11.4
      vertex 0.524933 93.3096 11.4
    endloop
  endfacet
  facet normal 0 0 -1
    outer loop
      vertex 7.90346 89.8602 11.4
      vertex 0.160126 91.8704 11.4
      vertex 0.348312 92.6024 11.4
    endloop
  endfacet
  facet normal -0 0 -1
    outer loop
      vertex 5.72247 75.2716 11.4
      vertex -2.25529 74.6755 11.4
      vertex 5.67389 76.1035 11.4
    endloop
  endfacet
  facet normal 0 0 -1
    outer loop
      vertex 7.69965 89.0811 11.4
      vertex -0.0379028 91.1134 11.4
      vertex 0.160126 91.8704 11.4
    endloop
  endfacet
  facet normal 0 0 -1
    outer loop
      vertex 7.49355 88.2979 11.4
      vertex -0.24382 90.3309 11.4
      vertex -0.0379028 91.1134 11.4
    endloop
  endfacet
  facet normal 0 0 -1
    outer loop
      vertex -2.31902 75.7665 11.4
      vertex 5.67389 76.1035 11.4
      vertex -2.25529 74.6755 11.4
    endloop
  endfacet
  facet normal 0 0 -1
    outer loop
      vertex 7.28748 87.5106 11.4
      vertex -0.455338 89.5228 11.4
      vertex -0.24382 90.3309 11.4
    endloop
  endfacet
  facet normal -0 0 -1
    outer loop
      vertex 5.67389 76.1035 11.4
      vertex -2.31902 75.7665 11.4
      vertex 5.65228 76.9351 11.4
    endloop
  endfacet
  facet normal 0 0 -1
    outer loop
      vertex 7.08379 86.7193 11.4
      vertex -0.669968 88.6889 11.4
      vertex -0.455338 89.5228 11.4
    endloop
  endfacet
  facet normal 0 0 -1
    outer loop
      vertex 6.8849 85.9239 11.4
      vertex -0.884918 87.8291 11.4
      vertex -0.669968 88.6889 11.4
    endloop
  endfacet
  facet normal 0 0 -1
    outer loop
      vertex -2.34732 76.8555 11.4
      vertex 5.65228 76.9351 11.4
      vertex -2.31902 75.7665 11.4
    endloop
  endfacet
  facet normal 0 0 -1
    outer loop
      vertex 6.69319 85.1244 11.4
      vertex -1.09721 86.9436 11.4
      vertex -0.884918 87.8291 11.4
    endloop
  endfacet
  facet normal -0 0 -1
    outer loop
      vertex 5.65228 76.9351 11.4
      vertex -2.34732 76.8555 11.4
      vertex 5.65723 77.7657 11.4
    endloop
  endfacet
  facet normal 0 0 -1
    outer loop
      vertex 6.51106 84.3209 11.4
      vertex -1.30368 86.0326 11.4
      vertex -1.09721 86.9436 11.4
    endloop
  endfacet
  facet normal 0 -0 -1
    outer loop
      vertex -2.3409 77.9387 11.4
      vertex 5.65723 77.7657 11.4
      vertex -2.34732 76.8555 11.4
    endloop
  endfacet
  facet normal 0 0 -1
    outer loop
      vertex 6.34082 83.5135 11.4
      vertex -1.50101 85.0964 11.4
      vertex -1.30368 86.0326 11.4
    endloop
  endfacet
  facet normal 0 0 -1
    outer loop
      vertex 5.65723 77.7657 11.4
      vertex -2.3409 77.9387 11.4
      vertex 5.68799 78.5949 11.4
    endloop
  endfacet
  facet normal 0 0 -1
    outer loop
      vertex 6.34082 83.5135 11.4
      vertex -1.68575 84.1358 11.4
      vertex -1.50101 85.0964 11.4
    endloop
  endfacet
  facet normal 0 0 -1
    outer loop
      vertex 6.18475 82.7021 11.4
      vertex -1.68575 84.1358 11.4
      vertex 6.34082 83.5135 11.4
    endloop
  endfacet
  facet normal 0 -0 -1
    outer loop
      vertex -2.30112 79.0124 11.4
      vertex 5.68799 78.5949 11.4
      vertex -2.3409 77.9387 11.4
    endloop
  endfacet
  facet normal 0 -0 -1
    outer loop
      vertex -1.68575 84.1358 11.4
      vertex 6.18475 82.7021 11.4
      vertex -1.85442 83.1516 11.4
    endloop
  endfacet
  facet normal 0 0 -1
    outer loop
      vertex 5.68799 78.5949 11.4
      vertex -2.30112 79.0124 11.4
      vertex 5.74353 79.4221 11.4
    endloop
  endfacet
  facet normal 0 0 -1
    outer loop
      vertex 6.04501 81.8871 11.4
      vertex -1.85442 83.1516 11.4
      vertex 6.18475 82.7021 11.4
    endloop
  endfacet
  facet normal 0 -0 -1
    outer loop
      vertex -2.22992 80.0733 11.4
      vertex 5.74353 79.4221 11.4
      vertex -2.30112 79.0124 11.4
    endloop
  endfacet
  facet normal 0 -0 -1
    outer loop
      vertex -1.85442 83.1516 11.4
      vertex 6.04501 81.8871 11.4
      vertex -2.00354 82.1453 11.4
    endloop
  endfacet
  facet normal 0 0 -1
    outer loop
      vertex 5.74353 79.4221 11.4
      vertex -2.22992 80.0733 11.4
      vertex 5.82259 80.2468 11.4
    endloop
  endfacet
  facet normal 0 0 -1
    outer loop
      vertex 5.92366 81.0685 11.4
      vertex -2.00354 82.1453 11.4
      vertex 6.04501 81.8871 11.4
    endloop
  endfacet
  facet normal 0 -0 -1
    outer loop
      vertex -2.12978 81.1185 11.4
      vertex 5.82259 80.2468 11.4
      vertex -2.22992 80.0733 11.4
    endloop
  endfacet
  facet normal 0 -0 -1
    outer loop
      vertex -2.00354 82.1453 11.4
      vertex 5.92366 81.0685 11.4
      vertex -2.12978 81.1185 11.4
    endloop
  endfacet
  facet normal 0 0 -1
    outer loop
      vertex 5.82259 80.2468 11.4
      vertex -2.12978 81.1185 11.4
      vertex 5.92366 81.0685 11.4
    endloop
  endfacet
  facet normal 0 1 -0
    outer loop
      vertex 20.1 23.1 11.4
      vertex 13.8281 23.1 12.9
      vertex 20.1 23.1 12.9
    endloop
  endfacet
  facet normal 0 1 0
    outer loop
      vertex 13.8281 23.1 12.9
      vertex 20.1 23.1 11.4
      vertex 13.8281 23.1 11.4
    endloop
  endfacet
  facet normal 0 1 -0
    outer loop
      vertex 12.5675 23.1 11.4
      vertex 9.5625 23.1 12.9
      vertex 12.5675 23.1 12.9
    endloop
  endfacet
  facet normal 0 1 0
    outer loop
      vertex 9.5625 23.1 12.9
      vertex 12.5675 23.1 11.4
      vertex 9.5625 23.1 11.4
    endloop
  endfacet
  facet normal 0 -1 0
    outer loop
      vertex 1.9 1.9 11.4
      vertex 20.1 1.9 12.9
      vertex 1.9 1.9 12.9
    endloop
  endfacet
  facet normal 0 -1 -0
    outer loop
      vertex 20.1 1.9 12.9
      vertex 1.9 1.9 11.4
      vertex 20.1 1.9 11.4
    endloop
  endfacet
  facet normal 0.998231 0.0594611 0
    outer loop
      vertex 20.5519 23.5888 12.9
      vertex 20.5203 24.1193 11.4
      vertex 20.5203 24.1193 12.9
    endloop
  endfacet
  facet normal 0.998231 0.0594611 0
    outer loop
      vertex 20.5203 24.1193 11.4
      vertex 20.5519 23.5888 12.9
      vertex 20.5519 23.5888 11.4
    endloop
  endfacet
  facet normal 0.999476 0.0323701 0
    outer loop
      vertex 20.5203 24.1193 12.9
      vertex 20.5033 24.6442 11.4
      vertex 20.5033 24.6442 12.9
    endloop
  endfacet
  facet normal 0.999476 0.0323701 0
    outer loop
      vertex 20.5033 24.6442 11.4
      vertex 20.5203 24.1193 12.9
      vertex 20.5203 24.1193 11.4
    endloop
  endfacet
  facet normal 0.999988 0.00497601 0
    outer loop
      vertex 20.5033 24.6442 12.9
      vertex 20.5007 25.1667 11.4
      vertex 20.5007 25.1667 12.9
    endloop
  endfacet
  facet normal 0.999988 0.00497601 0
    outer loop
      vertex 20.5007 25.1667 11.4
      vertex 20.5033 24.6442 12.9
      vertex 20.5033 24.6442 11.4
    endloop
  endfacet
  facet normal 0.999746 -0.0225263 0
    outer loop
      vertex 20.5007 25.1667 12.9
      vertex 20.5125 25.6904 11.4
      vertex 20.5125 25.6904 12.9
    endloop
  endfacet
  facet normal 0.999746 -0.0225263 0
    outer loop
      vertex 20.5125 25.6904 11.4
      vertex 20.5007 25.1667 12.9
      vertex 20.5007 25.1667 11.4
    endloop
  endfacet
  facet normal 0.998762 -0.0497395 0
    outer loop
      vertex 20.5125 25.6904 12.9
      vertex 20.5388 26.2185 11.4
      vertex 20.5388 26.2185 12.9
    endloop
  endfacet
  facet normal 0.998762 -0.0497395 0
    outer loop
      vertex 20.5388 26.2185 11.4
      vertex 20.5125 25.6904 12.9
      vertex 20.5125 25.6904 11.4
    endloop
  endfacet
  facet normal 0.997099 -0.076113 0
    outer loop
      vertex 20.5388 26.2185 12.9
      vertex 20.5797 26.7543 11.4
      vertex 20.5797 26.7543 12.9
    endloop
  endfacet
  facet normal 0.997099 -0.076113 0
    outer loop
      vertex 20.5797 26.7543 11.4
      vertex 20.5388 26.2185 12.9
      vertex 20.5388 26.2185 11.4
    endloop
  endfacet
  facet normal 0.994807 -0.101775 0
    outer loop
      vertex 20.5797 26.7543 12.9
      vertex 20.6356 27.3007 11.4
      vertex 20.6356 27.3007 12.9
    endloop
  endfacet
  facet normal 0.994807 -0.101775 0
    outer loop
      vertex 20.6356 27.3007 11.4
      vertex 20.5797 26.7543 12.9
      vertex 20.5797 26.7543 11.4
    endloop
  endfacet
  facet normal 0.992033 -0.125975 0
    outer loop
      vertex 20.6356 27.3007 12.9
      vertex 20.7067 27.8606 11.4
      vertex 20.7067 27.8606 12.9
    endloop
  endfacet
  facet normal 0.992033 -0.125975 0
    outer loop
      vertex 20.7067 27.8606 11.4
      vertex 20.6356 27.3007 12.9
      vertex 20.6356 27.3007 11.4
    endloop
  endfacet
  facet normal 0.988857 -0.148869 0
    outer loop
      vertex 20.7067 27.8606 12.9
      vertex 20.7934 28.4365 11.4
      vertex 20.7934 28.4365 12.9
    endloop
  endfacet
  facet normal 0.988857 -0.148869 0
    outer loop
      vertex 20.7934 28.4365 11.4
      vertex 20.7067 27.8606 12.9
      vertex 20.7067 27.8606 11.4
    endloop
  endfacet
  facet normal 0.98551 -0.169618 0
    outer loop
      vertex 20.7934 28.4365 12.9
      vertex 20.8956 29.0303 11.4
      vertex 20.8956 29.0303 12.9
    endloop
  endfacet
  facet normal 0.98551 -0.169618 0
    outer loop
      vertex 20.8956 29.0303 11.4
      vertex 20.7934 28.4365 12.9
      vertex 20.7934 28.4365 11.4
    endloop
  endfacet
  facet normal 0.982036 -0.188693 0
    outer loop
      vertex 20.8956 29.0303 12.9
      vertex 21.0135 29.6439 11.4
      vertex 21.0135 29.6439 12.9
    endloop
  endfacet
  facet normal 0.982036 -0.188693 0
    outer loop
      vertex 21.0135 29.6439 11.4
      vertex 20.8956 29.0303 12.9
      vertex 20.8956 29.0303 11.4
    endloop
  endfacet
  facet normal 0.978687 -0.205358 0
    outer loop
      vertex 21.0135 29.6439 12.9
      vertex 21.1467 30.2787 11.4
      vertex 21.1467 30.2787 12.9
    endloop
  endfacet
  facet normal 0.978687 -0.205358 0
    outer loop
      vertex 21.1467 30.2787 11.4
      vertex 21.0135 29.6439 12.9
      vertex 21.0135 29.6439 11.4
    endloop
  endfacet
  facet normal 0.975544 -0.219805 0
    outer loop
      vertex 21.1467 30.2787 12.9
      vertex 21.2948 30.936 11.4
      vertex 21.2948 30.936 12.9
    endloop
  endfacet
  facet normal 0.975544 -0.219805 0
    outer loop
      vertex 21.2948 30.936 11.4
      vertex 21.1467 30.2787 12.9
      vertex 21.1467 30.2787 11.4
    endloop
  endfacet
  facet normal 0.972749 -0.231859 0
    outer loop
      vertex 21.2948 30.936 12.9
      vertex 21.457 31.6165 11.4
      vertex 21.457 31.6165 12.9
    endloop
  endfacet
  facet normal 0.972749 -0.231859 0
    outer loop
      vertex 21.457 31.6165 11.4
      vertex 21.2948 30.936 12.9
      vertex 21.2948 30.936 11.4
    endloop
  endfacet
  facet normal 0.970425 -0.241401 0
    outer loop
      vertex 21.457 31.6165 12.9
      vertex 21.6323 32.3212 11.4
      vertex 21.6323 32.3212 12.9
    endloop
  endfacet
  facet normal 0.970425 -0.241401 0
    outer loop
      vertex 21.6323 32.3212 11.4
      vertex 21.457 31.6165 12.9
      vertex 21.457 31.6165 11.4
    endloop
  endfacet
  facet normal 0.968632 -0.2485 0
    outer loop
      vertex 21.6323 32.3212 12.9
      vertex 21.8194 33.0505 11.4
      vertex 21.8194 33.0505 12.9
    endloop
  endfacet
  facet normal 0.968632 -0.2485 0
    outer loop
      vertex 21.8194 33.0505 11.4
      vertex 21.6323 32.3212 12.9
      vertex 21.6323 32.3212 11.4
    endloop
  endfacet
  facet normal 0.967555 -0.252662 0
    outer loop
      vertex 21.8194 33.0505 12.9
      vertex 22.0164 33.8049 11.4
      vertex 22.0164 33.8049 12.9
    endloop
  endfacet
  facet normal 0.967555 -0.252662 0
    outer loop
      vertex 22.0164 33.8049 11.4
      vertex 21.8194 33.0505 12.9
      vertex 21.8194 33.0505 11.4
    endloop
  endfacet
  facet normal 0.96707 -0.254512 0
    outer loop
      vertex 22.0164 33.8049 12.9
      vertex 22.2216 34.5846 11.4
      vertex 22.2216 34.5846 12.9
    endloop
  endfacet
  facet normal 0.96707 -0.254512 0
    outer loop
      vertex 22.2216 34.5846 11.4
      vertex 22.0164 33.8049 12.9
      vertex 22.0164 33.8049 11.4
    endloop
  endfacet
  facet normal 0.967354 -0.253429 0
    outer loop
      vertex 22.2216 34.5846 12.9
      vertex 22.4326 35.39 11.4
      vertex 22.4326 35.39 12.9
    endloop
  endfacet
  facet normal 0.967354 -0.253429 0
    outer loop
      vertex 22.4326 35.39 11.4
      vertex 22.2216 34.5846 12.9
      vertex 22.2216 34.5846 11.4
    endloop
  endfacet
  facet normal 0.968278 -0.249874 0
    outer loop
      vertex 22.4326 35.39 12.9
      vertex 22.6471 36.2212 11.4
      vertex 22.6471 36.2212 12.9
    endloop
  endfacet
  facet normal 0.968278 -0.249874 0
    outer loop
      vertex 22.6471 36.2212 11.4
      vertex 22.4326 35.39 12.9
      vertex 22.4326 35.39 11.4
    endloop
  endfacet
  facet normal 0.969942 -0.243334 0
    outer loop
      vertex 22.6471 36.2212 12.9
      vertex 22.8621 37.0782 11.4
      vertex 22.8621 37.0782 12.9
    endloop
  endfacet
  facet normal 0.969942 -0.243334 0
    outer loop
      vertex 22.8621 37.0782 11.4
      vertex 22.6471 36.2212 12.9
      vertex 22.6471 36.2212 11.4
    endloop
  endfacet
  facet normal 0.972174 -0.23426 0
    outer loop
      vertex 22.8621 37.0782 12.9
      vertex 23.0748 37.9609 11.4
      vertex 23.0748 37.9609 12.9
    endloop
  endfacet
  facet normal 0.972174 -0.23426 0
    outer loop
      vertex 23.0748 37.9609 11.4
      vertex 22.8621 37.0782 12.9
      vertex 22.8621 37.0782 11.4
    endloop
  endfacet
  facet normal 0.974936 -0.222484 0
    outer loop
      vertex 23.0748 37.9609 12.9
      vertex 23.2821 38.8693 11.4
      vertex 23.2821 38.8693 12.9
    endloop
  endfacet
  facet normal 0.974936 -0.222484 0
    outer loop
      vertex 23.2821 38.8693 11.4
      vertex 23.0748 37.9609 12.9
      vertex 23.0748 37.9609 11.4
    endloop
  endfacet
  facet normal 0.978152 -0.20789 0
    outer loop
      vertex 23.2821 38.8693 12.9
      vertex 23.4805 39.8028 11.4
      vertex 23.4805 39.8028 12.9
    endloop
  endfacet
  facet normal 0.978152 -0.20789 0
    outer loop
      vertex 23.4805 39.8028 11.4
      vertex 23.2821 38.8693 12.9
      vertex 23.2821 38.8693 11.4
    endloop
  endfacet
  facet normal 0.981615 -0.190872 0
    outer loop
      vertex 23.4805 39.8028 12.9
      vertex 23.6668 40.7609 11.4
      vertex 23.6668 40.7609 12.9
    endloop
  endfacet
  facet normal 0.981615 -0.190872 0
    outer loop
      vertex 23.6668 40.7609 11.4
      vertex 23.4805 39.8028 12.9
      vertex 23.4805 39.8028 11.4
    endloop
  endfacet
  facet normal 0.985251 -0.171117 0
    outer loop
      vertex 23.6668 40.7609 12.9
      vertex 23.8373 41.7426 11.4
      vertex 23.8373 41.7426 12.9
    endloop
  endfacet
  facet normal 0.985251 -0.171117 0
    outer loop
      vertex 23.8373 41.7426 11.4
      vertex 23.6668 40.7609 12.9
      vertex 23.6668 40.7609 11.4
    endloop
  endfacet
  facet normal 0.98882 -0.149111 0
    outer loop
      vertex 23.8373 41.7426 12.9
      vertex 23.9887 42.7466 11.4
      vertex 23.9887 42.7466 12.9
    endloop
  endfacet
  facet normal 0.98882 -0.149111 0
    outer loop
      vertex 23.9887 42.7466 11.4
      vertex 23.8373 41.7426 12.9
      vertex 23.8373 41.7426 11.4
    endloop
  endfacet
  facet normal 0.992194 -0.124702 0
    outer loop
      vertex 23.9887 42.7466 12.9
      vertex 24.1175 43.7714 11.4
      vertex 24.1175 43.7714 12.9
    endloop
  endfacet
  facet normal 0.992194 -0.124702 0
    outer loop
      vertex 24.1175 43.7714 11.4
      vertex 23.9887 42.7466 12.9
      vertex 23.9887 42.7466 11.4
    endloop
  endfacet
  facet normal 0.995153 -0.098342 0
    outer loop
      vertex 24.1175 43.7714 12.9
      vertex 24.2206 44.8147 11.4
      vertex 24.2206 44.8147 12.9
    endloop
  endfacet
  facet normal 0.995153 -0.098342 0
    outer loop
      vertex 24.2206 44.8147 11.4
      vertex 24.1175 43.7714 12.9
      vertex 24.1175 43.7714 11.4
    endloop
  endfacet
  facet normal 0.997543 -0.0700559 0
    outer loop
      vertex 24.2206 44.8147 12.9
      vertex 24.295 45.8741 11.4
      vertex 24.295 45.8741 12.9
    endloop
  endfacet
  facet normal 0.997543 -0.0700559 0
    outer loop
      vertex 24.295 45.8741 11.4
      vertex 24.2206 44.8147 12.9
      vertex 24.2206 44.8147 11.4
    endloop
  endfacet
  facet normal 0.99919 -0.0402471 0
    outer loop
      vertex 24.295 45.8741 12.9
      vertex 24.3382 46.9466 11.4
      vertex 24.3382 46.9466 12.9
    endloop
  endfacet
  facet normal 0.99919 -0.0402471 0
    outer loop
      vertex 24.3382 46.9466 11.4
      vertex 24.295 45.8741 12.9
      vertex 24.295 45.8741 11.4
    endloop
  endfacet
  facet normal 0.999956 -0.00933157 0
    outer loop
      vertex 24.3382 46.9466 12.9
      vertex 24.3483 48.0289 11.4
      vertex 24.3483 48.0289 12.9
    endloop
  endfacet
  facet normal 0.999956 -0.00933157 0
    outer loop
      vertex 24.3483 48.0289 11.4
      vertex 24.3382 46.9466 12.9
      vertex 24.3382 46.9466 11.4
    endloop
  endfacet
  facet normal 0.999745 0.0225941 0
    outer loop
      vertex 24.3483 48.0289 12.9
      vertex 24.3237 49.1174 11.4
      vertex 24.3237 49.1174 12.9
    endloop
  endfacet
  facet normal 0.999745 0.0225941 0
    outer loop
      vertex 24.3237 49.1174 11.4
      vertex 24.3483 48.0289 12.9
      vertex 24.3483 48.0289 11.4
    endloop
  endfacet
  facet normal 0.998496 0.0548212 0
    outer loop
      vertex 24.3237 49.1174 12.9
      vertex 24.2638 50.2084 11.4
      vertex 24.2638 50.2084 12.9
    endloop
  endfacet
  facet normal 0.998496 0.0548212 0
    outer loop
      vertex 24.2638 50.2084 11.4
      vertex 24.3237 49.1174 12.9
      vertex 24.3237 49.1174 11.4
    endloop
  endfacet
  facet normal 0.996189 0.0872214 0
    outer loop
      vertex 24.2638 50.2084 12.9
      vertex 24.1684 51.298 11.4
      vertex 24.1684 51.298 12.9
    endloop
  endfacet
  facet normal 0.996189 0.0872214 0
    outer loop
      vertex 24.1684 51.298 11.4
      vertex 24.2638 50.2084 12.9
      vertex 24.2638 50.2084 11.4
    endloop
  endfacet
  facet normal 0.992861 0.119279 0
    outer loop
      vertex 24.1684 51.298 12.9
      vertex 24.0381 52.3826 11.4
      vertex 24.0381 52.3826 12.9
    endloop
  endfacet
  facet normal 0.992861 0.119279 0
    outer loop
      vertex 24.0381 52.3826 11.4
      vertex 24.1684 51.298 12.9
      vertex 24.1684 51.298 11.4
    endloop
  endfacet
  facet normal 0.988608 0.15051 0
    outer loop
      vertex 24.0381 52.3826 12.9
      vertex 23.8743 53.4585 11.4
      vertex 23.8743 53.4585 12.9
    endloop
  endfacet
  facet normal 0.988608 0.15051 0
    outer loop
      vertex 23.8743 53.4585 11.4
      vertex 24.0381 52.3826 12.9
      vertex 24.0381 52.3826 11.4
    endloop
  endfacet
  facet normal 0.983522 0.180788 0
    outer loop
      vertex 23.8743 53.4585 12.9
      vertex 23.6787 54.5226 11.4
      vertex 23.6787 54.5226 12.9
    endloop
  endfacet
  facet normal 0.983522 0.180788 0
    outer loop
      vertex 23.6787 54.5226 11.4
      vertex 23.8743 53.4585 12.9
      vertex 23.8743 53.4585 11.4
    endloop
  endfacet
  facet normal 0.977801 0.209535 0
    outer loop
      vertex 23.6787 54.5226 12.9
      vertex 23.4538 55.5721 11.4
      vertex 23.4538 55.5721 12.9
    endloop
  endfacet
  facet normal 0.977801 0.209535 0
    outer loop
      vertex 23.4538 55.5721 11.4
      vertex 23.6787 54.5226 12.9
      vertex 23.6787 54.5226 11.4
    endloop
  endfacet
  facet normal 0.971581 0.236707 0
    outer loop
      vertex 23.4538 55.5721 12.9
      vertex 23.2023 56.6044 11.4
      vertex 23.2023 56.6044 12.9
    endloop
  endfacet
  facet normal 0.971581 0.236707 0
    outer loop
      vertex 23.2023 56.6044 11.4
      vertex 23.4538 55.5721 12.9
      vertex 23.4538 55.5721 11.4
    endloop
  endfacet
  facet normal 0.965097 0.261892 0
    outer loop
      vertex 23.2023 56.6044 12.9
      vertex 22.9273 57.6178 11.4
      vertex 22.9273 57.6178 12.9
    endloop
  endfacet
  facet normal 0.965097 0.261892 0
    outer loop
      vertex 22.9273 57.6178 11.4
      vertex 23.2023 56.6044 12.9
      vertex 23.2023 56.6044 11.4
    endloop
  endfacet
  facet normal 0.958491 0.285124 0
    outer loop
      vertex 22.9273 57.6178 12.9
      vertex 22.632 58.6105 11.4
      vertex 22.632 58.6105 12.9
    endloop
  endfacet
  facet normal 0.958491 0.285124 0
    outer loop
      vertex 22.632 58.6105 11.4
      vertex 22.9273 57.6178 12.9
      vertex 22.9273 57.6178 11.4
    endloop
  endfacet
  facet normal 0.95204 0.305974 0
    outer loop
      vertex 22.632 58.6105 12.9
      vertex 22.3199 59.5816 11.4
      vertex 22.3199 59.5816 12.9
    endloop
  endfacet
  facet normal 0.95204 0.305974 0
    outer loop
      vertex 22.3199 59.5816 11.4
      vertex 22.632 58.6105 12.9
      vertex 22.632 58.6105 11.4
    endloop
  endfacet
  facet normal 0.945834 0.324651 0
    outer loop
      vertex 22.3199 59.5816 12.9
      vertex 21.9943 60.5302 11.4
      vertex 21.9943 60.5302 12.9
    endloop
  endfacet
  facet normal 0.945834 0.324651 0
    outer loop
      vertex 21.9943 60.5302 11.4
      vertex 22.3199 59.5816 12.9
      vertex 22.3199 59.5816 11.4
    endloop
  endfacet
  facet normal 0.940146 0.340772 0
    outer loop
      vertex 21.9943 60.5302 12.9
      vertex 21.6588 61.4558 11.4
      vertex 21.6588 61.4558 12.9
    endloop
  endfacet
  facet normal 0.940146 0.340772 0
    outer loop
      vertex 21.6588 61.4558 11.4
      vertex 21.9943 60.5302 12.9
      vertex 21.9943 60.5302 11.4
    endloop
  endfacet
  facet normal 0.93505 0.354517 0
    outer loop
      vertex 21.6588 61.4558 12.9
      vertex 21.3167 62.3581 11.4
      vertex 21.3167 62.3581 12.9
    endloop
  endfacet
  facet normal 0.93505 0.354517 0
    outer loop
      vertex 21.3167 62.3581 11.4
      vertex 21.6588 61.4558 12.9
      vertex 21.6588 61.4558 11.4
    endloop
  endfacet
  facet normal 0.930645 0.365924 0
    outer loop
      vertex 21.3167 62.3581 12.9
      vertex 20.9712 63.2368 11.4
      vertex 20.9712 63.2368 12.9
    endloop
  endfacet
  facet normal 0.930645 0.365924 0
    outer loop
      vertex 20.9712 63.2368 11.4
      vertex 21.3167 62.3581 12.9
      vertex 21.3167 62.3581 11.4
    endloop
  endfacet
  facet normal 0.92717 0.37464 0
    outer loop
      vertex 20.9712 63.2368 12.9
      vertex 20.6256 64.0921 11.4
      vertex 20.6256 64.0921 12.9
    endloop
  endfacet
  facet normal 0.92717 0.37464 0
    outer loop
      vertex 20.6256 64.0921 11.4
      vertex 20.9712 63.2368 12.9
      vertex 20.9712 63.2368 11.4
    endloop
  endfacet
  facet normal 0.92457 0.381013 0
    outer loop
      vertex 20.6256 64.0921 12.9
      vertex 20.2829 64.9237 11.4
      vertex 20.2829 64.9237 12.9
    endloop
  endfacet
  facet normal 0.92457 0.381013 0
    outer loop
      vertex 20.2829 64.9237 11.4
      vertex 20.6256 64.0921 12.9
      vertex 20.6256 64.0921 11.4
    endloop
  endfacet
  facet normal 0.922959 0.384899 0
    outer loop
      vertex 20.2829 64.9237 12.9
      vertex 19.9459 65.7318 11.4
      vertex 19.9459 65.7318 12.9
    endloop
  endfacet
  facet normal 0.922959 0.384899 0
    outer loop
      vertex 19.9459 65.7318 11.4
      vertex 20.2829 64.9237 12.9
      vertex 20.2829 64.9237 11.4
    endloop
  endfacet
  facet normal 0.922415 0.386201 0
    outer loop
      vertex 19.9459 65.7318 12.9
      vertex 19.6174 66.5164 11.4
      vertex 19.6174 66.5164 12.9
    endloop
  endfacet
  facet normal 0.922415 0.386201 0
    outer loop
      vertex 19.6174 66.5164 11.4
      vertex 19.9459 65.7318 12.9
      vertex 19.9459 65.7318 11.4
    endloop
  endfacet
  facet normal 0.922872 0.385106 0
    outer loop
      vertex 19.6174 66.5164 12.9
      vertex 19.2998 67.2775 11.4
      vertex 19.2998 67.2775 12.9
    endloop
  endfacet
  facet normal 0.922872 0.385106 0
    outer loop
      vertex 19.2998 67.2775 11.4
      vertex 19.6174 66.5164 12.9
      vertex 19.6174 66.5164 11.4
    endloop
  endfacet
  facet normal 0.924314 0.381632 0
    outer loop
      vertex 19.2998 67.2775 12.9
      vertex 18.9953 68.015 11.4
      vertex 18.9953 68.015 12.9
    endloop
  endfacet
  facet normal 0.924314 0.381632 0
    outer loop
      vertex 18.9953 68.015 11.4
      vertex 19.2998 67.2775 12.9
      vertex 19.2998 67.2775 11.4
    endloop
  endfacet
  facet normal 0.926793 0.375573 0
    outer loop
      vertex 18.9953 68.015 12.9
      vertex 18.706 68.7289 11.4
      vertex 18.706 68.7289 12.9
    endloop
  endfacet
  facet normal 0.926793 0.375573 0
    outer loop
      vertex 18.706 68.7289 11.4
      vertex 18.9953 68.015 12.9
      vertex 18.9953 68.015 11.4
    endloop
  endfacet
  facet normal 0.930277 0.366857 0
    outer loop
      vertex 18.706 68.7289 12.9
      vertex 18.4337 69.4194 11.4
      vertex 18.4337 69.4194 12.9
    endloop
  endfacet
  facet normal 0.930277 0.366857 0
    outer loop
      vertex 18.4337 69.4194 11.4
      vertex 18.706 68.7289 12.9
      vertex 18.706 68.7289 11.4
    endloop
  endfacet
  facet normal 0.934468 0.356048 0
    outer loop
      vertex 18.4337 69.4194 12.9
      vertex 18.1796 70.0863 11.4
      vertex 18.1796 70.0863 12.9
    endloop
  endfacet
  facet normal 0.934468 0.356048 0
    outer loop
      vertex 18.1796 70.0863 11.4
      vertex 18.4337 69.4194 12.9
      vertex 18.4337 69.4194 11.4
    endloop
  endfacet
  facet normal 0.939512 0.342517 0
    outer loop
      vertex 18.1796 70.0863 12.9
      vertex 17.945 70.7298 11.4
      vertex 17.945 70.7298 12.9
    endloop
  endfacet
  facet normal 0.939512 0.342517 0
    outer loop
      vertex 17.945 70.7298 11.4
      vertex 18.1796 70.0863 12.9
      vertex 18.1796 70.0863 11.4
    endloop
  endfacet
  facet normal 0.945169 0.326582 0
    outer loop
      vertex 17.945 70.7298 12.9
      vertex 17.7306 71.3503 11.4
      vertex 17.7306 71.3503 12.9
    endloop
  endfacet
  facet normal 0.945169 0.326582 0
    outer loop
      vertex 17.7306 71.3503 11.4
      vertex 17.945 70.7298 12.9
      vertex 17.945 70.7298 11.4
    endloop
  endfacet
  facet normal 0.951276 0.308341 0
    outer loop
      vertex 17.7306 71.3503 12.9
      vertex 17.5368 71.9482 11.4
      vertex 17.5368 71.9482 12.9
    endloop
  endfacet
  facet normal 0.951276 0.308341 0
    outer loop
      vertex 17.5368 71.9482 11.4
      vertex 17.7306 71.3503 12.9
      vertex 17.7306 71.3503 11.4
    endloop
  endfacet
  facet normal 0.957762 0.287561 0
    outer loop
      vertex 17.5368 71.9482 12.9
      vertex 17.3638 72.5244 11.4
      vertex 17.3638 72.5244 12.9
    endloop
  endfacet
  facet normal 0.957762 0.287561 0
    outer loop
      vertex 17.3638 72.5244 11.4
      vertex 17.5368 71.9482 12.9
      vertex 17.5368 71.9482 11.4
    endloop
  endfacet
  facet normal 0.964354 0.264616 0
    outer loop
      vertex 17.3638 72.5244 12.9
      vertex 17.2114 73.0798 11.4
      vertex 17.2114 73.0798 12.9
    endloop
  endfacet
  facet normal 0.964354 0.264616 0
    outer loop
      vertex 17.2114 73.0798 11.4
      vertex 17.3638 72.5244 12.9
      vertex 17.3638 72.5244 11.4
    endloop
  endfacet
  facet normal 0.970852 0.239681 0
    outer loop
      vertex 17.2114 73.0798 12.9
      vertex 17.079 73.6161 11.4
      vertex 17.079 73.6161 12.9
    endloop
  endfacet
  facet normal 0.970852 0.239681 0
    outer loop
      vertex 17.079 73.6161 11.4
      vertex 17.2114 73.0798 12.9
      vertex 17.2114 73.0798 11.4
    endloop
  endfacet
  facet normal 0.9771 0.212781 0
    outer loop
      vertex 17.079 73.6161 12.9
      vertex 16.966 74.135 11.4
      vertex 16.966 74.135 12.9
    endloop
  endfacet
  facet normal 0.9771 0.212781 0
    outer loop
      vertex 16.966 74.135 11.4
      vertex 17.079 73.6161 12.9
      vertex 17.079 73.6161 11.4
    endloop
  endfacet
  facet normal 0.982943 0.183912 0
    outer loop
      vertex 16.966 74.135 12.9
      vertex 16.8717 74.639 11.4
      vertex 16.8717 74.639 12.9
    endloop
  endfacet
  facet normal 0.982943 0.183912 0
    outer loop
      vertex 16.8717 74.639 11.4
      vertex 16.966 74.135 12.9
      vertex 16.966 74.135 11.4
    endloop
  endfacet
  facet normal 0.988061 0.154064 0
    outer loop
      vertex 16.8717 74.639 12.9
      vertex 16.795 75.1309 11.4
      vertex 16.795 75.1309 12.9
    endloop
  endfacet
  facet normal 0.988061 0.154064 0
    outer loop
      vertex 16.795 75.1309 11.4
      vertex 16.8717 74.639 12.9
      vertex 16.8717 74.639 11.4
    endloop
  endfacet
  facet normal 0.992466 0.122517 0
    outer loop
      vertex 16.795 75.1309 12.9
      vertex 16.7354 75.6137 11.4
      vertex 16.7354 75.6137 12.9
    endloop
  endfacet
  facet normal 0.992466 0.122517 0
    outer loop
      vertex 16.7354 75.6137 11.4
      vertex 16.795 75.1309 12.9
      vertex 16.795 75.1309 11.4
    endloop
  endfacet
  facet normal 0.995874 0.0907426 0
    outer loop
      vertex 16.7354 75.6137 12.9
      vertex 16.6919 76.0911 11.4
      vertex 16.6919 76.0911 12.9
    endloop
  endfacet
  facet normal 0.995874 0.0907426 0
    outer loop
      vertex 16.6919 76.0911 11.4
      vertex 16.7354 75.6137 12.9
      vertex 16.7354 75.6137 11.4
    endloop
  endfacet
  facet normal 0.998297 0.0583407 0
    outer loop
      vertex 16.6919 76.0911 12.9
      vertex 16.6641 76.5668 11.4
      vertex 16.6641 76.5668 12.9
    endloop
  endfacet
  facet normal 0.998297 0.0583407 0
    outer loop
      vertex 16.6641 76.5668 11.4
      vertex 16.6919 76.0911 12.9
      vertex 16.6919 76.0911 11.4
    endloop
  endfacet
  facet normal 0.999663 0.025949 0
    outer loop
      vertex 16.6641 76.5668 12.9
      vertex 16.6517 77.0445 11.4
      vertex 16.6517 77.0445 12.9
    endloop
  endfacet
  facet normal 0.999663 0.025949 0
    outer loop
      vertex 16.6517 77.0445 11.4
      vertex 16.6641 76.5668 12.9
      vertex 16.6641 76.5668 11.4
    endloop
  endfacet
  facet normal 0.999982 -0.00599782 0
    outer loop
      vertex 16.6517 77.0445 12.9
      vertex 16.6546 77.528 11.4
      vertex 16.6546 77.528 12.9
    endloop
  endfacet
  facet normal 0.999982 -0.00599782 0
    outer loop
      vertex 16.6546 77.528 11.4
      vertex 16.6517 77.0445 12.9
      vertex 16.6517 77.0445 11.4
    endloop
  endfacet
  facet normal 0.999304 -0.0373041 0
    outer loop
      vertex 16.6546 77.528 12.9
      vertex 16.673 78.0209 11.4
      vertex 16.673 78.0209 12.9
    endloop
  endfacet
  facet normal 0.999304 -0.0373041 0
    outer loop
      vertex 16.673 78.0209 11.4
      vertex 16.6546 77.528 12.9
      vertex 16.6546 77.528 11.4
    endloop
  endfacet
  facet normal 0.997748 -0.0670689 0
    outer loop
      vertex 16.673 78.0209 12.9
      vertex 16.707 78.5267 11.4
      vertex 16.707 78.5267 12.9
    endloop
  endfacet
  facet normal 0.997748 -0.0670689 0
    outer loop
      vertex 16.707 78.5267 11.4
      vertex 16.673 78.0209 12.9
      vertex 16.673 78.0209 11.4
    endloop
  endfacet
  facet normal 0.995417 -0.0956288 0
    outer loop
      vertex 16.707 78.5267 12.9
      vertex 16.7571 79.0482 11.4
      vertex 16.7571 79.0482 12.9
    endloop
  endfacet
  facet normal 0.995417 -0.0956288 0
    outer loop
      vertex 16.7571 79.0482 11.4
      vertex 16.707 78.5267 12.9
      vertex 16.707 78.5267 11.4
    endloop
  endfacet
  facet normal 0.992497 -0.122269 0
    outer loop
      vertex 16.7571 79.0482 12.9
      vertex 16.8236 79.588 11.4
      vertex 16.8236 79.588 12.9
    endloop
  endfacet
  facet normal 0.992497 -0.122269 0
    outer loop
      vertex 16.8236 79.588 11.4
      vertex 16.7571 79.0482 12.9
      vertex 16.7571 79.0482 11.4
    endloop
  endfacet
  facet normal 0.98918 -0.146709 0
    outer loop
      vertex 16.8236 79.588 12.9
      vertex 16.9067 80.1483 11.4
      vertex 16.9067 80.1483 12.9
    endloop
  endfacet
  facet normal 0.98918 -0.146709 0
    outer loop
      vertex 16.9067 80.1483 11.4
      vertex 16.8236 79.588 12.9
      vertex 16.8236 79.588 11.4
    endloop
  endfacet
  facet normal 0.985587 -0.16917 0
    outer loop
      vertex 16.9067 80.1483 12.9
      vertex 17.0067 80.7309 11.4
      vertex 17.0067 80.7309 12.9
    endloop
  endfacet
  facet normal 0.985587 -0.16917 0
    outer loop
      vertex 17.0067 80.7309 11.4
      vertex 16.9067 80.1483 12.9
      vertex 16.9067 80.1483 11.4
    endloop
  endfacet
  facet normal 0.981988 -0.188944 0
    outer loop
      vertex 17.0067 80.7309 12.9
      vertex 17.1233 81.3369 11.4
      vertex 17.1233 81.3369 12.9
    endloop
  endfacet
  facet normal 0.981988 -0.188944 0
    outer loop
      vertex 17.1233 81.3369 11.4
      vertex 17.0067 80.7309 12.9
      vertex 17.0067 80.7309 11.4
    endloop
  endfacet
  facet normal 0.978467 -0.206402 0
    outer loop
      vertex 17.1233 81.3369 12.9
      vertex 17.2563 81.9674 11.4
      vertex 17.2563 81.9674 12.9
    endloop
  endfacet
  facet normal 0.978467 -0.206402 0
    outer loop
      vertex 17.2563 81.9674 11.4
      vertex 17.1233 81.3369 12.9
      vertex 17.1233 81.3369 11.4
    endloop
  endfacet
  facet normal 0.975229 -0.221197 0
    outer loop
      vertex 17.2563 81.9674 12.9
      vertex 17.405 82.623 11.4
      vertex 17.405 82.623 12.9
    endloop
  endfacet
  facet normal 0.975229 -0.221197 0
    outer loop
      vertex 17.405 82.623 11.4
      vertex 17.2563 81.9674 12.9
      vertex 17.2563 81.9674 11.4
    endloop
  endfacet
  facet normal 0.972416 -0.233254 0
    outer loop
      vertex 17.405 82.623 12.9
      vertex 17.5684 83.3042 11.4
      vertex 17.5684 83.3042 12.9
    endloop
  endfacet
  facet normal 0.972416 -0.233254 0
    outer loop
      vertex 17.5684 83.3042 11.4
      vertex 17.405 82.623 12.9
      vertex 17.405 82.623 11.4
    endloop
  endfacet
  facet normal 0.970118 -0.242632 0
    outer loop
      vertex 17.5684 83.3042 12.9
      vertex 17.7452 84.0111 11.4
      vertex 17.7452 84.0111 12.9
    endloop
  endfacet
  facet normal 0.970118 -0.242632 0
    outer loop
      vertex 17.7452 84.0111 11.4
      vertex 17.5684 83.3042 12.9
      vertex 17.5684 83.3042 11.4
    endloop
  endfacet
  facet normal 0.96844 -0.249246 0
    outer loop
      vertex 17.7452 84.0111 12.9
      vertex 17.9338 84.7439 11.4
      vertex 17.9338 84.7439 12.9
    endloop
  endfacet
  facet normal 0.96844 -0.249246 0
    outer loop
      vertex 17.9338 84.7439 11.4
      vertex 17.7452 84.0111 12.9
      vertex 17.7452 84.0111 11.4
    endloop
  endfacet
  facet normal 0.967389 -0.253294 0
    outer loop
      vertex 17.9338 84.7439 12.9
      vertex 18.1324 85.5024 11.4
      vertex 18.1324 85.5024 12.9
    endloop
  endfacet
  facet normal 0.967389 -0.253294 0
    outer loop
      vertex 18.1324 85.5024 11.4
      vertex 17.9338 84.7439 12.9
      vertex 17.9338 84.7439 11.4
    endloop
  endfacet
  facet normal 0.967065 -0.25453 0
    outer loop
      vertex 18.1324 85.5024 12.9
      vertex 18.3388 86.2866 11.4
      vertex 18.3388 86.2866 12.9
    endloop
  endfacet
  facet normal 0.967065 -0.25453 0
    outer loop
      vertex 18.3388 86.2866 11.4
      vertex 18.1324 85.5024 12.9
      vertex 18.1324 85.5024 11.4
    endloop
  endfacet
  facet normal 0.967471 -0.252981 0
    outer loop
      vertex 18.3388 86.2866 12.9
      vertex 18.5505 87.0962 11.4
      vertex 18.5505 87.0962 12.9
    endloop
  endfacet
  facet normal 0.967471 -0.252981 0
    outer loop
      vertex 18.5505 87.0962 11.4
      vertex 18.3388 86.2866 12.9
      vertex 18.3388 86.2866 11.4
    endloop
  endfacet
  facet normal 0.968511 -0.248973 0
    outer loop
      vertex 18.5505 87.0962 12.9
      vertex 18.7651 87.931 11.4
      vertex 18.7651 87.931 12.9
    endloop
  endfacet
  facet normal 0.968511 -0.248973 0
    outer loop
      vertex 18.7651 87.931 11.4
      vertex 18.5505 87.0962 12.9
      vertex 18.5505 87.0962 11.4
    endloop
  endfacet
  facet normal 0.970235 -0.242164 0
    outer loop
      vertex 18.7651 87.931 12.9
      vertex 18.9796 88.7904 11.4
      vertex 18.9796 88.7904 12.9
    endloop
  endfacet
  facet normal 0.970235 -0.242164 0
    outer loop
      vertex 18.9796 88.7904 11.4
      vertex 18.7651 87.931 12.9
      vertex 18.7651 87.931 11.4
    endloop
  endfacet
  facet normal 0.972497 -0.232915 0
    outer loop
      vertex 18.9796 88.7904 12.9
      vertex 19.1912 89.6739 11.4
      vertex 19.1912 89.6739 12.9
    endloop
  endfacet
  facet normal 0.972497 -0.232915 0
    outer loop
      vertex 19.1912 89.6739 11.4
      vertex 18.9796 88.7904 12.9
      vertex 18.9796 88.7904 11.4
    endloop
  endfacet
  facet normal 0.975234 -0.221175 0
    outer loop
      vertex 19.1912 89.6739 12.9
      vertex 19.3969 90.5809 11.4
      vertex 19.3969 90.5809 12.9
    endloop
  endfacet
  facet normal 0.975234 -0.221175 0
    outer loop
      vertex 19.3969 90.5809 11.4
      vertex 19.1912 89.6739 12.9
      vertex 19.1912 89.6739 11.4
    endloop
  endfacet
  facet normal 0.978376 -0.206833 0
    outer loop
      vertex 19.3969 90.5809 12.9
      vertex 19.5934 91.5104 11.4
      vertex 19.5934 91.5104 12.9
    endloop
  endfacet
  facet normal 0.978376 -0.206833 0
    outer loop
      vertex 19.5934 91.5104 11.4
      vertex 19.3969 90.5809 12.9
      vertex 19.3969 90.5809 11.4
    endloop
  endfacet
  facet normal 0.981708 -0.190394 0
    outer loop
      vertex 19.5934 91.5104 12.9
      vertex 19.7778 92.4612 11.4
      vertex 19.7778 92.4612 12.9
    endloop
  endfacet
  facet normal 0.981708 -0.190394 0
    outer loop
      vertex 19.7778 92.4612 11.4
      vertex 19.5934 91.5104 12.9
      vertex 19.5934 91.5104 11.4
    endloop
  endfacet
  facet normal 0.985152 -0.171684 0
    outer loop
      vertex 19.7778 92.4612 12.9
      vertex 19.947 93.4321 11.4
      vertex 19.947 93.4321 12.9
    endloop
  endfacet
  facet normal 0.985152 -0.171684 0
    outer loop
      vertex 19.947 93.4321 11.4
      vertex 19.7778 92.4612 12.9
      vertex 19.7778 92.4612 11.4
    endloop
  endfacet
  facet normal 0.988544 -0.15093 0
    outer loop
      vertex 19.947 93.4321 12.9
      vertex 20.098 94.4211 11.4
      vertex 20.098 94.4211 12.9
    endloop
  endfacet
  facet normal 0.988544 -0.15093 0
    outer loop
      vertex 20.098 94.4211 11.4
      vertex 19.947 93.4321 12.9
      vertex 19.947 93.4321 11.4
    endloop
  endfacet
  facet normal 0.991728 -0.128356 0
    outer loop
      vertex 20.098 94.4211 12.9
      vertex 20.2281 95.4263 11.4
      vertex 20.2281 95.4263 12.9
    endloop
  endfacet
  facet normal 0.991728 -0.128356 0
    outer loop
      vertex 20.2281 95.4263 11.4
      vertex 20.098 94.4211 12.9
      vertex 20.098 94.4211 11.4
    endloop
  endfacet
  facet normal 0.994551 -0.104248 0
    outer loop
      vertex 20.2281 95.4263 12.9
      vertex 20.3349 96.4452 11.4
      vertex 20.3349 96.4452 12.9
    endloop
  endfacet
  facet normal 0.994551 -0.104248 0
    outer loop
      vertex 20.3349 96.4452 11.4
      vertex 20.2281 95.4263 12.9
      vertex 20.2281 95.4263 11.4
    endloop
  endfacet
  facet normal 0.996884 -0.0788873 0
    outer loop
      vertex 20.3349 96.4452 12.9
      vertex 20.4164 97.4751 11.4
      vertex 20.4164 97.4751 12.9
    endloop
  endfacet
  facet normal 0.996884 -0.0788873 0
    outer loop
      vertex 20.4164 97.4751 11.4
      vertex 20.3349 96.4452 12.9
      vertex 20.3349 96.4452 11.4
    endloop
  endfacet
  facet normal 0.0657748 0.997834 -0
    outer loop
      vertex 20.4164 97.4751 11.4
      vertex 12.4337 98.0013 12.9
      vertex 20.4164 97.4751 12.9
    endloop
  endfacet
  facet normal 0.0657748 0.997834 0
    outer loop
      vertex 12.4337 98.0013 12.9
      vertex 20.4164 97.4751 11.4
      vertex 12.4337 98.0013 11.4
    endloop
  endfacet
  facet normal -0.99689 0.0788103 0
    outer loop
      vertex 12.3687 97.1791 11.4
      vertex 12.4337 98.0013 12.9
      vertex 12.4337 98.0013 11.4
    endloop
  endfacet
  facet normal -0.99689 0.0788103 0
    outer loop
      vertex 12.4337 98.0013 12.9
      vertex 12.3687 97.1791 11.4
      vertex 12.3687 97.1791 12.9
    endloop
  endfacet
  facet normal -0.994541 0.10435 0
    outer loop
      vertex 12.2826 96.3585 11.4
      vertex 12.3687 97.1791 12.9
      vertex 12.3687 97.1791 11.4
    endloop
  endfacet
  facet normal -0.994541 0.10435 0
    outer loop
      vertex 12.3687 97.1791 12.9
      vertex 12.2826 96.3585 11.4
      vertex 12.2826 96.3585 12.9
    endloop
  endfacet
  facet normal -0.991714 0.128464 0
    outer loop
      vertex 12.1766 95.5402 11.4
      vertex 12.2826 96.3585 12.9
      vertex 12.2826 96.3585 11.4
    endloop
  endfacet
  facet normal -0.991714 0.128464 0
    outer loop
      vertex 12.2826 96.3585 12.9
      vertex 12.1766 95.5402 11.4
      vertex 12.1766 95.5402 12.9
    endloop
  endfacet
  facet normal -0.988539 0.150965 0
    outer loop
      vertex 12.052 94.7243 11.4
      vertex 12.1766 95.5402 12.9
      vertex 12.1766 95.5402 11.4
    endloop
  endfacet
  facet normal -0.988539 0.150965 0
    outer loop
      vertex 12.1766 95.5402 12.9
      vertex 12.052 94.7243 11.4
      vertex 12.052 94.7243 12.9
    endloop
  endfacet
  facet normal -0.985145 0.171725 0
    outer loop
      vertex 11.9103 93.9114 11.4
      vertex 12.052 94.7243 12.9
      vertex 12.052 94.7243 11.4
    endloop
  endfacet
  facet normal -0.985145 0.171725 0
    outer loop
      vertex 12.052 94.7243 12.9
      vertex 11.9103 93.9114 11.4
      vertex 11.9103 93.9114 12.9
    endloop
  endfacet
  facet normal -0.98172 0.190331 0
    outer loop
      vertex 11.7533 93.1016 11.4
      vertex 11.9103 93.9114 12.9
      vertex 11.9103 93.9114 11.4
    endloop
  endfacet
  facet normal -0.98172 0.190331 0
    outer loop
      vertex 11.9103 93.9114 12.9
      vertex 11.7533 93.1016 11.4
      vertex 11.7533 93.1016 12.9
    endloop
  endfacet
  facet normal -0.978346 0.206976 0
    outer loop
      vertex 11.5827 92.2952 11.4
      vertex 11.7533 93.1016 12.9
      vertex 11.7533 93.1016 11.4
    endloop
  endfacet
  facet normal -0.978346 0.206976 0
    outer loop
      vertex 11.7533 93.1016 12.9
      vertex 11.5827 92.2952 11.4
      vertex 11.5827 92.2952 12.9
    endloop
  endfacet
  facet normal -0.975252 0.221096 0
    outer loop
      vertex 11.4007 91.4924 11.4
      vertex 11.5827 92.2952 12.9
      vertex 11.5827 92.2952 11.4
    endloop
  endfacet
  facet normal -0.975252 0.221096 0
    outer loop
      vertex 11.5827 92.2952 12.9
      vertex 11.4007 91.4924 11.4
      vertex 11.4007 91.4924 12.9
    endloop
  endfacet
  facet normal -0.972472 0.233019 0
    outer loop
      vertex 11.2092 90.6932 11.4
      vertex 11.4007 91.4924 12.9
      vertex 11.4007 91.4924 11.4
    endloop
  endfacet
  facet normal -0.972472 0.233019 0
    outer loop
      vertex 11.4007 91.4924 12.9
      vertex 11.2092 90.6932 11.4
      vertex 11.2092 90.6932 12.9
    endloop
  endfacet
  facet normal -0.970207 0.242277 0
    outer loop
      vertex 11.0106 89.8979 11.4
      vertex 11.2092 90.6932 12.9
      vertex 11.2092 90.6932 11.4
    endloop
  endfacet
  facet normal -0.970207 0.242277 0
    outer loop
      vertex 11.2092 90.6932 12.9
      vertex 11.0106 89.8979 11.4
      vertex 11.0106 89.8979 12.9
    endloop
  endfacet
  facet normal -0.968531 0.248893 0
    outer loop
      vertex 10.8072 89.1064 11.4
      vertex 11.0106 89.8979 12.9
      vertex 11.0106 89.8979 11.4
    endloop
  endfacet
  facet normal -0.968531 0.248893 0
    outer loop
      vertex 11.0106 89.8979 12.9
      vertex 10.8072 89.1064 11.4
      vertex 10.8072 89.1064 12.9
    endloop
  endfacet
  facet normal -0.967447 0.253072 0
    outer loop
      vertex 10.6012 88.3189 11.4
      vertex 10.8072 89.1064 12.9
      vertex 10.8072 89.1064 11.4
    endloop
  endfacet
  facet normal -0.967447 0.253072 0
    outer loop
      vertex 10.8072 89.1064 12.9
      vertex 10.6012 88.3189 11.4
      vertex 10.6012 88.3189 12.9
    endloop
  endfacet
  facet normal -0.967092 0.254426 0
    outer loop
      vertex 10.3951 87.5355 11.4
      vertex 10.6012 88.3189 12.9
      vertex 10.6012 88.3189 11.4
    endloop
  endfacet
  facet normal -0.967092 0.254426 0
    outer loop
      vertex 10.6012 88.3189 12.9
      vertex 10.3951 87.5355 11.4
      vertex 10.3951 87.5355 12.9
    endloop
  endfacet
  facet normal -0.967389 0.253296 0
    outer loop
      vertex 10.191 86.756 11.4
      vertex 10.3951 87.5355 12.9
      vertex 10.3951 87.5355 11.4
    endloop
  endfacet
  facet normal -0.967389 0.253296 0
    outer loop
      vertex 10.3951 87.5355 12.9
      vertex 10.191 86.756 11.4
      vertex 10.191 86.756 12.9
    endloop
  endfacet
  facet normal -0.96844 0.249249 0
    outer loop
      vertex 9.99146 85.9807 11.4
      vertex 10.191 86.756 12.9
      vertex 10.191 86.756 11.4
    endloop
  endfacet
  facet normal -0.96844 0.249249 0
    outer loop
      vertex 10.191 86.756 12.9
      vertex 9.99146 85.9807 11.4
      vertex 9.99146 85.9807 12.9
    endloop
  endfacet
  facet normal -0.970126 0.242601 0
    outer loop
      vertex 9.79858 85.2094 11.4
      vertex 9.99146 85.9807 12.9
      vertex 9.99146 85.9807 11.4
    endloop
  endfacet
  facet normal -0.970126 0.242601 0
    outer loop
      vertex 9.99146 85.9807 12.9
      vertex 9.79858 85.2094 11.4
      vertex 9.79858 85.2094 12.9
    endloop
  endfacet
  facet normal -0.972433 0.233184 0
    outer loop
      vertex 9.61461 84.4422 11.4
      vertex 9.79858 85.2094 12.9
      vertex 9.79858 85.2094 11.4
    endloop
  endfacet
  facet normal -0.972433 0.233184 0
    outer loop
      vertex 9.79858 85.2094 12.9
      vertex 9.61461 84.4422 11.4
      vertex 9.61461 84.4422 12.9
    endloop
  endfacet
  facet normal -0.975253 0.221093 0
    outer loop
      vertex 9.44159 83.679 11.4
      vertex 9.61461 84.4422 12.9
      vertex 9.61461 84.4422 11.4
    endloop
  endfacet
  facet normal -0.975253 0.221093 0
    outer loop
      vertex 9.61461 84.4422 12.9
      vertex 9.44159 83.679 11.4
      vertex 9.44159 83.679 12.9
    endloop
  endfacet
  facet normal -0.97848 0.206343 0
    outer loop
      vertex 9.28151 82.9199 11.4
      vertex 9.44159 83.679 12.9
      vertex 9.44159 83.679 11.4
    endloop
  endfacet
  facet normal -0.97848 0.206343 0
    outer loop
      vertex 9.44159 83.679 12.9
      vertex 9.28151 82.9199 11.4
      vertex 9.28151 82.9199 12.9
    endloop
  endfacet
  facet normal -0.981992 0.188924 0
    outer loop
      vertex 9.13618 82.1645 11.4
      vertex 9.28151 82.9199 12.9
      vertex 9.28151 82.9199 11.4
    endloop
  endfacet
  facet normal -0.981992 0.188924 0
    outer loop
      vertex 9.28151 82.9199 12.9
      vertex 9.13618 82.1645 11.4
      vertex 9.13618 82.1645 12.9
    endloop
  endfacet
  facet normal -0.985613 0.16902 0
    outer loop
      vertex 9.00729 81.4129 11.4
      vertex 9.13618 82.1645 12.9
      vertex 9.13618 82.1645 11.4
    endloop
  endfacet
  facet normal -0.985613 0.16902 0
    outer loop
      vertex 9.13618 82.1645 12.9
      vertex 9.00729 81.4129 11.4
      vertex 9.00729 81.4129 12.9
    endloop
  endfacet
  facet normal -0.989184 0.146679 0
    outer loop
      vertex 8.89636 80.6648 11.4
      vertex 9.00729 81.4129 12.9
      vertex 9.00729 81.4129 11.4
    endloop
  endfacet
  facet normal -0.989184 0.146679 0
    outer loop
      vertex 9.00729 81.4129 12.9
      vertex 8.89636 80.6648 11.4
      vertex 8.89636 80.6648 12.9
    endloop
  endfacet
  facet normal -0.992519 0.12209 0
    outer loop
      vertex 8.80473 79.9199 11.4
      vertex 8.89636 80.6648 12.9
      vertex 8.89636 80.6648 11.4
    endloop
  endfacet
  facet normal -0.992519 0.12209 0
    outer loop
      vertex 8.89636 80.6648 12.9
      vertex 8.80473 79.9199 11.4
      vertex 8.80473 79.9199 12.9
    endloop
  endfacet
  facet normal -0.995433 0.095465 0
    outer loop
      vertex 8.73357 79.1779 11.4
      vertex 8.80473 79.9199 12.9
      vertex 8.80473 79.9199 11.4
    endloop
  endfacet
  facet normal -0.995433 0.095465 0
    outer loop
      vertex 8.80473 79.9199 12.9
      vertex 8.73357 79.1779 11.4
      vertex 8.73357 79.1779 12.9
    endloop
  endfacet
  facet normal -0.997752 0.067016 0
    outer loop
      vertex 8.6839 78.4384 11.4
      vertex 8.73357 79.1779 12.9
      vertex 8.73357 79.1779 11.4
    endloop
  endfacet
  facet normal -0.997752 0.067016 0
    outer loop
      vertex 8.73357 79.1779 12.9
      vertex 8.6839 78.4384 11.4
      vertex 8.6839 78.4384 12.9
    endloop
  endfacet
  facet normal -0.999312 0.0370999 0
    outer loop
      vertex 8.65652 77.7009 11.4
      vertex 8.6839 78.4384 12.9
      vertex 8.6839 78.4384 11.4
    endloop
  endfacet
  facet normal -0.999312 0.0370999 0
    outer loop
      vertex 8.6839 78.4384 12.9
      vertex 8.65652 77.7009 11.4
      vertex 8.65652 77.7009 12.9
    endloop
  endfacet
  facet normal -0.999982 0.00596457 0
    outer loop
      vertex 8.65213 76.9649 11.4
      vertex 8.65652 77.7009 12.9
      vertex 8.65652 77.7009 11.4
    endloop
  endfacet
  facet normal -0.999982 0.00596457 0
    outer loop
      vertex 8.65652 77.7009 12.9
      vertex 8.65213 76.9649 11.4
      vertex 8.65213 76.9649 12.9
    endloop
  endfacet
  facet normal -0.999663 -0.0259605 0
    outer loop
      vertex 8.67122 76.2298 11.4
      vertex 8.65213 76.9649 12.9
      vertex 8.65213 76.9649 11.4
    endloop
  endfacet
  facet normal -0.999663 -0.0259605 0
    outer loop
      vertex 8.65213 76.9649 12.9
      vertex 8.67122 76.2298 11.4
      vertex 8.67122 76.2298 12.9
    endloop
  endfacet
  facet normal -0.998298 -0.058319 0
    outer loop
      vertex 8.71414 75.4951 11.4
      vertex 8.67122 76.2298 12.9
      vertex 8.67122 76.2298 11.4
    endloop
  endfacet
  facet normal -0.998298 -0.058319 0
    outer loop
      vertex 8.67122 76.2298 12.9
      vertex 8.71414 75.4951 11.4
      vertex 8.71414 75.4951 12.9
    endloop
  endfacet
  facet normal -0.995882 -0.0906591 0
    outer loop
      vertex 8.78105 74.7601 11.4
      vertex 8.71414 75.4951 12.9
      vertex 8.71414 75.4951 11.4
    endloop
  endfacet
  facet normal -0.995882 -0.0906591 0
    outer loop
      vertex 8.71414 75.4951 12.9
      vertex 8.78105 74.7601 11.4
      vertex 8.78105 74.7601 12.9
    endloop
  endfacet
  facet normal -0.992452 -0.12263 0
    outer loop
      vertex 8.87198 74.0242 11.4
      vertex 8.78105 74.7601 12.9
      vertex 8.78105 74.7601 11.4
    endloop
  endfacet
  facet normal -0.992452 -0.12263 0
    outer loop
      vertex 8.78105 74.7601 12.9
      vertex 8.87198 74.0242 11.4
      vertex 8.87198 74.0242 12.9
    endloop
  endfacet
  facet normal -0.988095 -0.153842 0
    outer loop
      vertex 8.98679 73.2868 11.4
      vertex 8.87198 74.0242 12.9
      vertex 8.87198 74.0242 11.4
    endloop
  endfacet
  facet normal -0.988095 -0.153842 0
    outer loop
      vertex 8.87198 74.0242 12.9
      vertex 8.98679 73.2868 11.4
      vertex 8.98679 73.2868 12.9
    endloop
  endfacet
  facet normal -0.98294 -0.183929 0
    outer loop
      vertex 9.12511 72.5476 11.4
      vertex 8.98679 73.2868 12.9
      vertex 8.98679 73.2868 11.4
    endloop
  endfacet
  facet normal -0.98294 -0.183929 0
    outer loop
      vertex 8.98679 73.2868 12.9
      vertex 9.12511 72.5476 11.4
      vertex 9.12511 72.5476 12.9
    endloop
  endfacet
  facet normal -0.977143 -0.212584 0
    outer loop
      vertex 9.28645 71.806 11.4
      vertex 9.12511 72.5476 12.9
      vertex 9.12511 72.5476 11.4
    endloop
  endfacet
  facet normal -0.977143 -0.212584 0
    outer loop
      vertex 9.12511 72.5476 12.9
      vertex 9.28645 71.806 11.4
      vertex 9.28645 71.806 12.9
    endloop
  endfacet
  facet normal -0.970879 -0.23957 0
    outer loop
      vertex 9.47011 71.0617 11.4
      vertex 9.28645 71.806 12.9
      vertex 9.28645 71.806 11.4
    endloop
  endfacet
  facet normal -0.970879 -0.23957 0
    outer loop
      vertex 9.28645 71.806 12.9
      vertex 9.47011 71.0617 11.4
      vertex 9.47011 71.0617 12.9
    endloop
  endfacet
  facet normal -0.964363 -0.264584 0
    outer loop
      vertex 9.67514 70.3144 11.4
      vertex 9.47011 71.0617 12.9
      vertex 9.47011 71.0617 11.4
    endloop
  endfacet
  facet normal -0.964363 -0.264584 0
    outer loop
      vertex 9.47011 71.0617 12.9
      vertex 9.67514 70.3144 11.4
      vertex 9.67514 70.3144 12.9
    endloop
  endfacet
  facet normal -0.957781 -0.2875 0
    outer loop
      vertex 9.90045 69.5638 11.4
      vertex 9.67514 70.3144 12.9
      vertex 9.67514 70.3144 11.4
    endloop
  endfacet
  facet normal -0.957781 -0.2875 0
    outer loop
      vertex 9.67514 70.3144 12.9
      vertex 9.90045 69.5638 11.4
      vertex 9.90045 69.5638 12.9
    endloop
  endfacet
  facet normal -0.951342 -0.308136 0
    outer loop
      vertex 10.1447 68.8097 11.4
      vertex 9.90045 69.5638 12.9
      vertex 9.90045 69.5638 11.4
    endloop
  endfacet
  facet normal -0.951342 -0.308136 0
    outer loop
      vertex 9.90045 69.5638 12.9
      vertex 10.1447 68.8097 11.4
      vertex 10.1447 68.8097 12.9
    endloop
  endfacet
  facet normal -0.945197 -0.326502 0
    outer loop
      vertex 10.4064 68.0521 11.4
      vertex 10.1447 68.8097 12.9
      vertex 10.1447 68.8097 11.4
    endloop
  endfacet
  facet normal -0.945197 -0.326502 0
    outer loop
      vertex 10.1447 68.8097 12.9
      vertex 10.4064 68.0521 11.4
      vertex 10.4064 68.0521 12.9
    endloop
  endfacet
  facet normal -0.93953 -0.342466 0
    outer loop
      vertex 10.6839 67.2908 11.4
      vertex 10.4064 68.0521 12.9
      vertex 10.4064 68.0521 11.4
    endloop
  endfacet
  facet normal -0.93953 -0.342466 0
    outer loop
      vertex 10.4064 68.0521 12.9
      vertex 10.6839 67.2908 11.4
      vertex 10.6839 67.2908 12.9
    endloop
  endfacet
  facet normal -0.934484 -0.356005 0
    outer loop
      vertex 10.9753 66.5259 11.4
      vertex 10.6839 67.2908 12.9
      vertex 10.6839 67.2908 11.4
    endloop
  endfacet
  facet normal -0.934484 -0.356005 0
    outer loop
      vertex 10.6839 67.2908 12.9
      vertex 10.9753 66.5259 11.4
      vertex 10.9753 66.5259 12.9
    endloop
  endfacet
  facet normal -0.930252 -0.366921 0
    outer loop
      vertex 11.2785 65.7572 11.4
      vertex 10.9753 66.5259 12.9
      vertex 10.9753 66.5259 11.4
    endloop
  endfacet
  facet normal -0.930252 -0.366921 0
    outer loop
      vertex 10.9753 66.5259 12.9
      vertex 11.2785 65.7572 11.4
      vertex 11.2785 65.7572 12.9
    endloop
  endfacet
  facet normal -0.926837 -0.375463 0
    outer loop
      vertex 11.5914 64.9848 11.4
      vertex 11.2785 65.7572 12.9
      vertex 11.2785 65.7572 11.4
    endloop
  endfacet
  facet normal -0.926837 -0.375463 0
    outer loop
      vertex 11.2785 65.7572 12.9
      vertex 11.5914 64.9848 11.4
      vertex 11.5914 64.9848 12.9
    endloop
  endfacet
  facet normal -0.92433 -0.381594 0
    outer loop
      vertex 11.9118 64.2087 11.4
      vertex 11.5914 64.9848 12.9
      vertex 11.5914 64.9848 11.4
    endloop
  endfacet
  facet normal -0.92433 -0.381594 0
    outer loop
      vertex 11.5914 64.9848 12.9
      vertex 11.9118 64.2087 11.4
      vertex 11.9118 64.2087 12.9
    endloop
  endfacet
  facet normal -0.922874 -0.385103 0
    outer loop
      vertex 12.2372 63.4289 11.4
      vertex 11.9118 64.2087 12.9
      vertex 11.9118 64.2087 11.4
    endloop
  endfacet
  facet normal -0.922874 -0.385103 0
    outer loop
      vertex 11.9118 64.2087 12.9
      vertex 12.2372 63.4289 11.4
      vertex 12.2372 63.4289 12.9
    endloop
  endfacet
  facet normal -0.922389 -0.386262 0
    outer loop
      vertex 12.5653 62.6454 11.4
      vertex 12.2372 63.4289 12.9
      vertex 12.2372 63.4289 11.4
    endloop
  endfacet
  facet normal -0.922389 -0.386262 0
    outer loop
      vertex 12.2372 63.4289 12.9
      vertex 12.5653 62.6454 11.4
      vertex 12.5653 62.6454 12.9
    endloop
  endfacet
  facet normal -0.922969 -0.384873 0
    outer loop
      vertex 12.8936 61.8581 11.4
      vertex 12.5653 62.6454 12.9
      vertex 12.5653 62.6454 11.4
    endloop
  endfacet
  facet normal -0.922969 -0.384873 0
    outer loop
      vertex 12.5653 62.6454 12.9
      vertex 12.8936 61.8581 11.4
      vertex 12.8936 61.8581 12.9
    endloop
  endfacet
  facet normal -0.92454 -0.381085 0
    outer loop
      vertex 13.2196 61.0672 11.4
      vertex 12.8936 61.8581 12.9
      vertex 12.8936 61.8581 11.4
    endloop
  endfacet
  facet normal -0.92454 -0.381085 0
    outer loop
      vertex 12.8936 61.8581 12.9
      vertex 13.2196 61.0672 11.4
      vertex 13.2196 61.0672 12.9
    endloop
  endfacet
  facet normal -0.927176 -0.374627 0
    outer loop
      vertex 13.5407 60.2725 11.4
      vertex 13.2196 61.0672 12.9
      vertex 13.2196 61.0672 11.4
    endloop
  endfacet
  facet normal -0.927176 -0.374627 0
    outer loop
      vertex 13.2196 61.0672 12.9
      vertex 13.5407 60.2725 11.4
      vertex 13.5407 60.2725 12.9
    endloop
  endfacet
  facet normal -0.930655 -0.365898 0
    outer loop
      vertex 13.8546 59.4741 11.4
      vertex 13.5407 60.2725 12.9
      vertex 13.5407 60.2725 11.4
    endloop
  endfacet
  facet normal -0.930655 -0.365898 0
    outer loop
      vertex 13.5407 60.2725 12.9
      vertex 13.8546 59.4741 11.4
      vertex 13.8546 59.4741 12.9
    endloop
  endfacet
  facet normal -0.935015 -0.354609 0
    outer loop
      vertex 14.1588 58.672 11.4
      vertex 13.8546 59.4741 12.9
      vertex 13.8546 59.4741 11.4
    endloop
  endfacet
  facet normal -0.935015 -0.354609 0
    outer loop
      vertex 13.8546 59.4741 12.9
      vertex 14.1588 58.672 11.4
      vertex 14.1588 58.672 12.9
    endloop
  endfacet
  facet normal -0.940137 -0.340797 0
    outer loop
      vertex 14.4509 57.8662 11.4
      vertex 14.1588 58.672 12.9
      vertex 14.1588 58.672 11.4
    endloop
  endfacet
  facet normal -0.940137 -0.340797 0
    outer loop
      vertex 14.1588 58.672 12.9
      vertex 14.4509 57.8662 11.4
      vertex 14.4509 57.8662 12.9
    endloop
  endfacet
  facet normal -0.945818 -0.324698 0
    outer loop
      vertex 14.7288 57.0567 11.4
      vertex 14.4509 57.8662 12.9
      vertex 14.4509 57.8662 11.4
    endloop
  endfacet
  facet normal -0.945818 -0.324698 0
    outer loop
      vertex 14.4509 57.8662 12.9
      vertex 14.7288 57.0567 11.4
      vertex 14.7288 57.0567 12.9
    endloop
  endfacet
  facet normal -0.952025 -0.306021 0
    outer loop
      vertex 14.9901 56.2438 11.4
      vertex 14.7288 57.0567 12.9
      vertex 14.7288 57.0567 11.4
    endloop
  endfacet
  facet normal -0.952025 -0.306021 0
    outer loop
      vertex 14.7288 57.0567 12.9
      vertex 14.9901 56.2438 11.4
      vertex 14.9901 56.2438 12.9
    endloop
  endfacet
  facet normal -0.958477 -0.285171 0
    outer loop
      vertex 15.233 55.4274 11.4
      vertex 14.9901 56.2438 12.9
      vertex 14.9901 56.2438 11.4
    endloop
  endfacet
  facet normal -0.958477 -0.285171 0
    outer loop
      vertex 14.9901 56.2438 12.9
      vertex 15.233 55.4274 11.4
      vertex 15.233 55.4274 12.9
    endloop
  endfacet
  facet normal -0.965078 -0.261962 0
    outer loop
      vertex 15.4555 54.6077 11.4
      vertex 15.233 55.4274 12.9
      vertex 15.233 55.4274 11.4
    endloop
  endfacet
  facet normal -0.965078 -0.261962 0
    outer loop
      vertex 15.233 55.4274 12.9
      vertex 15.4555 54.6077 11.4
      vertex 15.4555 54.6077 12.9
    endloop
  endfacet
  facet normal -0.971563 -0.236779 0
    outer loop
      vertex 15.656 53.785 11.4
      vertex 15.4555 54.6077 12.9
      vertex 15.4555 54.6077 11.4
    endloop
  endfacet
  facet normal -0.971563 -0.236779 0
    outer loop
      vertex 15.4555 54.6077 12.9
      vertex 15.656 53.785 11.4
      vertex 15.656 53.785 12.9
    endloop
  endfacet
  facet normal -0.97779 -0.209586 0
    outer loop
      vertex 15.8329 52.9597 11.4
      vertex 15.656 53.785 12.9
      vertex 15.656 53.785 11.4
    endloop
  endfacet
  facet normal -0.97779 -0.209586 0
    outer loop
      vertex 15.656 53.785 12.9
      vertex 15.8329 52.9597 11.4
      vertex 15.8329 52.9597 12.9
    endloop
  endfacet
  facet normal -0.983532 -0.180736 0
    outer loop
      vertex 15.985 52.132 11.4
      vertex 15.8329 52.9597 12.9
      vertex 15.8329 52.9597 11.4
    endloop
  endfacet
  facet normal -0.983532 -0.180736 0
    outer loop
      vertex 15.8329 52.9597 12.9
      vertex 15.985 52.132 11.4
      vertex 15.985 52.132 12.9
    endloop
  endfacet
  facet normal -0.988588 -0.150642 0
    outer loop
      vertex 16.1114 51.3025 11.4
      vertex 15.985 52.132 12.9
      vertex 15.985 52.132 11.4
    endloop
  endfacet
  facet normal -0.988588 -0.150642 0
    outer loop
      vertex 15.985 52.132 12.9
      vertex 16.1114 51.3025 11.4
      vertex 16.1114 51.3025 12.9
    endloop
  endfacet
  facet normal -0.992864 -0.119254 0
    outer loop
      vertex 16.2112 50.4716 11.4
      vertex 16.1114 51.3025 12.9
      vertex 16.1114 51.3025 11.4
    endloop
  endfacet
  facet normal -0.992864 -0.119254 0
    outer loop
      vertex 16.1114 51.3025 12.9
      vertex 16.2112 50.4716 11.4
      vertex 16.2112 50.4716 12.9
    endloop
  endfacet
  facet normal -0.996191 -0.0871982 0
    outer loop
      vertex 16.284 49.6399 11.4
      vertex 16.2112 50.4716 12.9
      vertex 16.2112 50.4716 11.4
    endloop
  endfacet
  facet normal -0.996191 -0.0871982 0
    outer loop
      vertex 16.2112 50.4716 12.9
      vertex 16.284 49.6399 11.4
      vertex 16.284 49.6399 12.9
    endloop
  endfacet
  facet normal -0.998495 -0.0548518 0
    outer loop
      vertex 16.3297 48.808 11.4
      vertex 16.284 49.6399 12.9
      vertex 16.284 49.6399 11.4
    endloop
  endfacet
  facet normal -0.998495 -0.0548518 0
    outer loop
      vertex 16.284 49.6399 12.9
      vertex 16.3297 48.808 11.4
      vertex 16.3297 48.808 12.9
    endloop
  endfacet
  facet normal -0.999747 -0.0224838 0
    outer loop
      vertex 16.3484 47.9765 11.4
      vertex 16.3297 48.808 12.9
      vertex 16.3297 48.808 11.4
    endloop
  endfacet
  facet normal -0.999747 -0.0224838 0
    outer loop
      vertex 16.3297 48.808 12.9
      vertex 16.3484 47.9765 11.4
      vertex 16.3484 47.9765 12.9
    endloop
  endfacet
  facet normal -0.999957 0.00927112 0
    outer loop
      vertex 16.3407 47.146 11.4
      vertex 16.3484 47.9765 12.9
      vertex 16.3484 47.9765 11.4
    endloop
  endfacet
  facet normal -0.999957 0.00927112 0
    outer loop
      vertex 16.3484 47.9765 12.9
      vertex 16.3407 47.146 11.4
      vertex 16.3407 47.146 12.9
    endloop
  endfacet
  facet normal -0.999189 0.0402568 0
    outer loop
      vertex 16.3073 46.317 11.4
      vertex 16.3407 47.146 12.9
      vertex 16.3407 47.146 11.4
    endloop
  endfacet
  facet normal -0.999189 0.0402568 0
    outer loop
      vertex 16.3407 47.146 12.9
      vertex 16.3073 46.317 11.4
      vertex 16.3073 46.317 12.9
    endloop
  endfacet
  facet normal -0.997533 0.0702012 0
    outer loop
      vertex 16.2491 45.49 11.4
      vertex 16.3073 46.317 12.9
      vertex 16.3073 46.317 11.4
    endloop
  endfacet
  facet normal -0.997533 0.0702012 0
    outer loop
      vertex 16.3073 46.317 12.9
      vertex 16.2491 45.49 11.4
      vertex 16.2491 45.49 12.9
    endloop
  endfacet
  facet normal -0.995161 0.0982607 0
    outer loop
      vertex 16.1677 44.6656 11.4
      vertex 16.2491 45.49 12.9
      vertex 16.2491 45.49 11.4
    endloop
  endfacet
  facet normal -0.995161 0.0982607 0
    outer loop
      vertex 16.2491 45.49 12.9
      vertex 16.1677 44.6656 11.4
      vertex 16.1677 44.6656 12.9
    endloop
  endfacet
  facet normal -0.992185 0.124778 0
    outer loop
      vertex 16.0644 43.8442 11.4
      vertex 16.1677 44.6656 12.9
      vertex 16.1677 44.6656 11.4
    endloop
  endfacet
  facet normal -0.992185 0.124778 0
    outer loop
      vertex 16.1677 44.6656 12.9
      vertex 16.0644 43.8442 11.4
      vertex 16.0644 43.8442 12.9
    endloop
  endfacet
  facet normal -0.988817 0.149132 0
    outer loop
      vertex 15.941 43.026 11.4
      vertex 16.0644 43.8442 12.9
      vertex 16.0644 43.8442 11.4
    endloop
  endfacet
  facet normal -0.988817 0.149132 0
    outer loop
      vertex 16.0644 43.8442 12.9
      vertex 15.941 43.026 11.4
      vertex 15.941 43.026 12.9
    endloop
  endfacet
  facet normal -0.985226 0.17126 0
    outer loop
      vertex 15.7994 42.2114 11.4
      vertex 15.941 43.026 12.9
      vertex 15.941 43.026 11.4
    endloop
  endfacet
  facet normal -0.985226 0.17126 0
    outer loop
      vertex 15.941 43.026 12.9
      vertex 15.7994 42.2114 11.4
      vertex 15.7994 42.2114 12.9
    endloop
  endfacet
  facet normal -0.981614 0.190876 0
    outer loop
      vertex 15.6417 41.4004 11.4
      vertex 15.7994 42.2114 12.9
      vertex 15.7994 42.2114 11.4
    endloop
  endfacet
  facet normal -0.981614 0.190876 0
    outer loop
      vertex 15.7994 42.2114 12.9
      vertex 15.6417 41.4004 11.4
      vertex 15.6417 41.4004 12.9
    endloop
  endfacet
  facet normal -0.978131 0.207989 0
    outer loop
      vertex 15.4701 40.5934 11.4
      vertex 15.6417 41.4004 12.9
      vertex 15.6417 41.4004 11.4
    endloop
  endfacet
  facet normal -0.978131 0.207989 0
    outer loop
      vertex 15.6417 41.4004 12.9
      vertex 15.4701 40.5934 11.4
      vertex 15.4701 40.5934 12.9
    endloop
  endfacet
  facet normal -0.974929 0.222518 0
    outer loop
      vertex 15.2868 39.7903 11.4
      vertex 15.4701 40.5934 12.9
      vertex 15.4701 40.5934 11.4
    endloop
  endfacet
  facet normal -0.974929 0.222518 0
    outer loop
      vertex 15.4701 40.5934 12.9
      vertex 15.2868 39.7903 11.4
      vertex 15.2868 39.7903 12.9
    endloop
  endfacet
  facet normal -0.972155 0.234339 0
    outer loop
      vertex 15.0942 38.9913 11.4
      vertex 15.2868 39.7903 12.9
      vertex 15.2868 39.7903 11.4
    endloop
  endfacet
  facet normal -0.972155 0.234339 0
    outer loop
      vertex 15.2868 39.7903 12.9
      vertex 15.0942 38.9913 11.4
      vertex 15.0942 38.9913 12.9
    endloop
  endfacet
  facet normal -0.969927 0.243397 0
    outer loop
      vertex 14.8947 38.1963 11.4
      vertex 15.0942 38.9913 12.9
      vertex 15.0942 38.9913 11.4
    endloop
  endfacet
  facet normal -0.969927 0.243397 0
    outer loop
      vertex 15.0942 38.9913 12.9
      vertex 14.8947 38.1963 11.4
      vertex 14.8947 38.1963 12.9
    endloop
  endfacet
  facet normal -0.968308 0.24976 0
    outer loop
      vertex 14.6907 37.4054 11.4
      vertex 14.8947 38.1963 12.9
      vertex 14.8947 38.1963 11.4
    endloop
  endfacet
  facet normal -0.968308 0.24976 0
    outer loop
      vertex 14.8947 38.1963 12.9
      vertex 14.6907 37.4054 11.4
      vertex 14.6907 37.4054 12.9
    endloop
  endfacet
  facet normal -0.967332 0.253513 0
    outer loop
      vertex 14.4845 36.6186 11.4
      vertex 14.6907 37.4054 12.9
      vertex 14.6907 37.4054 11.4
    endloop
  endfacet
  facet normal -0.967332 0.253513 0
    outer loop
      vertex 14.6907 37.4054 12.9
      vertex 14.4845 36.6186 11.4
      vertex 14.4845 36.6186 12.9
    endloop
  endfacet
  facet normal -0.967075 0.254493 0
    outer loop
      vertex 14.2785 35.8358 11.4
      vertex 14.4845 36.6186 12.9
      vertex 14.4845 36.6186 11.4
    endloop
  endfacet
  facet normal -0.967075 0.254493 0
    outer loop
      vertex 14.4845 36.6186 12.9
      vertex 14.2785 35.8358 11.4
      vertex 14.2785 35.8358 12.9
    endloop
  endfacet
  facet normal -0.967538 0.252725 0
    outer loop
      vertex 14.0751 35.0571 11.4
      vertex 14.2785 35.8358 12.9
      vertex 14.2785 35.8358 11.4
    endloop
  endfacet
  facet normal -0.967538 0.252725 0
    outer loop
      vertex 14.2785 35.8358 12.9
      vertex 14.0751 35.0571 11.4
      vertex 14.0751 35.0571 12.9
    endloop
  endfacet
  facet normal -0.968654 0.248414 0
    outer loop
      vertex 13.8764 34.2823 11.4
      vertex 14.0751 35.0571 12.9
      vertex 14.0751 35.0571 11.4
    endloop
  endfacet
  facet normal -0.968654 0.248414 0
    outer loop
      vertex 14.0751 35.0571 12.9
      vertex 13.8764 34.2823 11.4
      vertex 13.8764 34.2823 12.9
    endloop
  endfacet
  facet normal -0.970445 0.241321 0
    outer loop
      vertex 13.6847 33.5114 11.4
      vertex 13.8764 34.2823 12.9
      vertex 13.8764 34.2823 11.4
    endloop
  endfacet
  facet normal -0.970445 0.241321 0
    outer loop
      vertex 13.8764 34.2823 12.9
      vertex 13.6847 33.5114 11.4
      vertex 13.6847 33.5114 12.9
    endloop
  endfacet
  facet normal -0.972733 0.231929 0
    outer loop
      vertex 13.5018 32.7443 11.4
      vertex 13.6847 33.5114 12.9
      vertex 13.6847 33.5114 11.4
    endloop
  endfacet
  facet normal -0.972733 0.231929 0
    outer loop
      vertex 13.6847 33.5114 12.9
      vertex 13.5018 32.7443 11.4
      vertex 13.5018 32.7443 12.9
    endloop
  endfacet
  facet normal -0.975552 0.219771 0
    outer loop
      vertex 13.3298 31.9808 11.4
      vertex 13.5018 32.7443 12.9
      vertex 13.5018 32.7443 11.4
    endloop
  endfacet
  facet normal -0.975552 0.219771 0
    outer loop
      vertex 13.5018 32.7443 12.9
      vertex 13.3298 31.9808 11.4
      vertex 13.3298 31.9808 12.9
    endloop
  endfacet
  facet normal -0.978694 0.205322 0
    outer loop
      vertex 13.1704 31.221 11.4
      vertex 13.3298 31.9808 12.9
      vertex 13.3298 31.9808 11.4
    endloop
  endfacet
  facet normal -0.978694 0.205322 0
    outer loop
      vertex 13.3298 31.9808 12.9
      vertex 13.1704 31.221 11.4
      vertex 13.1704 31.221 12.9
    endloop
  endfacet
  facet normal -0.982079 0.188472 0
    outer loop
      vertex 13.0252 30.4644 11.4
      vertex 13.1704 31.221 12.9
      vertex 13.1704 31.221 11.4
    endloop
  endfacet
  facet normal -0.982079 0.188472 0
    outer loop
      vertex 13.1704 31.221 12.9
      vertex 13.0252 30.4644 11.4
      vertex 13.0252 30.4644 12.9
    endloop
  endfacet
  facet normal -0.985525 0.16953 0
    outer loop
      vertex 12.8956 29.711 11.4
      vertex 13.0252 30.4644 12.9
      vertex 13.0252 30.4644 11.4
    endloop
  endfacet
  facet normal -0.985525 0.16953 0
    outer loop
      vertex 13.0252 30.4644 12.9
      vertex 12.8956 29.711 11.4
      vertex 12.8956 29.711 12.9
    endloop
  endfacet
  facet normal -0.988876 0.14874 0
    outer loop
      vertex 12.7827 28.9604 11.4
      vertex 12.8956 29.711 12.9
      vertex 12.8956 29.711 11.4
    endloop
  endfacet
  facet normal -0.988876 0.14874 0
    outer loop
      vertex 12.8956 29.711 12.9
      vertex 12.7827 28.9604 11.4
      vertex 12.7827 28.9604 12.9
    endloop
  endfacet
  facet normal -0.992031 0.125993 0
    outer loop
      vertex 12.6877 28.2124 11.4
      vertex 12.7827 28.9604 12.9
      vertex 12.7827 28.9604 11.4
    endloop
  endfacet
  facet normal -0.992031 0.125993 0
    outer loop
      vertex 12.7827 28.9604 12.9
      vertex 12.6877 28.2124 11.4
      vertex 12.6877 28.2124 12.9
    endloop
  endfacet
  facet normal -0.994822 0.10163 0
    outer loop
      vertex 12.6115 27.4665 11.4
      vertex 12.6877 28.2124 12.9
      vertex 12.6877 28.2124 11.4
    endloop
  endfacet
  facet normal -0.994822 0.10163 0
    outer loop
      vertex 12.6877 28.2124 12.9
      vertex 12.6115 27.4665 11.4
      vertex 12.6115 27.4665 12.9
    endloop
  endfacet
  facet normal -0.997091 0.0762253 0
    outer loop
      vertex 12.5546 26.7222 11.4
      vertex 12.6115 27.4665 12.9
      vertex 12.6115 27.4665 11.4
    endloop
  endfacet
  facet normal -0.997091 0.0762253 0
    outer loop
      vertex 12.6115 27.4665 12.9
      vertex 12.5546 26.7222 11.4
      vertex 12.5546 26.7222 12.9
    endloop
  endfacet
  facet normal -0.998769 0.0496024 0
    outer loop
      vertex 12.5177 25.9792 11.4
      vertex 12.5546 26.7222 12.9
      vertex 12.5546 26.7222 11.4
    endloop
  endfacet
  facet normal -0.998769 0.0496024 0
    outer loop
      vertex 12.5546 26.7222 12.9
      vertex 12.5177 25.9792 11.4
      vertex 12.5177 25.9792 12.9
    endloop
  endfacet
  facet normal -0.999747 0.0224889 0
    outer loop
      vertex 12.501 25.2368 11.4
      vertex 12.5177 25.9792 12.9
      vertex 12.5177 25.9792 11.4
    endloop
  endfacet
  facet normal -0.999747 0.0224889 0
    outer loop
      vertex 12.5177 25.9792 12.9
      vertex 12.501 25.2368 11.4
      vertex 12.501 25.2368 12.9
    endloop
  endfacet
  facet normal -0.999988 -0.00498579 0
    outer loop
      vertex 12.5047 24.4947 11.4
      vertex 12.501 25.2368 12.9
      vertex 12.501 25.2368 11.4
    endloop
  endfacet
  facet normal -0.999988 -0.00498579 0
    outer loop
      vertex 12.501 25.2368 12.9
      vertex 12.5047 24.4947 11.4
      vertex 12.5047 24.4947 12.9
    endloop
  endfacet
  facet normal -0.999478 -0.0323064 0
    outer loop
      vertex 12.5287 23.7522 11.4
      vertex 12.5047 24.4947 12.9
      vertex 12.5047 24.4947 11.4
    endloop
  endfacet
  facet normal -0.999478 -0.0323064 0
    outer loop
      vertex 12.5047 24.4947 12.9
      vertex 12.5287 23.7522 11.4
      vertex 12.5287 23.7522 12.9
    endloop
  endfacet
  facet normal -0.998235 -0.059386 0
    outer loop
      vertex 12.5675 23.1 11.4
      vertex 12.5287 23.7522 12.9
      vertex 12.5287 23.7522 11.4
    endloop
  endfacet
  facet normal -0.998235 -0.059386 0
    outer loop
      vertex 12.5287 23.7522 12.9
      vertex 12.5675 23.1 11.4
      vertex 12.5675 23.1 12.9
    endloop
  endfacet
  facet normal 0.0725056 -0.997368 0
    outer loop
      vertex 13.8281 23.1 11.4
      vertex 20.5519 23.5888 12.9
      vertex 13.8281 23.1 12.9
    endloop
  endfacet
  facet normal 0.0725056 -0.997368 0
    outer loop
      vertex 20.5519 23.5888 12.9
      vertex 13.8281 23.1 11.4
      vertex 20.5519 23.5888 11.4
    endloop
  endfacet
  facet normal 0.998238 0.0593316 0
    outer loop
      vertex 9.5625 23.1 12.9
      vertex 9.53192 23.6145 11.4
      vertex 9.53192 23.6145 12.9
    endloop
  endfacet
  facet normal 0.998238 0.0593316 0
    outer loop
      vertex 9.53192 23.6145 11.4
      vertex 9.5625 23.1 12.9
      vertex 9.5625 23.1 11.4
    endloop
  endfacet
  facet normal 0.999477 0.0323335 0
    outer loop
      vertex 9.53192 23.6145 12.9
      vertex 9.50526 24.4386 11.4
      vertex 9.50526 24.4386 12.9
    endloop
  endfacet
  facet normal 0.999477 0.0323335 0
    outer loop
      vertex 9.50526 24.4386 11.4
      vertex 9.53192 23.6145 12.9
      vertex 9.53192 23.6145 11.4
    endloop
  endfacet
  facet normal 0.999988 0.00497265 0
    outer loop
      vertex 9.50526 24.4386 12.9
      vertex 9.50116 25.2631 11.4
      vertex 9.50116 25.2631 12.9
    endloop
  endfacet
  facet normal 0.999988 0.00497265 0
    outer loop
      vertex 9.50116 25.2631 11.4
      vertex 9.50526 24.4386 12.9
      vertex 9.50526 24.4386 11.4
    endloop
  endfacet
  facet normal 0.999748 -0.0224592 0
    outer loop
      vertex 9.50116 25.2631 12.9
      vertex 9.51968 26.0875 11.4
      vertex 9.51968 26.0875 12.9
    endloop
  endfacet
  facet normal 0.999748 -0.0224592 0
    outer loop
      vertex 9.51968 26.0875 11.4
      vertex 9.50116 25.2631 12.9
      vertex 9.50116 25.2631 11.4
    endloop
  endfacet
  facet normal 0.998767 -0.0496352 0
    outer loop
      vertex 9.51968 26.0875 12.9
      vertex 9.56061 26.9111 11.4
      vertex 9.56061 26.9111 12.9
    endloop
  endfacet
  facet normal 0.998767 -0.0496352 0
    outer loop
      vertex 9.56061 26.9111 11.4
      vertex 9.51968 26.0875 12.9
      vertex 9.51968 26.0875 11.4
    endloop
  endfacet
  facet normal 0.997097 -0.0761402 0
    outer loop
      vertex 9.56061 26.9111 12.9
      vertex 9.62341 27.7335 11.4
      vertex 9.62341 27.7335 12.9
    endloop
  endfacet
  facet normal 0.997097 -0.0761402 0
    outer loop
      vertex 9.62341 27.7335 11.4
      vertex 9.56061 26.9111 12.9
      vertex 9.56061 26.9111 11.4
    endloop
  endfacet
  facet normal 0.994819 -0.101664 0
    outer loop
      vertex 9.62341 27.7335 12.9
      vertex 9.70729 28.5543 11.4
      vertex 9.70729 28.5543 12.9
    endloop
  endfacet
  facet normal 0.994819 -0.101664 0
    outer loop
      vertex 9.70729 28.5543 11.4
      vertex 9.62341 27.7335 12.9
      vertex 9.62341 27.7335 11.4
    endloop
  endfacet
  facet normal 0.99204 -0.125926 0
    outer loop
      vertex 9.70729 28.5543 12.9
      vertex 9.8112 29.3729 11.4
      vertex 9.8112 29.3729 12.9
    endloop
  endfacet
  facet normal 0.99204 -0.125926 0
    outer loop
      vertex 9.8112 29.3729 11.4
      vertex 9.70729 28.5543 12.9
      vertex 9.70729 28.5543 11.4
    endloop
  endfacet
  facet normal 0.988889 -0.148654 0
    outer loop
      vertex 9.8112 29.3729 12.9
      vertex 9.93388 30.189 11.4
      vertex 9.93388 30.189 12.9
    endloop
  endfacet
  facet normal 0.988889 -0.148654 0
    outer loop
      vertex 9.93388 30.189 11.4
      vertex 9.8112 29.3729 12.9
      vertex 9.8112 29.3729 11.4
    endloop
  endfacet
  facet normal 0.985518 -0.169569 0
    outer loop
      vertex 9.93388 30.189 12.9
      vertex 10.0738 31.0022 11.4
      vertex 10.0738 31.0022 12.9
    endloop
  endfacet
  facet normal 0.985518 -0.169569 0
    outer loop
      vertex 10.0738 31.0022 11.4
      vertex 9.93388 30.189 12.9
      vertex 9.93388 30.189 11.4
    endloop
  endfacet
  facet normal 0.982076 -0.188488 0
    outer loop
      vertex 10.0738 31.0022 12.9
      vertex 10.2293 31.8124 11.4
      vertex 10.2293 31.8124 12.9
    endloop
  endfacet
  facet normal 0.982076 -0.188488 0
    outer loop
      vertex 10.2293 31.8124 11.4
      vertex 10.0738 31.0022 12.9
      vertex 10.0738 31.0022 11.4
    endloop
  endfacet
  facet normal 0.97868 -0.205393 0
    outer loop
      vertex 10.2293 31.8124 12.9
      vertex 10.3986 32.6191 11.4
      vertex 10.3986 32.6191 12.9
    endloop
  endfacet
  facet normal 0.97868 -0.205393 0
    outer loop
      vertex 10.3986 32.6191 11.4
      vertex 10.2293 31.8124 12.9
      vertex 10.2293 31.8124 11.4
    endloop
  endfacet
  facet normal 0.975569 -0.219694 0
    outer loop
      vertex 10.3986 32.6191 12.9
      vertex 10.5795 33.4224 11.4
      vertex 10.5795 33.4224 12.9
    endloop
  endfacet
  facet normal 0.975569 -0.219694 0
    outer loop
      vertex 10.5795 33.4224 11.4
      vertex 10.3986 32.6191 12.9
      vertex 10.3986 32.6191 11.4
    endloop
  endfacet
  facet normal 0.972767 -0.231785 0
    outer loop
      vertex 10.5795 33.4224 12.9
      vertex 10.77 34.2219 11.4
      vertex 10.77 34.2219 12.9
    endloop
  endfacet
  facet normal 0.972767 -0.231785 0
    outer loop
      vertex 10.77 34.2219 11.4
      vertex 10.5795 33.4224 12.9
      vertex 10.5795 33.4224 11.4
    endloop
  endfacet
  facet normal 0.970414 -0.241445 0
    outer loop
      vertex 10.77 34.2219 12.9
      vertex 10.968 35.0177 11.4
      vertex 10.968 35.0177 12.9
    endloop
  endfacet
  facet normal 0.970414 -0.241445 0
    outer loop
      vertex 10.968 35.0177 11.4
      vertex 10.77 34.2219 12.9
      vertex 10.77 34.2219 11.4
    endloop
  endfacet
  facet normal 0.968679 -0.248316 0
    outer loop
      vertex 10.968 35.0177 12.9
      vertex 11.171 35.8096 11.4
      vertex 11.171 35.8096 12.9
    endloop
  endfacet
  facet normal 0.968679 -0.248316 0
    outer loop
      vertex 11.171 35.8096 11.4
      vertex 10.968 35.0177 12.9
      vertex 10.968 35.0177 11.4
    endloop
  endfacet
  facet normal 0.967539 -0.252722 0
    outer loop
      vertex 11.171 35.8096 12.9
      vertex 11.3768 36.5975 11.4
      vertex 11.3768 36.5975 12.9
    endloop
  endfacet
  facet normal 0.967539 -0.252722 0
    outer loop
      vertex 11.3768 36.5975 11.4
      vertex 11.171 35.8096 12.9
      vertex 11.171 35.8096 11.4
    endloop
  endfacet
  facet normal 0.967071 -0.254505 0
    outer loop
      vertex 11.3768 36.5975 12.9
      vertex 11.5831 37.3814 11.4
      vertex 11.5831 37.3814 12.9
    endloop
  endfacet
  facet normal 0.967071 -0.254505 0
    outer loop
      vertex 11.5831 37.3814 11.4
      vertex 11.3768 36.5975 12.9
      vertex 11.3768 36.5975 11.4
    endloop
  endfacet
  facet normal 0.967352 -0.253437 0
    outer loop
      vertex 11.5831 37.3814 12.9
      vertex 11.7874 38.1612 11.4
      vertex 11.7874 38.1612 12.9
    endloop
  endfacet
  facet normal 0.967352 -0.253437 0
    outer loop
      vertex 11.7874 38.1612 11.4
      vertex 11.5831 37.3814 12.9
      vertex 11.5831 37.3814 11.4
    endloop
  endfacet
  facet normal 0.968279 -0.24987 0
    outer loop
      vertex 11.7874 38.1612 12.9
      vertex 11.9876 38.937 11.4
      vertex 11.9876 38.937 12.9
    endloop
  endfacet
  facet normal 0.968279 -0.24987 0
    outer loop
      vertex 11.9876 38.937 11.4
      vertex 11.7874 38.1612 12.9
      vertex 11.7874 38.1612 11.4
    endloop
  endfacet
  facet normal 0.969913 -0.243452 0
    outer loop
      vertex 11.9876 38.937 12.9
      vertex 12.1813 39.7087 11.4
      vertex 12.1813 39.7087 12.9
    endloop
  endfacet
  facet normal 0.969913 -0.243452 0
    outer loop
      vertex 12.1813 39.7087 11.4
      vertex 11.9876 38.937 12.9
      vertex 11.9876 38.937 11.4
    endloop
  endfacet
  facet normal 0.972164 -0.234302 0
    outer loop
      vertex 12.1813 39.7087 12.9
      vertex 12.3663 40.4763 11.4
      vertex 12.3663 40.4763 12.9
    endloop
  endfacet
  facet normal 0.972164 -0.234302 0
    outer loop
      vertex 12.3663 40.4763 11.4
      vertex 12.1813 39.7087 12.9
      vertex 12.1813 39.7087 11.4
    endloop
  endfacet
  facet normal 0.974924 -0.222537 0
    outer loop
      vertex 12.3663 40.4763 12.9
      vertex 12.5406 41.2399 11.4
      vertex 12.5406 41.2399 12.9
    endloop
  endfacet
  facet normal 0.974924 -0.222537 0
    outer loop
      vertex 12.5406 41.2399 11.4
      vertex 12.3663 40.4763 12.9
      vertex 12.3663 40.4763 11.4
    endloop
  endfacet
  facet normal 0.978142 -0.207937 0
    outer loop
      vertex 12.5406 41.2399 12.9
      vertex 12.7021 41.9996 11.4
      vertex 12.7021 41.9996 12.9
    endloop
  endfacet
  facet normal 0.978142 -0.207937 0
    outer loop
      vertex 12.7021 41.9996 11.4
      vertex 12.5406 41.2399 12.9
      vertex 12.5406 41.2399 11.4
    endloop
  endfacet
  facet normal 0.981601 -0.190943 0
    outer loop
      vertex 12.7021 41.9996 12.9
      vertex 12.8491 42.7553 11.4
      vertex 12.8491 42.7553 12.9
    endloop
  endfacet
  facet normal 0.981601 -0.190943 0
    outer loop
      vertex 12.8491 42.7553 11.4
      vertex 12.7021 41.9996 12.9
      vertex 12.7021 41.9996 11.4
    endloop
  endfacet
  facet normal 0.98523 -0.171236 0
    outer loop
      vertex 12.8491 42.7553 12.9
      vertex 12.9798 43.5073 11.4
      vertex 12.9798 43.5073 12.9
    endloop
  endfacet
  facet normal 0.98523 -0.171236 0
    outer loop
      vertex 12.9798 43.5073 11.4
      vertex 12.8491 42.7553 12.9
      vertex 12.8491 42.7553 11.4
    endloop
  endfacet
  facet normal 0.988815 -0.149148 0
    outer loop
      vertex 12.9798 43.5073 12.9
      vertex 13.0927 44.2558 11.4
      vertex 13.0927 44.2558 12.9
    endloop
  endfacet
  facet normal 0.988815 -0.149148 0
    outer loop
      vertex 13.0927 44.2558 11.4
      vertex 12.9798 43.5073 12.9
      vertex 12.9798 43.5073 11.4
    endloop
  endfacet
  facet normal 0.992171 -0.124887 0
    outer loop
      vertex 13.0927 44.2558 12.9
      vertex 13.1865 45.001 11.4
      vertex 13.1865 45.001 12.9
    endloop
  endfacet
  facet normal 0.992171 -0.124887 0
    outer loop
      vertex 13.1865 45.001 11.4
      vertex 13.0927 44.2558 12.9
      vertex 13.0927 44.2558 11.4
    endloop
  endfacet
  facet normal 0.995147 -0.098402 0
    outer loop
      vertex 13.1865 45.001 12.9
      vertex 13.2599 45.7433 11.4
      vertex 13.2599 45.7433 12.9
    endloop
  endfacet
  facet normal 0.995147 -0.098402 0
    outer loop
      vertex 13.2599 45.7433 11.4
      vertex 13.1865 45.001 12.9
      vertex 13.1865 45.001 11.4
    endloop
  endfacet
  facet normal 0.997538 -0.0701257 0
    outer loop
      vertex 13.2599 45.7433 12.9
      vertex 13.3119 46.483 11.4
      vertex 13.3119 46.483 12.9
    endloop
  endfacet
  facet normal 0.997538 -0.0701257 0
    outer loop
      vertex 13.3119 46.483 11.4
      vertex 13.2599 45.7433 12.9
      vertex 13.2599 45.7433 11.4
    endloop
  endfacet
  facet normal 0.999191 -0.0402277 0
    outer loop
      vertex 13.3119 46.483 12.9
      vertex 13.3416 47.2207 11.4
      vertex 13.3416 47.2207 12.9
    endloop
  endfacet
  facet normal 0.999191 -0.0402277 0
    outer loop
      vertex 13.3416 47.2207 11.4
      vertex 13.3119 46.483 12.9
      vertex 13.3119 46.483 11.4
    endloop
  endfacet
  facet normal 0.999956 -0.00937331 0
    outer loop
      vertex 13.3416 47.2207 12.9
      vertex 13.3485 47.9568 11.4
      vertex 13.3485 47.9568 12.9
    endloop
  endfacet
  facet normal 0.999956 -0.00937331 0
    outer loop
      vertex 13.3485 47.9568 11.4
      vertex 13.3416 47.2207 12.9
      vertex 13.3416 47.2207 11.4
    endloop
  endfacet
  facet normal 0.999745 0.0225731 0
    outer loop
      vertex 13.3485 47.9568 12.9
      vertex 13.3319 48.692 11.4
      vertex 13.3319 48.692 12.9
    endloop
  endfacet
  facet normal 0.999745 0.0225731 0
    outer loop
      vertex 13.3319 48.692 11.4
      vertex 13.3485 47.9568 12.9
      vertex 13.3485 47.9568 11.4
    endloop
  endfacet
  facet normal 0.998499 0.05477 0
    outer loop
      vertex 13.3319 48.692 12.9
      vertex 13.2916 49.4267 11.4
      vertex 13.2916 49.4267 12.9
    endloop
  endfacet
  facet normal 0.998499 0.05477 0
    outer loop
      vertex 13.2916 49.4267 11.4
      vertex 13.3319 48.692 12.9
      vertex 13.3319 48.692 11.4
    endloop
  endfacet
  facet normal 0.996183 0.0872846 0
    outer loop
      vertex 13.2916 49.4267 12.9
      vertex 13.2272 50.1617 11.4
      vertex 13.2272 50.1617 12.9
    endloop
  endfacet
  facet normal 0.996183 0.0872846 0
    outer loop
      vertex 13.2272 50.1617 11.4
      vertex 13.2916 49.4267 12.9
      vertex 13.2916 49.4267 11.4
    endloop
  endfacet
  facet normal 0.99286 0.119284 0
    outer loop
      vertex 13.2272 50.1617 12.9
      vertex 13.1388 50.8975 11.4
      vertex 13.1388 50.8975 12.9
    endloop
  endfacet
  facet normal 0.99286 0.119284 0
    outer loop
      vertex 13.1388 50.8975 11.4
      vertex 13.2272 50.1617 12.9
      vertex 13.2272 50.1617 11.4
    endloop
  endfacet
  facet normal 0.988612 0.150485 0
    outer loop
      vertex 13.1388 50.8975 12.9
      vertex 13.0266 51.6346 11.4
      vertex 13.0266 51.6346 12.9
    endloop
  endfacet
  facet normal 0.988612 0.150485 0
    outer loop
      vertex 13.0266 51.6346 11.4
      vertex 13.1388 50.8975 12.9
      vertex 13.1388 50.8975 11.4
    endloop
  endfacet
  facet normal 0.983508 0.180864 0
    outer loop
      vertex 13.0266 51.6346 12.9
      vertex 12.8907 52.3736 11.4
      vertex 12.8907 52.3736 12.9
    endloop
  endfacet
  facet normal 0.983508 0.180864 0
    outer loop
      vertex 12.8907 52.3736 11.4
      vertex 13.0266 51.6346 12.9
      vertex 13.0266 51.6346 11.4
    endloop
  endfacet
  facet normal 0.977789 0.209592 0
    outer loop
      vertex 12.8907 52.3736 12.9
      vertex 12.7318 53.1149 11.4
      vertex 12.7318 53.1149 12.9
    endloop
  endfacet
  facet normal 0.977789 0.209592 0
    outer loop
      vertex 12.7318 53.1149 11.4
      vertex 12.8907 52.3736 12.9
      vertex 12.8907 52.3736 11.4
    endloop
  endfacet
  facet normal 0.971569 0.236755 0
    outer loop
      vertex 12.7318 53.1149 12.9
      vertex 12.5505 53.8589 11.4
      vertex 12.5505 53.8589 12.9
    endloop
  endfacet
  facet normal 0.971569 0.236755 0
    outer loop
      vertex 12.5505 53.8589 11.4
      vertex 12.7318 53.1149 12.9
      vertex 12.7318 53.1149 11.4
    endloop
  endfacet
  facet normal 0.965076 0.26197 0
    outer loop
      vertex 12.5505 53.8589 12.9
      vertex 12.3477 54.606 11.4
      vertex 12.3477 54.606 12.9
    endloop
  endfacet
  facet normal 0.965076 0.26197 0
    outer loop
      vertex 12.3477 54.606 11.4
      vertex 12.5505 53.8589 12.9
      vertex 12.5505 53.8589 11.4
    endloop
  endfacet
  facet normal 0.958443 0.285284 0
    outer loop
      vertex 12.3477 54.606 12.9
      vertex 12.1244 55.3562 11.4
      vertex 12.1244 55.3562 12.9
    endloop
  endfacet
  facet normal 0.958443 0.285284 0
    outer loop
      vertex 12.1244 55.3562 11.4
      vertex 12.3477 54.606 12.9
      vertex 12.3477 54.606 11.4
    endloop
  endfacet
  facet normal 0.952014 0.306054 0
    outer loop
      vertex 12.1244 55.3562 12.9
      vertex 11.8821 56.1099 11.4
      vertex 11.8821 56.1099 12.9
    endloop
  endfacet
  facet normal 0.952014 0.306054 0
    outer loop
      vertex 11.8821 56.1099 11.4
      vertex 12.1244 55.3562 12.9
      vertex 12.1244 55.3562 11.4
    endloop
  endfacet
  facet normal 0.945835 0.324647 0
    outer loop
      vertex 11.8821 56.1099 12.9
      vertex 11.6222 56.8671 11.4
      vertex 11.6222 56.8671 12.9
    endloop
  endfacet
  facet normal 0.945835 0.324647 0
    outer loop
      vertex 11.6222 56.8671 11.4
      vertex 11.8821 56.1099 12.9
      vertex 11.8821 56.1099 11.4
    endloop
  endfacet
  facet normal 0.940107 0.34088 0
    outer loop
      vertex 11.6222 56.8671 12.9
      vertex 11.3463 57.628 11.4
      vertex 11.3463 57.628 12.9
    endloop
  endfacet
  facet normal 0.940107 0.34088 0
    outer loop
      vertex 11.3463 57.628 11.4
      vertex 11.6222 56.8671 12.9
      vertex 11.6222 56.8671 11.4
    endloop
  endfacet
  facet normal 0.935006 0.354632 0
    outer loop
      vertex 11.3463 57.628 12.9
      vertex 11.0563 58.3926 11.4
      vertex 11.0563 58.3926 12.9
    endloop
  endfacet
  facet normal 0.935006 0.354632 0
    outer loop
      vertex 11.0563 58.3926 11.4
      vertex 11.3463 57.628 12.9
      vertex 11.3463 57.628 11.4
    endloop
  endfacet
  facet normal 0.930666 0.36587 0
    outer loop
      vertex 11.0563 58.3926 12.9
      vertex 10.7543 59.1608 11.4
      vertex 10.7543 59.1608 12.9
    endloop
  endfacet
  facet normal 0.930666 0.36587 0
    outer loop
      vertex 10.7543 59.1608 11.4
      vertex 11.0563 58.3926 12.9
      vertex 11.0563 58.3926 11.4
    endloop
  endfacet
  facet normal 0.927146 0.374701 0
    outer loop
      vertex 10.7543 59.1608 12.9
      vertex 10.4423 59.9328 11.4
      vertex 10.4423 59.9328 12.9
    endloop
  endfacet
  facet normal 0.927146 0.374701 0
    outer loop
      vertex 10.4423 59.9328 11.4
      vertex 10.7543 59.1608 12.9
      vertex 10.7543 59.1608 11.4
    endloop
  endfacet
  facet normal 0.924555 0.38105 0
    outer loop
      vertex 10.4423 59.9328 12.9
      vertex 10.1226 60.7085 11.4
      vertex 10.1226 60.7085 12.9
    endloop
  endfacet
  facet normal 0.924555 0.38105 0
    outer loop
      vertex 10.1226 60.7085 11.4
      vertex 10.4423 59.9328 12.9
      vertex 10.4423 59.9328 11.4
    endloop
  endfacet
  facet normal 0.922963 0.384888 0
    outer loop
      vertex 10.1226 60.7085 12.9
      vertex 9.79758 61.4879 11.4
      vertex 9.79758 61.4879 12.9
    endloop
  endfacet
  facet normal 0.922963 0.384888 0
    outer loop
      vertex 9.79758 61.4879 11.4
      vertex 10.1226 60.7085 12.9
      vertex 10.1226 60.7085 11.4
    endloop
  endfacet
  facet normal 0.922408 0.386217 0
    outer loop
      vertex 9.79758 61.4879 12.9
      vertex 9.46965 62.2711 11.4
      vertex 9.46965 62.2711 12.9
    endloop
  endfacet
  facet normal 0.922408 0.386217 0
    outer loop
      vertex 9.46965 62.2711 11.4
      vertex 9.79758 61.4879 12.9
      vertex 9.79758 61.4879 11.4
    endloop
  endfacet
  facet normal 0.922849 0.385162 0
    outer loop
      vertex 9.46965 62.2711 12.9
      vertex 9.14127 63.0579 11.4
      vertex 9.14127 63.0579 12.9
    endloop
  endfacet
  facet normal 0.922849 0.385162 0
    outer loop
      vertex 9.14127 63.0579 11.4
      vertex 9.46965 62.2711 12.9
      vertex 9.46965 62.2711 11.4
    endloop
  endfacet
  facet normal 0.924353 0.381538 0
    outer loop
      vertex 9.14127 63.0579 12.9
      vertex 8.81494 63.8485 11.4
      vertex 8.81494 63.8485 12.9
    endloop
  endfacet
  facet normal 0.924353 0.381538 0
    outer loop
      vertex 8.81494 63.8485 11.4
      vertex 9.14127 63.0579 12.9
      vertex 9.14127 63.0579 11.4
    endloop
  endfacet
  facet normal 0.92683 0.375481 0
    outer loop
      vertex 8.81494 63.8485 12.9
      vertex 8.49315 64.6428 11.4
      vertex 8.49315 64.6428 12.9
    endloop
  endfacet
  facet normal 0.92683 0.375481 0
    outer loop
      vertex 8.49315 64.6428 11.4
      vertex 8.81494 63.8485 12.9
      vertex 8.81494 63.8485 11.4
    endloop
  endfacet
  facet normal 0.930247 0.366935 0
    outer loop
      vertex 8.49315 64.6428 12.9
      vertex 8.17838 65.4408 11.4
      vertex 8.17838 65.4408 12.9
    endloop
  endfacet
  facet normal 0.930247 0.366935 0
    outer loop
      vertex 8.17838 65.4408 11.4
      vertex 8.49315 64.6428 12.9
      vertex 8.49315 64.6428 11.4
    endloop
  endfacet
  facet normal 0.934511 0.355935 0
    outer loop
      vertex 8.17838 65.4408 12.9
      vertex 7.87303 66.2425 11.4
      vertex 7.87303 66.2425 12.9
    endloop
  endfacet
  facet normal 0.934511 0.355935 0
    outer loop
      vertex 7.87303 66.2425 11.4
      vertex 8.17838 65.4408 12.9
      vertex 8.17838 65.4408 11.4
    endloop
  endfacet
  facet normal 0.939539 0.342441 0
    outer loop
      vertex 7.87303 66.2425 12.9
      vertex 7.57948 67.0479 11.4
      vertex 7.57948 67.0479 12.9
    endloop
  endfacet
  facet normal 0.939539 0.342441 0
    outer loop
      vertex 7.57948 67.0479 11.4
      vertex 7.87303 66.2425 12.9
      vertex 7.87303 66.2425 11.4
    endloop
  endfacet
  facet normal 0.945211 0.32646 0
    outer loop
      vertex 7.57948 67.0479 12.9
      vertex 7.30003 67.857 11.4
      vertex 7.30003 67.857 12.9
    endloop
  endfacet
  facet normal 0.945211 0.32646 0
    outer loop
      vertex 7.30003 67.857 11.4
      vertex 7.57948 67.0479 12.9
      vertex 7.57948 67.0479 11.4
    endloop
  endfacet
  facet normal 0.951338 0.308149 0
    outer loop
      vertex 7.30003 67.857 12.9
      vertex 7.03682 68.6696 11.4
      vertex 7.03682 68.6696 12.9
    endloop
  endfacet
  facet normal 0.951338 0.308149 0
    outer loop
      vertex 7.03682 68.6696 11.4
      vertex 7.30003 67.857 12.9
      vertex 7.30003 67.857 11.4
    endloop
  endfacet
  facet normal 0.957784 0.287488 0
    outer loop
      vertex 7.03682 68.6696 12.9
      vertex 6.79189 69.4856 11.4
      vertex 6.79189 69.4856 12.9
    endloop
  endfacet
  facet normal 0.957784 0.287488 0
    outer loop
      vertex 6.79189 69.4856 11.4
      vertex 7.03682 68.6696 12.9
      vertex 7.03682 68.6696 11.4
    endloop
  endfacet
  facet normal 0.964367 0.264568 0
    outer loop
      vertex 6.79189 69.4856 12.9
      vertex 6.56712 70.3049 11.4
      vertex 6.56712 70.3049 12.9
    endloop
  endfacet
  facet normal 0.964367 0.264568 0
    outer loop
      vertex 6.56712 70.3049 11.4
      vertex 6.79189 69.4856 12.9
      vertex 6.79189 69.4856 11.4
    endloop
  endfacet
  facet normal 0.970899 0.23949 0
    outer loop
      vertex 6.56712 70.3049 12.9
      vertex 6.36426 71.1273 11.4
      vertex 6.36426 71.1273 12.9
    endloop
  endfacet
  facet normal 0.970899 0.23949 0
    outer loop
      vertex 6.36426 71.1273 11.4
      vertex 6.56712 70.3049 12.9
      vertex 6.56712 70.3049 11.4
    endloop
  endfacet
  facet normal 0.977147 0.212566 0
    outer loop
      vertex 6.36426 71.1273 12.9
      vertex 6.18477 71.9524 11.4
      vertex 6.18477 71.9524 12.9
    endloop
  endfacet
  facet normal 0.977147 0.212566 0
    outer loop
      vertex 6.18477 71.9524 11.4
      vertex 6.36426 71.1273 12.9
      vertex 6.36426 71.1273 11.4
    endloop
  endfacet
  facet normal 0.982938 0.183936 0
    outer loop
      vertex 6.18477 71.9524 12.9
      vertex 6.02994 72.7798 11.4
      vertex 6.02994 72.7798 12.9
    endloop
  endfacet
  facet normal 0.982938 0.183936 0
    outer loop
      vertex 6.02994 72.7798 11.4
      vertex 6.18477 71.9524 12.9
      vertex 6.18477 71.9524 11.4
    endloop
  endfacet
  facet normal 0.9881 0.153814 0
    outer loop
      vertex 6.02994 72.7798 12.9
      vertex 5.90083 73.6092 11.4
      vertex 5.90083 73.6092 12.9
    endloop
  endfacet
  facet normal 0.9881 0.153814 0
    outer loop
      vertex 5.90083 73.6092 11.4
      vertex 6.02994 72.7798 12.9
      vertex 6.02994 72.7798 11.4
    endloop
  endfacet
  facet normal 0.99245 0.122649 0
    outer loop
      vertex 5.90083 73.6092 12.9
      vertex 5.79817 74.4399 11.4
      vertex 5.79817 74.4399 12.9
    endloop
  endfacet
  facet normal 0.99245 0.122649 0
    outer loop
      vertex 5.79817 74.4399 11.4
      vertex 5.90083 73.6092 12.9
      vertex 5.90083 73.6092 11.4
    endloop
  endfacet
  facet normal 0.995883 0.0906437 0
    outer loop
      vertex 5.79817 74.4399 12.9
      vertex 5.72247 75.2716 11.4
      vertex 5.72247 75.2716 12.9
    endloop
  endfacet
  facet normal 0.995883 0.0906437 0
    outer loop
      vertex 5.72247 75.2716 11.4
      vertex 5.79817 74.4399 12.9
      vertex 5.79817 74.4399 11.4
    endloop
  endfacet
  facet normal 0.998299 0.0582971 0
    outer loop
      vertex 5.72247 75.2716 12.9
      vertex 5.67389 76.1035 11.4
      vertex 5.67389 76.1035 12.9
    endloop
  endfacet
  facet normal 0.998299 0.0582971 0
    outer loop
      vertex 5.67389 76.1035 11.4
      vertex 5.72247 75.2716 12.9
      vertex 5.72247 75.2716 11.4
    endloop
  endfacet
  facet normal 0.999663 0.0259773 0
    outer loop
      vertex 5.67389 76.1035 12.9
      vertex 5.65228 76.9351 11.4
      vertex 5.65228 76.9351 12.9
    endloop
  endfacet
  facet normal 0.999663 0.0259773 0
    outer loop
      vertex 5.65228 76.9351 11.4
      vertex 5.67389 76.1035 12.9
      vertex 5.67389 76.1035 11.4
    endloop
  endfacet
  facet normal 0.999982 -0.00595944 0
    outer loop
      vertex 5.65228 76.9351 12.9
      vertex 5.65723 77.7657 11.4
      vertex 5.65723 77.7657 12.9
    endloop
  endfacet
  facet normal 0.999982 -0.00595944 0
    outer loop
      vertex 5.65723 77.7657 11.4
      vertex 5.65228 76.9351 12.9
      vertex 5.65228 76.9351 11.4
    endloop
  endfacet
  facet normal 0.999313 -0.0370705 0
    outer loop
      vertex 5.65723 77.7657 12.9
      vertex 5.68799 78.5949 11.4
      vertex 5.68799 78.5949 12.9
    endloop
  endfacet
  facet normal 0.999313 -0.0370705 0
    outer loop
      vertex 5.68799 78.5949 11.4
      vertex 5.65723 77.7657 12.9
      vertex 5.65723 77.7657 11.4
    endloop
  endfacet
  facet normal 0.997754 -0.0669913 0
    outer loop
      vertex 5.68799 78.5949 12.9
      vertex 5.74353 79.4221 11.4
      vertex 5.74353 79.4221 12.9
    endloop
  endfacet
  facet normal 0.997754 -0.0669913 0
    outer loop
      vertex 5.74353 79.4221 11.4
      vertex 5.68799 78.5949 12.9
      vertex 5.68799 78.5949 11.4
    endloop
  endfacet
  facet normal 0.995436 -0.0954277 0
    outer loop
      vertex 5.74353 79.4221 12.9
      vertex 5.82259 80.2468 11.4
      vertex 5.82259 80.2468 12.9
    endloop
  endfacet
  facet normal 0.995436 -0.0954277 0
    outer loop
      vertex 5.82259 80.2468 11.4
      vertex 5.74353 79.4221 12.9
      vertex 5.74353 79.4221 11.4
    endloop
  endfacet
  facet normal 0.99252 -0.122081 0
    outer loop
      vertex 5.82259 80.2468 12.9
      vertex 5.92366 81.0685 11.4
      vertex 5.92366 81.0685 12.9
    endloop
  endfacet
  facet normal 0.99252 -0.122081 0
    outer loop
      vertex 5.92366 81.0685 11.4
      vertex 5.82259 80.2468 12.9
      vertex 5.82259 80.2468 11.4
    endloop
  endfacet
  facet normal 0.98919 -0.146638 0
    outer loop
      vertex 5.92366 81.0685 12.9
      vertex 6.04501 81.8871 11.4
      vertex 6.04501 81.8871 12.9
    endloop
  endfacet
  facet normal 0.98919 -0.146638 0
    outer loop
      vertex 6.04501 81.8871 11.4
      vertex 5.92366 81.0685 12.9
      vertex 5.92366 81.0685 11.4
    endloop
  endfacet
  facet normal 0.985617 -0.168994 0
    outer loop
      vertex 6.04501 81.8871 12.9
      vertex 6.18475 82.7021 11.4
      vertex 6.18475 82.7021 12.9
    endloop
  endfacet
  facet normal 0.985617 -0.168994 0
    outer loop
      vertex 6.18475 82.7021 11.4
      vertex 6.04501 81.8871 12.9
      vertex 6.04501 81.8871 11.4
    endloop
  endfacet
  facet normal 0.981999 -0.188884 0
    outer loop
      vertex 6.18475 82.7021 12.9
      vertex 6.34082 83.5135 11.4
      vertex 6.34082 83.5135 12.9
    endloop
  endfacet
  facet normal 0.981999 -0.188884 0
    outer loop
      vertex 6.34082 83.5135 11.4
      vertex 6.18475 82.7021 12.9
      vertex 6.18475 82.7021 11.4
    endloop
  endfacet
  facet normal 0.978486 -0.206313 0
    outer loop
      vertex 6.34082 83.5135 12.9
      vertex 6.51106 84.3209 11.4
      vertex 6.51106 84.3209 12.9
    endloop
  endfacet
  facet normal 0.978486 -0.206313 0
    outer loop
      vertex 6.51106 84.3209 11.4
      vertex 6.34082 83.5135 12.9
      vertex 6.34082 83.5135 11.4
    endloop
  endfacet
  facet normal 0.97526 -0.221063 0
    outer loop
      vertex 6.51106 84.3209 12.9
      vertex 6.69319 85.1244 11.4
      vertex 6.69319 85.1244 12.9
    endloop
  endfacet
  facet normal 0.97526 -0.221063 0
    outer loop
      vertex 6.69319 85.1244 11.4
      vertex 6.51106 84.3209 12.9
      vertex 6.51106 84.3209 11.4
    endloop
  endfacet
  facet normal 0.972434 -0.233177 0
    outer loop
      vertex 6.69319 85.1244 12.9
      vertex 6.8849 85.9239 11.4
      vertex 6.8849 85.9239 12.9
    endloop
  endfacet
  facet normal 0.972434 -0.233177 0
    outer loop
      vertex 6.8849 85.9239 11.4
      vertex 6.69319 85.1244 12.9
      vertex 6.69319 85.1244 11.4
    endloop
  endfacet
  facet normal 0.970131 -0.242582 0
    outer loop
      vertex 6.8849 85.9239 12.9
      vertex 7.08379 86.7193 11.4
      vertex 7.08379 86.7193 12.9
    endloop
  endfacet
  facet normal 0.970131 -0.242582 0
    outer loop
      vertex 7.08379 86.7193 11.4
      vertex 6.8849 85.9239 12.9
      vertex 6.8849 85.9239 11.4
    endloop
  endfacet
  facet normal 0.96843 -0.249285 0
    outer loop
      vertex 7.08379 86.7193 12.9
      vertex 7.28748 87.5106 11.4
      vertex 7.28748 87.5106 12.9
    endloop
  endfacet
  facet normal 0.96843 -0.249285 0
    outer loop
      vertex 7.28748 87.5106 11.4
      vertex 7.08379 86.7193 12.9
      vertex 7.08379 86.7193 11.4
    endloop
  endfacet
  facet normal 0.967411 -0.253213 0
    outer loop
      vertex 7.28748 87.5106 12.9
      vertex 7.49355 88.2979 11.4
      vertex 7.49355 88.2979 12.9
    endloop
  endfacet
  facet normal 0.967411 -0.253213 0
    outer loop
      vertex 7.49355 88.2979 11.4
      vertex 7.28748 87.5106 12.9
      vertex 7.28748 87.5106 11.4
    endloop
  endfacet
  facet normal 0.967076 -0.254487 0
    outer loop
      vertex 7.49355 88.2979 12.9
      vertex 7.69965 89.0811 11.4
      vertex 7.69965 89.0811 12.9
    endloop
  endfacet
  facet normal 0.967076 -0.254487 0
    outer loop
      vertex 7.69965 89.0811 11.4
      vertex 7.49355 88.2979 12.9
      vertex 7.49355 88.2979 11.4
    endloop
  endfacet
  facet normal 0.967445 -0.25308 0
    outer loop
      vertex 7.69965 89.0811 12.9
      vertex 7.90346 89.8602 11.4
      vertex 7.90346 89.8602 12.9
    endloop
  endfacet
  facet normal 0.967445 -0.25308 0
    outer loop
      vertex 7.90346 89.8602 11.4
      vertex 7.69965 89.0811 12.9
      vertex 7.69965 89.0811 11.4
    endloop
  endfacet
  facet normal 0.968518 -0.248944 0
    outer loop
      vertex 7.90346 89.8602 12.9
      vertex 8.10274 90.6355 11.4
      vertex 8.10274 90.6355 12.9
    endloop
  endfacet
  facet normal 0.968518 -0.248944 0
    outer loop
      vertex 8.10274 90.6355 11.4
      vertex 7.90346 89.8602 12.9
      vertex 7.90346 89.8602 11.4
    endloop
  endfacet
  facet normal 0.970212 -0.242257 0
    outer loop
      vertex 8.10274 90.6355 12.9
      vertex 8.29533 91.4068 11.4
      vertex 8.29533 91.4068 12.9
    endloop
  endfacet
  facet normal 0.970212 -0.242257 0
    outer loop
      vertex 8.29533 91.4068 11.4
      vertex 8.10274 90.6355 12.9
      vertex 8.10274 90.6355 11.4
    endloop
  endfacet
  facet normal 0.972482 -0.232978 0
    outer loop
      vertex 8.29533 91.4068 12.9
      vertex 8.4792 92.1743 11.4
      vertex 8.4792 92.1743 12.9
    endloop
  endfacet
  facet normal 0.972482 -0.232978 0
    outer loop
      vertex 8.4792 92.1743 11.4
      vertex 8.29533 91.4068 12.9
      vertex 8.29533 91.4068 11.4
    endloop
  endfacet
  facet normal 0.975235 -0.221171 0
    outer loop
      vertex 8.4792 92.1743 12.9
      vertex 8.65242 92.9381 11.4
      vertex 8.65242 92.9381 12.9
    endloop
  endfacet
  facet normal 0.975235 -0.221171 0
    outer loop
      vertex 8.65242 92.9381 11.4
      vertex 8.4792 92.1743 12.9
      vertex 8.4792 92.1743 11.4
    endloop
  endfacet
  facet normal 0.978345 -0.206981 0
    outer loop
      vertex 8.65242 92.9381 12.9
      vertex 8.81325 93.6983 11.4
      vertex 8.81325 93.6983 12.9
    endloop
  endfacet
  facet normal 0.978345 -0.206981 0
    outer loop
      vertex 8.81325 93.6983 11.4
      vertex 8.65242 92.9381 12.9
      vertex 8.65242 92.9381 11.4
    endloop
  endfacet
  facet normal 0.981706 -0.190401 0
    outer loop
      vertex 8.81325 93.6983 12.9
      vertex 8.96005 94.4552 11.4
      vertex 8.96005 94.4552 12.9
    endloop
  endfacet
  facet normal 0.981706 -0.190401 0
    outer loop
      vertex 8.96005 94.4552 11.4
      vertex 8.81325 93.6983 12.9
      vertex 8.81325 93.6983 11.4
    endloop
  endfacet
  facet normal 0.985149 -0.171702 0
    outer loop
      vertex 8.96005 94.4552 12.9
      vertex 9.09143 95.209 11.4
      vertex 9.09143 95.209 12.9
    endloop
  endfacet
  facet normal 0.985149 -0.171702 0
    outer loop
      vertex 9.09143 95.209 11.4
      vertex 8.96005 94.4552 12.9
      vertex 8.96005 94.4552 11.4
    endloop
  endfacet
  facet normal 0.988533 -0.151005 0
    outer loop
      vertex 9.09143 95.209 12.9
      vertex 9.20612 95.9598 11.4
      vertex 9.20612 95.9598 12.9
    endloop
  endfacet
  facet normal 0.988533 -0.151005 0
    outer loop
      vertex 9.20612 95.9598 11.4
      vertex 9.09143 95.209 12.9
      vertex 9.09143 95.209 11.4
    endloop
  endfacet
  facet normal 0.991716 -0.128447 0
    outer loop
      vertex 9.20612 95.9598 12.9
      vertex 9.30304 96.7081 11.4
      vertex 9.30304 96.7081 12.9
    endloop
  endfacet
  facet normal 0.991716 -0.128447 0
    outer loop
      vertex 9.30304 96.7081 11.4
      vertex 9.20612 95.9598 12.9
      vertex 9.20612 95.9598 11.4
    endloop
  endfacet
  facet normal 0.994542 -0.104332 0
    outer loop
      vertex 9.30304 96.7081 12.9
      vertex 9.38132 97.4543 11.4
      vertex 9.38132 97.4543 12.9
    endloop
  endfacet
  facet normal 0.994542 -0.104332 0
    outer loop
      vertex 9.38132 97.4543 11.4
      vertex 9.30304 96.7081 12.9
      vertex 9.30304 96.7081 11.4
    endloop
  endfacet
  facet normal 0.996881 -0.0789175 0
    outer loop
      vertex 9.38132 97.4543 12.9
      vertex 9.44025 98.1987 11.4
      vertex 9.44025 98.1987 12.9
    endloop
  endfacet
  facet normal 0.996881 -0.0789175 0
    outer loop
      vertex 9.44025 98.1987 11.4
      vertex 9.38132 97.4543 12.9
      vertex 9.38132 97.4543 11.4
    endloop
  endfacet
  facet normal 0.065775 0.997834 -0
    outer loop
      vertex 9.44025 98.1987 11.4
      vertex 1.45758 98.7249 12.9
      vertex 9.44025 98.1987 12.9
    endloop
  endfacet
  facet normal 0.065775 0.997834 0
    outer loop
      vertex 1.45758 98.7249 12.9
      vertex 9.44025 98.1987 11.4
      vertex 1.45758 98.7249 11.4
    endloop
  endfacet
  facet normal -0.996875 0.0789959 0
    outer loop
      vertex 1.41505 98.1882 11.4
      vertex 1.45758 98.7249 12.9
      vertex 1.45758 98.7249 11.4
    endloop
  endfacet
  facet normal -0.996875 0.0789959 0
    outer loop
      vertex 1.45758 98.7249 12.9
      vertex 1.41505 98.1882 11.4
      vertex 1.41505 98.1882 12.9
    endloop
  endfacet
  facet normal -0.994534 0.10441 0
    outer loop
      vertex 1.35754 97.6404 11.4
      vertex 1.41505 98.1882 12.9
      vertex 1.41505 98.1882 11.4
    endloop
  endfacet
  facet normal -0.994534 0.10441 0
    outer loop
      vertex 1.41505 98.1882 12.9
      vertex 1.35754 97.6404 11.4
      vertex 1.35754 97.6404 12.9
    endloop
  endfacet
  facet normal -0.991706 0.128524 0
    outer loop
      vertex 1.28477 97.0789 11.4
      vertex 1.35754 97.6404 12.9
      vertex 1.35754 97.6404 11.4
    endloop
  endfacet
  facet normal -0.991706 0.128524 0
    outer loop
      vertex 1.35754 97.6404 12.9
      vertex 1.28477 97.0789 11.4
      vertex 1.28477 97.0789 12.9
    endloop
  endfacet
  facet normal -0.988523 0.151068 0
    outer loop
      vertex 1.1965 96.5013 11.4
      vertex 1.28477 97.0789 12.9
      vertex 1.28477 97.0789 11.4
    endloop
  endfacet
  facet normal -0.988523 0.151068 0
    outer loop
      vertex 1.28477 97.0789 12.9
      vertex 1.1965 96.5013 11.4
      vertex 1.1965 96.5013 12.9
    endloop
  endfacet
  facet normal -0.985135 0.171783 0
    outer loop
      vertex 1.09259 95.9054 11.4
      vertex 1.1965 96.5013 12.9
      vertex 1.1965 96.5013 11.4
    endloop
  endfacet
  facet normal -0.985135 0.171783 0
    outer loop
      vertex 1.1965 96.5013 12.9
      vertex 1.09259 95.9054 11.4
      vertex 1.09259 95.9054 12.9
    endloop
  endfacet
  facet normal -0.981689 0.190489 0
    outer loop
      vertex 0.973099 95.2896 11.4
      vertex 1.09259 95.9054 12.9
      vertex 1.09259 95.9054 11.4
    endloop
  endfacet
  facet normal -0.981689 0.190489 0
    outer loop
      vertex 1.09259 95.9054 12.9
      vertex 0.973099 95.2896 11.4
      vertex 0.973099 95.2896 12.9
    endloop
  endfacet
  facet normal -0.978339 0.20701 0
    outer loop
      vertex 0.838272 94.6524 11.4
      vertex 0.973099 95.2896 12.9
      vertex 0.973099 95.2896 11.4
    endloop
  endfacet
  facet normal -0.978339 0.20701 0
    outer loop
      vertex 0.973099 95.2896 12.9
      vertex 0.838272 94.6524 11.4
      vertex 0.838272 94.6524 12.9
    endloop
  endfacet
  facet normal -0.975213 0.221268 0
    outer loop
      vertex 0.688614 93.9928 11.4
      vertex 0.838272 94.6524 12.9
      vertex 0.838272 94.6524 11.4
    endloop
  endfacet
  facet normal -0.975213 0.221268 0
    outer loop
      vertex 0.838272 94.6524 12.9
      vertex 0.688614 93.9928 11.4
      vertex 0.688614 93.9928 12.9
    endloop
  endfacet
  facet normal -0.97248 0.232987 0
    outer loop
      vertex 0.524933 93.3096 11.4
      vertex 0.688614 93.9928 12.9
      vertex 0.688614 93.9928 11.4
    endloop
  endfacet
  facet normal -0.97248 0.232987 0
    outer loop
      vertex 0.688614 93.9928 12.9
      vertex 0.524933 93.3096 11.4
      vertex 0.524933 93.3096 12.9
    endloop
  endfacet
  facet normal -0.9702 0.242304 0
    outer loop
      vertex 0.348312 92.6024 11.4
      vertex 0.524933 93.3096 12.9
      vertex 0.524933 93.3096 11.4
    endloop
  endfacet
  facet normal -0.9702 0.242304 0
    outer loop
      vertex 0.524933 93.3096 12.9
      vertex 0.348312 92.6024 11.4
      vertex 0.348312 92.6024 12.9
    endloop
  endfacet
  facet normal -0.968507 0.248988 0
    outer loop
      vertex 0.160126 91.8704 11.4
      vertex 0.348312 92.6024 12.9
      vertex 0.348312 92.6024 11.4
    endloop
  endfacet
  facet normal -0.968507 0.248988 0
    outer loop
      vertex 0.348312 92.6024 12.9
      vertex 0.160126 91.8704 11.4
      vertex 0.160126 91.8704 12.9
    endloop
  endfacet
  facet normal -0.967445 0.253081 0
    outer loop
      vertex -0.0379028 91.1134 11.4
      vertex 0.160126 91.8704 12.9
      vertex 0.160126 91.8704 11.4
    endloop
  endfacet
  facet normal -0.967445 0.253081 0
    outer loop
      vertex 0.160126 91.8704 12.9
      vertex -0.0379028 91.1134 11.4
      vertex -0.0379028 91.1134 12.9
    endloop
  endfacet
  facet normal -0.967076 0.254489 0
    outer loop
      vertex -0.24382 90.3309 11.4
      vertex -0.0379028 91.1134 12.9
      vertex -0.0379028 91.1134 11.4
    endloop
  endfacet
  facet normal -0.967076 0.254489 0
    outer loop
      vertex -0.0379028 91.1134 12.9
      vertex -0.24382 90.3309 11.4
      vertex -0.24382 90.3309 12.9
    endloop
  endfacet
  facet normal -0.96741 0.253217 0
    outer loop
      vertex -0.455338 89.5228 11.4
      vertex -0.24382 90.3309 12.9
      vertex -0.24382 90.3309 11.4
    endloop
  endfacet
  facet normal -0.96741 0.253217 0
    outer loop
      vertex -0.24382 90.3309 12.9
      vertex -0.455338 89.5228 11.4
      vertex -0.455338 89.5228 12.9
    endloop
  endfacet
  facet normal -0.968437 0.249257 0
    outer loop
      vertex -0.669968 88.6889 11.4
      vertex -0.455338 89.5228 12.9
      vertex -0.455338 89.5228 11.4
    endloop
  endfacet
  facet normal -0.968437 0.249257 0
    outer loop
      vertex -0.455338 89.5228 12.9
      vertex -0.669968 88.6889 11.4
      vertex -0.669968 88.6889 12.9
    endloop
  endfacet
  facet normal -0.970143 0.242536 0
    outer loop
      vertex -0.884918 87.8291 11.4
      vertex -0.669968 88.6889 12.9
      vertex -0.669968 88.6889 11.4
    endloop
  endfacet
  facet normal -0.970143 0.242536 0
    outer loop
      vertex -0.669968 88.6889 12.9
      vertex -0.884918 87.8291 11.4
      vertex -0.884918 87.8291 12.9
    endloop
  endfacet
  facet normal -0.972444 0.233136 0
    outer loop
      vertex -1.09721 86.9436 11.4
      vertex -0.884918 87.8291 12.9
      vertex -0.884918 87.8291 11.4
    endloop
  endfacet
  facet normal -0.972444 0.233136 0
    outer loop
      vertex -0.884918 87.8291 12.9
      vertex -1.09721 86.9436 11.4
      vertex -1.09721 86.9436 12.9
    endloop
  endfacet
  facet normal -0.975266 0.221035 0
    outer loop
      vertex -1.30368 86.0326 11.4
      vertex -1.09721 86.9436 12.9
      vertex -1.09721 86.9436 11.4
    endloop
  endfacet
  facet normal -0.975266 0.221035 0
    outer loop
      vertex -1.09721 86.9436 12.9
      vertex -1.30368 86.0326 11.4
      vertex -1.30368 86.0326 12.9
    endloop
  endfacet
  facet normal -0.9785 0.206246 0
    outer loop
      vertex -1.50101 85.0964 11.4
      vertex -1.30368 86.0326 12.9
      vertex -1.30368 86.0326 11.4
    endloop
  endfacet
  facet normal -0.9785 0.206246 0
    outer loop
      vertex -1.30368 86.0326 12.9
      vertex -1.50101 85.0964 11.4
      vertex -1.50101 85.0964 12.9
    endloop
  endfacet
  facet normal -0.982005 0.188856 0
    outer loop
      vertex -1.68575 84.1358 11.4
      vertex -1.50101 85.0964 12.9
      vertex -1.50101 85.0964 11.4
    endloop
  endfacet
  facet normal -0.982005 0.188856 0
    outer loop
      vertex -1.50101 85.0964 12.9
      vertex -1.68575 84.1358 11.4
      vertex -1.68575 84.1358 12.9
    endloop
  endfacet
  facet normal -0.985631 0.168915 0
    outer loop
      vertex -1.85442 83.1516 11.4
      vertex -1.68575 84.1358 12.9
      vertex -1.68575 84.1358 11.4
    endloop
  endfacet
  facet normal -0.985631 0.168915 0
    outer loop
      vertex -1.68575 84.1358 12.9
      vertex -1.85442 83.1516 11.4
      vertex -1.85442 83.1516 12.9
    endloop
  endfacet
  facet normal -0.989198 0.146586 0
    outer loop
      vertex -2.00354 82.1453 11.4
      vertex -1.85442 83.1516 12.9
      vertex -1.85442 83.1516 11.4
    endloop
  endfacet
  facet normal -0.989198 0.146586 0
    outer loop
      vertex -1.85442 83.1516 12.9
      vertex -2.00354 82.1453 11.4
      vertex -2.00354 82.1453 12.9
    endloop
  endfacet
  facet normal -0.992527 0.122026 0
    outer loop
      vertex -2.12978 81.1185 11.4
      vertex -2.00354 82.1453 12.9
      vertex -2.00354 82.1453 11.4
    endloop
  endfacet
  facet normal -0.992527 0.122026 0
    outer loop
      vertex -2.00354 82.1453 12.9
      vertex -2.12978 81.1185 11.4
      vertex -2.12978 81.1185 12.9
    endloop
  endfacet
  facet normal -0.995442 0.0953727 0
    outer loop
      vertex -2.22992 80.0733 11.4
      vertex -2.12978 81.1185 12.9
      vertex -2.12978 81.1185 11.4
    endloop
  endfacet
  facet normal -0.995442 0.0953727 0
    outer loop
      vertex -2.12978 81.1185 12.9
      vertex -2.22992 80.0733 11.4
      vertex -2.22992 80.0733 12.9
    endloop
  endfacet
  facet normal -0.997756 0.0669622 0
    outer loop
      vertex -2.30112 79.0124 11.4
      vertex -2.22992 80.0733 12.9
      vertex -2.22992 80.0733 11.4
    endloop
  endfacet
  facet normal -0.997756 0.0669622 0
    outer loop
      vertex -2.22992 80.0733 12.9
      vertex -2.30112 79.0124 11.4
      vertex -2.30112 79.0124 12.9
    endloop
  endfacet
  facet normal -0.999314 0.0370241 0
    outer loop
      vertex -2.3409 77.9387 11.4
      vertex -2.30112 79.0124 12.9
      vertex -2.30112 79.0124 11.4
    endloop
  endfacet
  facet normal -0.999314 0.0370241 0
    outer loop
      vertex -2.30112 79.0124 12.9
      vertex -2.3409 77.9387 11.4
      vertex -2.3409 77.9387 12.9
    endloop
  endfacet
  facet normal -0.999982 0.00592678 0
    outer loop
      vertex -2.34732 76.8555 11.4
      vertex -2.3409 77.9387 12.9
      vertex -2.3409 77.9387 11.4
    endloop
  endfacet
  facet normal -0.999982 0.00592678 0
    outer loop
      vertex -2.3409 77.9387 12.9
      vertex -2.34732 76.8555 11.4
      vertex -2.34732 76.8555 12.9
    endloop
  endfacet
  facet normal -0.999663 -0.0259784 0
    outer loop
      vertex -2.31902 75.7665 11.4
      vertex -2.34732 76.8555 12.9
      vertex -2.34732 76.8555 11.4
    endloop
  endfacet
  facet normal -0.999663 -0.0259784 0
    outer loop
      vertex -2.34732 76.8555 12.9
      vertex -2.31902 75.7665 11.4
      vertex -2.31902 75.7665 12.9
    endloop
  endfacet
  facet normal -0.998298 -0.0583149 0
    outer loop
      vertex -2.25529 74.6755 11.4
      vertex -2.31902 75.7665 12.9
      vertex -2.31902 75.7665 11.4
    endloop
  endfacet
  facet normal -0.998298 -0.0583149 0
    outer loop
      vertex -2.31902 75.7665 12.9
      vertex -2.25529 74.6755 11.4
      vertex -2.25529 74.6755 12.9
    endloop
  endfacet
  facet normal -0.995882 -0.0906553 0
    outer loop
      vertex -2.15614 73.5863 11.4
      vertex -2.25529 74.6755 12.9
      vertex -2.25529 74.6755 11.4
    endloop
  endfacet
  facet normal -0.995882 -0.0906553 0
    outer loop
      vertex -2.25529 74.6755 12.9
      vertex -2.15614 73.5863 11.4
      vertex -2.15614 73.5863 12.9
    endloop
  endfacet
  facet normal -0.992457 -0.122597 0
    outer loop
      vertex -2.02226 72.5025 11.4
      vertex -2.15614 73.5863 12.9
      vertex -2.15614 73.5863 11.4
    endloop
  endfacet
  facet normal -0.992457 -0.122597 0
    outer loop
      vertex -2.15614 73.5863 12.9
      vertex -2.02226 72.5025 11.4
      vertex -2.02226 72.5025 12.9
    endloop
  endfacet
  facet normal -0.988105 -0.153782 0
    outer loop
      vertex -1.85497 71.4276 11.4
      vertex -2.02226 72.5025 12.9
      vertex -2.02226 72.5025 11.4
    endloop
  endfacet
  facet normal -0.988105 -0.153782 0
    outer loop
      vertex -2.02226 72.5025 12.9
      vertex -1.85497 71.4276 11.4
      vertex -1.85497 71.4276 12.9
    endloop
  endfacet
  facet normal -0.982945 -0.183898 0
    outer loop
      vertex -1.65617 70.365 11.4
      vertex -1.85497 71.4276 12.9
      vertex -1.85497 71.4276 11.4
    endloop
  endfacet
  facet normal -0.982945 -0.183898 0
    outer loop
      vertex -1.85497 71.4276 12.9
      vertex -1.65617 70.365 11.4
      vertex -1.65617 70.365 12.9
    endloop
  endfacet
  facet normal -0.977155 -0.212527 0
    outer loop
      vertex -1.4283 69.3173 11.4
      vertex -1.65617 70.365 12.9
      vertex -1.65617 70.365 11.4
    endloop
  endfacet
  facet normal -0.977155 -0.212527 0
    outer loop
      vertex -1.65617 70.365 12.9
      vertex -1.4283 69.3173 11.4
      vertex -1.4283 69.3173 12.9
    endloop
  endfacet
  facet normal -0.970908 -0.239453 0
    outer loop
      vertex -1.17415 68.2868 11.4
      vertex -1.4283 69.3173 12.9
      vertex -1.4283 69.3173 11.4
    endloop
  endfacet
  facet normal -0.970908 -0.239453 0
    outer loop
      vertex -1.4283 69.3173 12.9
      vertex -1.17415 68.2868 11.4
      vertex -1.17415 68.2868 12.9
    endloop
  endfacet
  facet normal -0.964384 -0.264505 0
    outer loop
      vertex -0.896805 67.2756 11.4
      vertex -1.17415 68.2868 12.9
      vertex -1.17415 68.2868 11.4
    endloop
  endfacet
  facet normal -0.964384 -0.264505 0
    outer loop
      vertex -1.17415 68.2868 12.9
      vertex -0.896805 67.2756 11.4
      vertex -0.896805 67.2756 12.9
    endloop
  endfacet
  facet normal -0.957802 -0.287429 0
    outer loop
      vertex -0.599564 66.2851 11.4
      vertex -0.896805 67.2756 12.9
      vertex -0.896805 67.2756 11.4
    endloop
  endfacet
  facet normal -0.957802 -0.287429 0
    outer loop
      vertex -0.896805 67.2756 12.9
      vertex -0.599564 66.2851 11.4
      vertex -0.599564 66.2851 12.9
    endloop
  endfacet
  facet normal -0.951358 -0.308088 0
    outer loop
      vertex -0.285828 65.3163 11.4
      vertex -0.599564 66.2851 12.9
      vertex -0.599564 66.2851 11.4
    endloop
  endfacet
  facet normal -0.951358 -0.308088 0
    outer loop
      vertex -0.599564 66.2851 12.9
      vertex -0.285828 65.3163 11.4
      vertex -0.285828 65.3163 12.9
    endloop
  endfacet
  facet normal -0.945211 -0.32646 0
    outer loop
      vertex 0.0409393 64.3702 11.4
      vertex -0.285828 65.3163 12.9
      vertex -0.285828 65.3163 11.4
    endloop
  endfacet
  facet normal -0.945211 -0.32646 0
    outer loop
      vertex -0.285828 65.3163 12.9
      vertex 0.0409393 64.3702 11.4
      vertex 0.0409393 64.3702 12.9
    endloop
  endfacet
  facet normal -0.939557 -0.342393 0
    outer loop
      vertex 0.377335 63.4471 11.4
      vertex 0.0409393 64.3702 12.9
      vertex 0.0409393 64.3702 11.4
    endloop
  endfacet
  facet normal -0.939557 -0.342393 0
    outer loop
      vertex 0.0409393 64.3702 12.9
      vertex 0.377335 63.4471 11.4
      vertex 0.377335 63.4471 12.9
    endloop
  endfacet
  facet normal -0.934538 -0.355864 0
    outer loop
      vertex 0.719971 62.5473 11.4
      vertex 0.377335 63.4471 12.9
      vertex 0.377335 63.4471 11.4
    endloop
  endfacet
  facet normal -0.934538 -0.355864 0
    outer loop
      vertex 0.377335 63.4471 12.9
      vertex 0.719971 62.5473 11.4
      vertex 0.719971 62.5473 12.9
    endloop
  endfacet
  facet normal -0.930264 -0.366892 0
    outer loop
      vertex 1.06558 61.671 11.4
      vertex 0.719971 62.5473 12.9
      vertex 0.719971 62.5473 11.4
    endloop
  endfacet
  facet normal -0.930264 -0.366892 0
    outer loop
      vertex 0.719971 62.5473 12.9
      vertex 1.06558 61.671 11.4
      vertex 1.06558 61.671 12.9
    endloop
  endfacet
  facet normal -0.926837 -0.375463 0
    outer loop
      vertex 1.41101 60.8183 11.4
      vertex 1.06558 61.671 12.9
      vertex 1.06558 61.671 11.4
    endloop
  endfacet
  facet normal -0.926837 -0.375463 0
    outer loop
      vertex 1.06558 61.671 12.9
      vertex 1.41101 60.8183 11.4
      vertex 1.41101 60.8183 12.9
    endloop
  endfacet
  facet normal -0.924346 -0.381556 0
    outer loop
      vertex 1.75325 59.9892 11.4
      vertex 1.41101 60.8183 12.9
      vertex 1.41101 60.8183 11.4
    endloop
  endfacet
  facet normal -0.924346 -0.381556 0
    outer loop
      vertex 1.41101 60.8183 12.9
      vertex 1.75325 59.9892 11.4
      vertex 1.75325 59.9892 12.9
    endloop
  endfacet
  facet normal -0.92286 -0.385136 0
    outer loop
      vertex 2.08945 59.1836 11.4
      vertex 1.75325 59.9892 12.9
      vertex 1.75325 59.9892 11.4
    endloop
  endfacet
  facet normal -0.92286 -0.385136 0
    outer loop
      vertex 1.75325 59.9892 12.9
      vertex 2.08945 59.1836 11.4
      vertex 2.08945 59.1836 12.9
    endloop
  endfacet
  facet normal -0.922395 -0.386248 0
    outer loop
      vertex 2.41695 58.4015 11.4
      vertex 2.08945 59.1836 12.9
      vertex 2.08945 59.1836 11.4
    endloop
  endfacet
  facet normal -0.922395 -0.386248 0
    outer loop
      vertex 2.08945 59.1836 12.9
      vertex 2.41695 58.4015 11.4
      vertex 2.41695 58.4015 12.9
    endloop
  endfacet
  facet normal -0.92297 -0.384871 0
    outer loop
      vertex 2.73328 57.6429 11.4
      vertex 2.41695 58.4015 12.9
      vertex 2.41695 58.4015 11.4
    endloop
  endfacet
  facet normal -0.92297 -0.384871 0
    outer loop
      vertex 2.41695 58.4015 12.9
      vertex 2.73328 57.6429 11.4
      vertex 2.73328 57.6429 12.9
    endloop
  endfacet
  facet normal -0.924553 -0.381054 0
    outer loop
      vertex 3.03621 56.9079 11.4
      vertex 2.73328 57.6429 12.9
      vertex 2.73328 57.6429 11.4
    endloop
  endfacet
  facet normal -0.924553 -0.381054 0
    outer loop
      vertex 2.73328 57.6429 12.9
      vertex 3.03621 56.9079 11.4
      vertex 3.03621 56.9079 12.9
    endloop
  endfacet
  facet normal -0.927118 -0.37477 0
    outer loop
      vertex 3.32378 56.1965 11.4
      vertex 3.03621 56.9079 12.9
      vertex 3.03621 56.9079 11.4
    endloop
  endfacet
  facet normal -0.927118 -0.37477 0
    outer loop
      vertex 3.03621 56.9079 12.9
      vertex 3.32378 56.1965 11.4
      vertex 3.32378 56.1965 12.9
    endloop
  endfacet
  facet normal -0.930639 -0.365938 0
    outer loop
      vertex 3.59427 55.5086 11.4
      vertex 3.32378 56.1965 12.9
      vertex 3.32378 56.1965 11.4
    endloop
  endfacet
  facet normal -0.930639 -0.365938 0
    outer loop
      vertex 3.32378 56.1965 12.9
      vertex 3.59427 55.5086 11.4
      vertex 3.59427 55.5086 12.9
    endloop
  endfacet
  facet normal -0.934985 -0.354686 0
    outer loop
      vertex 3.84631 54.8442 11.4
      vertex 3.59427 55.5086 12.9
      vertex 3.59427 55.5086 11.4
    endloop
  endfacet
  facet normal -0.934985 -0.354686 0
    outer loop
      vertex 3.59427 55.5086 12.9
      vertex 3.84631 54.8442 11.4
      vertex 3.84631 54.8442 12.9
    endloop
  endfacet
  facet normal -0.940088 -0.340931 0
    outer loop
      vertex 4.07881 54.2031 11.4
      vertex 3.84631 54.8442 12.9
      vertex 3.84631 54.8442 11.4
    endloop
  endfacet
  facet normal -0.940088 -0.340931 0
    outer loop
      vertex 3.84631 54.8442 12.9
      vertex 4.07881 54.2031 11.4
      vertex 4.07881 54.2031 12.9
    endloop
  endfacet
  facet normal -0.945805 -0.324735 0
    outer loop
      vertex 4.29103 53.585 11.4
      vertex 4.07881 54.2031 12.9
      vertex 4.07881 54.2031 11.4
    endloop
  endfacet
  facet normal -0.945805 -0.324735 0
    outer loop
      vertex 4.07881 54.2031 12.9
      vertex 4.29103 53.585 11.4
      vertex 4.29103 53.585 12.9
    endloop
  endfacet
  facet normal -0.951983 -0.30615 0
    outer loop
      vertex 4.48257 52.9894 11.4
      vertex 4.29103 53.585 12.9
      vertex 4.29103 53.585 11.4
    endloop
  endfacet
  facet normal -0.951983 -0.30615 0
    outer loop
      vertex 4.29103 53.585 12.9
      vertex 4.48257 52.9894 11.4
      vertex 4.48257 52.9894 12.9
    endloop
  endfacet
  facet normal -0.958436 -0.285309 0
    outer loop
      vertex 4.65338 52.4156 11.4
      vertex 4.48257 52.9894 12.9
      vertex 4.48257 52.9894 11.4
    endloop
  endfacet
  facet normal -0.958436 -0.285309 0
    outer loop
      vertex 4.48257 52.9894 12.9
      vertex 4.65338 52.4156 11.4
      vertex 4.65338 52.4156 12.9
    endloop
  endfacet
  facet normal -0.965045 -0.262083 0
    outer loop
      vertex 4.80367 51.8622 11.4
      vertex 4.65338 52.4156 12.9
      vertex 4.65338 52.4156 11.4
    endloop
  endfacet
  facet normal -0.965045 -0.262083 0
    outer loop
      vertex 4.65338 52.4156 12.9
      vertex 4.80367 51.8622 11.4
      vertex 4.80367 51.8622 12.9
    endloop
  endfacet
  facet normal -0.971544 -0.236858 0
    outer loop
      vertex 4.93393 51.3279 11.4
      vertex 4.80367 51.8622 12.9
      vertex 4.80367 51.8622 11.4
    endloop
  endfacet
  facet normal -0.971544 -0.236858 0
    outer loop
      vertex 4.80367 51.8622 12.9
      vertex 4.93393 51.3279 11.4
      vertex 4.93393 51.3279 12.9
    endloop
  endfacet
  facet normal -0.977755 -0.209749 0
    outer loop
      vertex 5.04488 50.8107 11.4
      vertex 4.93393 51.3279 12.9
      vertex 4.93393 51.3279 11.4
    endloop
  endfacet
  facet normal -0.977755 -0.209749 0
    outer loop
      vertex 4.93393 51.3279 12.9
      vertex 5.04488 50.8107 11.4
      vertex 5.04488 50.8107 12.9
    endloop
  endfacet
  facet normal -0.983507 -0.180871 0
    outer loop
      vertex 5.13731 50.3081 11.4
      vertex 5.04488 50.8107 12.9
      vertex 5.04488 50.8107 11.4
    endloop
  endfacet
  facet normal -0.983507 -0.180871 0
    outer loop
      vertex 5.04488 50.8107 12.9
      vertex 5.13731 50.3081 11.4
      vertex 5.13731 50.3081 12.9
    endloop
  endfacet
  facet normal -0.988583 -0.150675 0
    outer loop
      vertex 5.2121 49.8174 11.4
      vertex 5.13731 50.3081 12.9
      vertex 5.13731 50.3081 11.4
    endloop
  endfacet
  facet normal -0.988583 -0.150675 0
    outer loop
      vertex 5.13731 50.3081 12.9
      vertex 5.2121 49.8174 11.4
      vertex 5.2121 49.8174 12.9
    endloop
  endfacet
  facet normal -0.992858 -0.119304 0
    outer loop
      vertex 5.27003 49.3353 11.4
      vertex 5.2121 49.8174 12.9
      vertex 5.2121 49.8174 11.4
    endloop
  endfacet
  facet normal -0.992858 -0.119304 0
    outer loop
      vertex 5.2121 49.8174 12.9
      vertex 5.27003 49.3353 11.4
      vertex 5.27003 49.3353 12.9
    endloop
  endfacet
  facet normal -0.996188 -0.0872369 0
    outer loop
      vertex 5.31181 48.8582 11.4
      vertex 5.27003 49.3353 12.9
      vertex 5.27003 49.3353 11.4
    endloop
  endfacet
  facet normal -0.996188 -0.0872369 0
    outer loop
      vertex 5.27003 49.3353 12.9
      vertex 5.31181 48.8582 11.4
      vertex 5.31181 48.8582 12.9
    endloop
  endfacet
  facet normal -0.998494 -0.0548584 0
    outer loop
      vertex 5.33794 48.3826 11.4
      vertex 5.31181 48.8582 12.9
      vertex 5.31181 48.8582 11.4
    endloop
  endfacet
  facet normal -0.998494 -0.0548584 0
    outer loop
      vertex 5.31181 48.8582 12.9
      vertex 5.33794 48.3826 11.4
      vertex 5.33794 48.3826 12.9
    endloop
  endfacet
  facet normal -0.999747 -0.0224745 0
    outer loop
      vertex 5.34869 47.9044 11.4
      vertex 5.33794 48.3826 12.9
      vertex 5.33794 48.3826 11.4
    endloop
  endfacet
  facet normal -0.999747 -0.0224745 0
    outer loop
      vertex 5.33794 48.3826 12.9
      vertex 5.34869 47.9044 11.4
      vertex 5.34869 47.9044 12.9
    endloop
  endfacet
  facet normal -0.999956 0.00937394 0
    outer loop
      vertex 5.34415 47.4201 11.4
      vertex 5.34869 47.9044 12.9
      vertex 5.34869 47.9044 11.4
    endloop
  endfacet
  facet normal -0.999956 0.00937394 0
    outer loop
      vertex 5.34869 47.9044 12.9
      vertex 5.34415 47.4201 11.4
      vertex 5.34415 47.4201 12.9
    endloop
  endfacet
  facet normal -0.999183 0.0404162 0
    outer loop
      vertex 5.32416 46.9259 11.4
      vertex 5.34415 47.4201 12.9
      vertex 5.34415 47.4201 11.4
    endloop
  endfacet
  facet normal -0.999183 0.0404162 0
    outer loop
      vertex 5.34415 47.4201 12.9
      vertex 5.32416 46.9259 11.4
      vertex 5.32416 46.9259 12.9
    endloop
  endfacet
  facet normal -0.99753 0.0702381 0
    outer loop
      vertex 5.28844 46.4186 11.4
      vertex 5.32416 46.9259 12.9
      vertex 5.32416 46.9259 11.4
    endloop
  endfacet
  facet normal -0.99753 0.0702381 0
    outer loop
      vertex 5.32416 46.9259 12.9
      vertex 5.28844 46.4186 11.4
      vertex 5.28844 46.4186 12.9
    endloop
  endfacet
  facet normal -0.995135 0.0985246 0
    outer loop
      vertex 5.23663 45.8953 11.4
      vertex 5.28844 46.4186 12.9
      vertex 5.28844 46.4186 11.4
    endloop
  endfacet
  facet normal -0.995135 0.0985246 0
    outer loop
      vertex 5.28844 46.4186 12.9
      vertex 5.23663 45.8953 11.4
      vertex 5.23663 45.8953 12.9
    endloop
  endfacet
  facet normal -0.992166 0.124923 0
    outer loop
      vertex 5.1684 45.3534 11.4
      vertex 5.23663 45.8953 12.9
      vertex 5.23663 45.8953 11.4
    endloop
  endfacet
  facet normal -0.992166 0.124923 0
    outer loop
      vertex 5.23663 45.8953 12.9
      vertex 5.1684 45.3534 11.4
      vertex 5.1684 45.3534 12.9
    endloop
  endfacet
  facet normal -0.988795 0.149277 0
    outer loop
      vertex 5.08345 44.7907 11.4
      vertex 5.1684 45.3534 12.9
      vertex 5.1684 45.3534 11.4
    endloop
  endfacet
  facet normal -0.988795 0.149277 0
    outer loop
      vertex 5.1684 45.3534 12.9
      vertex 5.08345 44.7907 11.4
      vertex 5.08345 44.7907 12.9
    endloop
  endfacet
  facet normal -0.985209 0.171355 0
    outer loop
      vertex 4.98172 44.2058 11.4
      vertex 5.08345 44.7907 12.9
      vertex 5.08345 44.7907 11.4
    endloop
  endfacet
  facet normal -0.985209 0.171355 0
    outer loop
      vertex 5.08345 44.7907 12.9
      vertex 4.98172 44.2058 11.4
      vertex 4.98172 44.2058 12.9
    endloop
  endfacet
  facet normal -0.981591 0.190996 0
    outer loop
      vertex 4.8633 43.5972 11.4
      vertex 4.98172 44.2058 12.9
      vertex 4.98172 44.2058 11.4
    endloop
  endfacet
  facet normal -0.981591 0.190996 0
    outer loop
      vertex 4.98172 44.2058 12.9
      vertex 4.8633 43.5972 11.4
      vertex 4.8633 43.5972 12.9
    endloop
  endfacet
  facet normal -0.978103 0.208119 0
    outer loop
      vertex 4.72859 42.9641 11.4
      vertex 4.8633 43.5972 12.9
      vertex 4.8633 43.5972 11.4
    endloop
  endfacet
  facet normal -0.978103 0.208119 0
    outer loop
      vertex 4.8633 43.5972 12.9
      vertex 4.72859 42.9641 11.4
      vertex 4.72859 42.9641 12.9
    endloop
  endfacet
  facet normal -0.974926 0.222527 0
    outer loop
      vertex 4.57831 42.3057 11.4
      vertex 4.72859 42.9641 12.9
      vertex 4.72859 42.9641 11.4
    endloop
  endfacet
  facet normal -0.974926 0.222527 0
    outer loop
      vertex 4.72859 42.9641 12.9
      vertex 4.57831 42.3057 11.4
      vertex 4.57831 42.3057 12.9
    endloop
  endfacet
  facet normal -0.972144 0.234386 0
    outer loop
      vertex 4.41342 41.6218 11.4
      vertex 4.57831 42.3057 12.9
      vertex 4.57831 42.3057 11.4
    endloop
  endfacet
  facet normal -0.972144 0.234386 0
    outer loop
      vertex 4.57831 42.3057 12.9
      vertex 4.41342 41.6218 11.4
      vertex 4.41342 41.6218 12.9
    endloop
  endfacet
  facet normal -0.969904 0.243487 0
    outer loop
      vertex 4.23528 40.9122 11.4
      vertex 4.41342 41.6218 12.9
      vertex 4.41342 41.6218 11.4
    endloop
  endfacet
  facet normal -0.969904 0.243487 0
    outer loop
      vertex 4.41342 41.6218 12.9
      vertex 4.23528 40.9122 11.4
      vertex 4.23528 40.9122 12.9
    endloop
  endfacet
  facet normal -0.968283 0.249858 0
    outer loop
      vertex 4.04549 40.1767 11.4
      vertex 4.23528 40.9122 12.9
      vertex 4.23528 40.9122 11.4
    endloop
  endfacet
  facet normal -0.968283 0.249858 0
    outer loop
      vertex 4.23528 40.9122 12.9
      vertex 4.04549 40.1767 11.4
      vertex 4.04549 40.1767 12.9
    endloop
  endfacet
  facet normal -0.967334 0.253504 0
    outer loop
      vertex 3.84598 39.4154 11.4
      vertex 4.04549 40.1767 12.9
      vertex 4.04549 40.1767 11.4
    endloop
  endfacet
  facet normal -0.967334 0.253504 0
    outer loop
      vertex 4.04549 40.1767 12.9
      vertex 3.84598 39.4154 11.4
      vertex 3.84598 39.4154 12.9
    endloop
  endfacet
  facet normal -0.967088 0.254441 0
    outer loop
      vertex 3.63892 38.6284 11.4
      vertex 3.84598 39.4154 12.9
      vertex 3.84598 39.4154 11.4
    endloop
  endfacet
  facet normal -0.967088 0.254441 0
    outer loop
      vertex 3.84598 39.4154 12.9
      vertex 3.63892 38.6284 11.4
      vertex 3.63892 38.6284 12.9
    endloop
  endfacet
  facet normal -0.967537 0.252729 0
    outer loop
      vertex 3.42674 37.8161 11.4
      vertex 3.63892 38.6284 12.9
      vertex 3.63892 38.6284 11.4
    endloop
  endfacet
  facet normal -0.967537 0.252729 0
    outer loop
      vertex 3.63892 38.6284 12.9
      vertex 3.42674 37.8161 11.4
      vertex 3.42674 37.8161 12.9
    endloop
  endfacet
  facet normal -0.968665 0.248373 0
    outer loop
      vertex 3.21205 36.9788 11.4
      vertex 3.42674 37.8161 12.9
      vertex 3.42674 37.8161 11.4
    endloop
  endfacet
  facet normal -0.968665 0.248373 0
    outer loop
      vertex 3.42674 37.8161 12.9
      vertex 3.21205 36.9788 11.4
      vertex 3.21205 36.9788 12.9
    endloop
  endfacet
  facet normal -0.970441 0.241338 0
    outer loop
      vertex 2.99768 36.1168 11.4
      vertex 3.21205 36.9788 12.9
      vertex 3.21205 36.9788 11.4
    endloop
  endfacet
  facet normal -0.970441 0.241338 0
    outer loop
      vertex 3.21205 36.9788 12.9
      vertex 2.99768 36.1168 11.4
      vertex 2.99768 36.1168 12.9
    endloop
  endfacet
  facet normal -0.972766 0.231791 0
    outer loop
      vertex 2.78654 35.2307 11.4
      vertex 2.99768 36.1168 12.9
      vertex 2.99768 36.1168 11.4
    endloop
  endfacet
  facet normal -0.972766 0.231791 0
    outer loop
      vertex 2.99768 36.1168 12.9
      vertex 2.78654 35.2307 11.4
      vertex 2.78654 35.2307 12.9
    endloop
  endfacet
  facet normal -0.975565 0.219711 0
    outer loop
      vertex 2.58173 34.3213 11.4
      vertex 2.78654 35.2307 12.9
      vertex 2.78654 35.2307 11.4
    endloop
  endfacet
  facet normal -0.975565 0.219711 0
    outer loop
      vertex 2.78654 35.2307 12.9
      vertex 2.58173 34.3213 11.4
      vertex 2.58173 34.3213 12.9
    endloop
  endfacet
  facet normal -0.97871 0.205248 0
    outer loop
      vertex 2.38632 33.3895 11.4
      vertex 2.58173 34.3213 12.9
      vertex 2.58173 34.3213 11.4
    endloop
  endfacet
  facet normal -0.97871 0.205248 0
    outer loop
      vertex 2.58173 34.3213 12.9
      vertex 2.38632 33.3895 11.4
      vertex 2.38632 33.3895 12.9
    endloop
  endfacet
  facet normal -0.982079 0.188471 0
    outer loop
      vertex 2.20341 32.4364 11.4
      vertex 2.38632 33.3895 12.9
      vertex 2.38632 33.3895 11.4
    endloop
  endfacet
  facet normal -0.982079 0.188471 0
    outer loop
      vertex 2.38632 33.3895 12.9
      vertex 2.20341 32.4364 11.4
      vertex 2.20341 32.4364 12.9
    endloop
  endfacet
  facet normal -0.985528 0.169512 0
    outer loop
      vertex 2.03607 31.4635 11.4
      vertex 2.20341 32.4364 12.9
      vertex 2.20341 32.4364 11.4
    endloop
  endfacet
  facet normal -0.985528 0.169512 0
    outer loop
      vertex 2.20341 32.4364 12.9
      vertex 2.03607 31.4635 11.4
      vertex 2.03607 31.4635 12.9
    endloop
  endfacet
  facet normal -0.988894 0.148624 0
    outer loop
      vertex 1.88716 30.4727 11.4
      vertex 2.03607 31.4635 12.9
      vertex 2.03607 31.4635 11.4
    endloop
  endfacet
  facet normal -0.988894 0.148624 0
    outer loop
      vertex 2.03607 31.4635 12.9
      vertex 1.88716 30.4727 11.4
      vertex 1.88716 30.4727 12.9
    endloop
  endfacet
  facet normal -0.992045 0.125888 0
    outer loop
      vertex 1.7594 29.4659 11.4
      vertex 1.88716 30.4727 12.9
      vertex 1.88716 30.4727 11.4
    endloop
  endfacet
  facet normal -0.992045 0.125888 0
    outer loop
      vertex 1.88716 30.4727 12.9
      vertex 1.7594 29.4659 11.4
      vertex 1.7594 29.4659 12.9
    endloop
  endfacet
  facet normal -0.994822 0.101637 0
    outer loop
      vertex 1.65517 28.4457 11.4
      vertex 1.7594 29.4659 12.9
      vertex 1.7594 29.4659 11.4
    endloop
  endfacet
  facet normal -0.994822 0.101637 0
    outer loop
      vertex 1.7594 29.4659 12.9
      vertex 1.65517 28.4457 11.4
      vertex 1.65517 28.4457 12.9
    endloop
  endfacet
  facet normal -0.9971 0.0761003 0
    outer loop
      vertex 1.57649 27.4148 11.4
      vertex 1.65517 28.4457 12.9
      vertex 1.65517 28.4457 11.4
    endloop
  endfacet
  facet normal -0.9971 0.0761003 0
    outer loop
      vertex 1.65517 28.4457 12.9
      vertex 1.57649 27.4148 11.4
      vertex 1.57649 27.4148 12.9
    endloop
  endfacet
  facet normal -0.998768 0.0496162 0
    outer loop
      vertex 1.5249 26.3763 11.4
      vertex 1.57649 27.4148 12.9
      vertex 1.57649 27.4148 11.4
    endloop
  endfacet
  facet normal -0.998768 0.0496162 0
    outer loop
      vertex 1.57649 27.4148 12.9
      vertex 1.5249 26.3763 11.4
      vertex 1.5249 26.3763 12.9
    endloop
  endfacet
  facet normal -0.999748 0.022468 0
    outer loop
      vertex 1.50146 25.3333 11.4
      vertex 1.5249 26.3763 12.9
      vertex 1.5249 26.3763 11.4
    endloop
  endfacet
  facet normal -0.999748 0.022468 0
    outer loop
      vertex 1.5249 26.3763 12.9
      vertex 1.50146 25.3333 11.4
      vertex 1.50146 25.3333 12.9
    endloop
  endfacet
  facet normal -0.999988 -0.00497073 0
    outer loop
      vertex 1.50665 24.2892 11.4
      vertex 1.50146 25.3333 12.9
      vertex 1.50146 25.3333 11.4
    endloop
  endfacet
  facet normal -0.999988 -0.00497073 0
    outer loop
      vertex 1.50146 25.3333 12.9
      vertex 1.50665 24.2892 11.4
      vertex 1.50665 24.2892 12.9
    endloop
  endfacet
  facet normal -0.999477 -0.0323405 0
    outer loop
      vertex 1.54036 23.2474 11.4
      vertex 1.50665 24.2892 12.9
      vertex 1.50665 24.2892 11.4
    endloop
  endfacet
  facet normal -0.999477 -0.0323405 0
    outer loop
      vertex 1.50665 24.2892 12.9
      vertex 1.54036 23.2474 11.4
      vertex 1.54036 23.2474 12.9
    endloop
  endfacet
  facet normal -0.998242 -0.0592664 0
    outer loop
      vertex 1.60188 22.2112 11.4
      vertex 1.54036 23.2474 12.9
      vertex 1.54036 23.2474 11.4
    endloop
  endfacet
  facet normal -0.998242 -0.0592664 0
    outer loop
      vertex 1.54036 23.2474 12.9
      vertex 1.60188 22.2112 11.4
      vertex 1.60188 22.2112 12.9
    endloop
  endfacet
  facet normal 0.0725974 -0.997361 0
    outer loop
      vertex 1.60188 22.2112 11.4
      vertex 1.9 22.2329 12.9
      vertex 1.60188 22.2112 12.9
    endloop
  endfacet
  facet normal 0.0725974 -0.997361 0
    outer loop
      vertex 1.9 22.2329 12.9
      vertex 1.60188 22.2112 11.4
      vertex 1.9 22.2329 11.4
    endloop
  endfacet
endsolid OpenSCAD_Model
