solid OpenSCAD_Model
  facet normal 0.997293 0.0735314 0
    outer loop
      vertex 5.49337 0.269872 2.2
      vertex 5.47352 0.539094 0.599999
      vertex 5.47352 0.539094 2.2
    endloop
  endfacet
  facet normal 0.997293 0.0735314 0
    outer loop
      vertex 5.47352 0.539094 0.599999
      vertex 5.49337 0.269872 2.2
      vertex 5.49337 0.269872 0.599999
    endloop
  endfacet
  facet normal 0.999698 0.0245598 0
    outer loop
      vertex 5.5 0 2.2
      vertex 5.49337 0.269872 0.599999
      vertex 5.49337 0.269872 2.2
    endloop
  endfacet
  facet normal 0.999698 0.0245598 0
    outer loop
      vertex 5.49337 0.269872 0.599999
      vertex 5.5 0 2.2
      vertex 5.5 0 0.599999
    endloop
  endfacet
  facet normal 0.992477 0.122428 0
    outer loop
      vertex 5.47352 0.539094 2.2
      vertex 5.44047 0.807017 0.599999
      vertex 5.44047 0.807017 2.2
    endloop
  endfacet
  facet normal 0.992477 0.122428 0
    outer loop
      vertex 5.44047 0.807017 0.599999
      vertex 5.47352 0.539094 2.2
      vertex 5.47352 0.539094 0.599999
    endloop
  endfacet
  facet normal -0.992477 0.122428 0
    outer loop
      vertex -5.47352 0.539094 0.599999
      vertex -5.44047 0.807017 2.2
      vertex -5.44047 0.807017 0.599999
    endloop
  endfacet
  facet normal -0.992477 0.122428 0
    outer loop
      vertex -5.44047 0.807017 2.2
      vertex -5.47352 0.539094 0.599999
      vertex -5.47352 0.539094 2.2
    endloop
  endfacet
  facet normal -0.949525 0.313693 0
    outer loop
      vertex -5.26317 1.59657 0.599999
      vertex -5.17849 1.85289 2.2
      vertex -5.17849 1.85289 0.599999
    endloop
  endfacet
  facet normal -0.949525 0.313693 0
    outer loop
      vertex -5.17849 1.85289 2.2
      vertex -5.26317 1.59657 0.599999
      vertex -5.26317 1.59657 2.2
    endloop
  endfacet
  facet normal 0 0 1
    outer loop
      vertex 4.2 0 2.2
      vertex 5.5 0 2.2
      vertex 5.49337 0.269872 2.2
    endloop
  endfacet
  facet normal 0 0 1
    outer loop
      vertex 4.19494 0.206083 2.2
      vertex 5.49337 0.269872 2.2
      vertex 5.47352 0.539094 2.2
    endloop
  endfacet
  facet normal 0 0 1
    outer loop
      vertex 5.5 0 2.2
      vertex 4.2 0 2.2
      vertex 5.49337 -0.269872 2.2
    endloop
  endfacet
  facet normal 0 0 1
    outer loop
      vertex 4.17978 0.411672 2.2
      vertex 5.47352 0.539094 2.2
      vertex 5.44047 0.807017 2.2
    endloop
  endfacet
  facet normal -0 0 1
    outer loop
      vertex 4.19494 -0.206083 2.2
      vertex 5.49337 -0.269872 2.2
      vertex 4.2 0 2.2
    endloop
  endfacet
  facet normal 0 0 1
    outer loop
      vertex 4.15454 0.616267 2.2
      vertex 5.44047 0.807017 2.2
      vertex 5.39432 1.073 2.2
    endloop
  endfacet
  facet normal 0 0 1
    outer loop
      vertex 5.49337 -0.269872 2.2
      vertex 4.19494 -0.206083 2.2
      vertex 5.47352 -0.539094 2.2
    endloop
  endfacet
  facet normal 0 0 1
    outer loop
      vertex 4.1193 0.819379 2.2
      vertex 5.39432 1.073 2.2
      vertex 5.33517 1.33639 2.2
    endloop
  endfacet
  facet normal -0 0 1
    outer loop
      vertex 4.17978 -0.411672 2.2
      vertex 5.47352 -0.539094 2.2
      vertex 4.19494 -0.206083 2.2
    endloop
  endfacet
  facet normal 0 0 1
    outer loop
      vertex 4.07413 1.02052 2.2
      vertex 5.33517 1.33639 2.2
      vertex 5.26317 1.59657 2.2
    endloop
  endfacet
  facet normal 0 0 1
    outer loop
      vertex 5.47352 -0.539094 2.2
      vertex 4.17978 -0.411672 2.2
      vertex 5.44047 -0.807017 2.2
    endloop
  endfacet
  facet normal 0 0 1
    outer loop
      vertex 4.01915 1.2192 2.2
      vertex 5.26317 1.59657 2.2
      vertex 5.17849 1.85289 2.2
    endloop
  endfacet
  facet normal -0 0 1
    outer loop
      vertex 4.15454 -0.616267 2.2
      vertex 5.44047 -0.807017 2.2
      vertex 4.17978 -0.411672 2.2
    endloop
  endfacet
  facet normal 0 0 1
    outer loop
      vertex 3.95448 1.41494 2.2
      vertex 5.17849 1.85289 2.2
      vertex 5.08134 2.10476 2.2
    endloop
  endfacet
  facet normal 0 0 1
    outer loop
      vertex 5.44047 -0.807017 2.2
      vertex 4.15454 -0.616267 2.2
      vertex 5.39432 -1.073 2.2
    endloop
  endfacet
  facet normal 0 0 1
    outer loop
      vertex 3.88029 1.60727 2.2
      vertex 5.08134 2.10476 2.2
      vertex 4.97194 2.35155 2.2
    endloop
  endfacet
  facet normal -0 0 1
    outer loop
      vertex 4.1193 -0.819379 2.2
      vertex 5.39432 -1.073 2.2
      vertex 4.15454 -0.616267 2.2
    endloop
  endfacet
  facet normal 0 0 1
    outer loop
      vertex 3.79675 1.79573 2.2
      vertex 4.97194 2.35155 2.2
      vertex 4.85057 2.59268 2.2
    endloop
  endfacet
  facet normal 0 0 1
    outer loop
      vertex 5.39432 -1.073 2.2
      vertex 4.1193 -0.819379 2.2
      vertex 5.33517 -1.33639 2.2
    endloop
  endfacet
  facet normal 0 0 1
    outer loop
      vertex 3.70407 1.97987 2.2
      vertex 4.85057 2.59268 2.2
      vertex 4.71751 2.82756 2.2
    endloop
  endfacet
  facet normal -0 0 1
    outer loop
      vertex 4.07413 -1.02052 2.2
      vertex 5.33517 -1.33639 2.2
      vertex 4.1193 -0.819379 2.2
    endloop
  endfacet
  facet normal 0 0 1
    outer loop
      vertex 3.60246 2.15923 2.2
      vertex 4.71751 2.82756 2.2
      vertex 4.57308 3.05564 2.2
    endloop
  endfacet
  facet normal 0 0 1
    outer loop
      vertex 5.33517 -1.33639 2.2
      vertex 4.07413 -1.02052 2.2
      vertex 5.26317 -1.59657 2.2
    endloop
  endfacet
  facet normal 0 0 1
    outer loop
      vertex 3.49217 2.33339 2.2
      vertex 4.57308 3.05564 2.2
      vertex 4.41764 3.27635 2.2
    endloop
  endfacet
  facet normal -0 0 1
    outer loop
      vertex 4.01915 -1.2192 2.2
      vertex 5.26317 -1.59657 2.2
      vertex 4.07413 -1.02052 2.2
    endloop
  endfacet
  facet normal 0 0 1
    outer loop
      vertex 3.37347 2.50194 2.2
      vertex 4.41764 3.27635 2.2
      vertex 4.25156 3.48916 2.2
    endloop
  endfacet
  facet normal 0 0 1
    outer loop
      vertex 5.26317 -1.59657 2.2
      vertex 4.01915 -1.2192 2.2
      vertex 5.17849 -1.85289 2.2
    endloop
  endfacet
  facet normal -0 0 1
    outer loop
      vertex 3.95448 -1.41494 2.2
      vertex 5.17849 -1.85289 2.2
      vertex 4.01915 -1.2192 2.2
    endloop
  endfacet
  facet normal 0 0 1
    outer loop
      vertex 5.49337 0.269872 2.2
      vertex 4.19494 0.206083 2.2
      vertex 4.2 0 2.2
    endloop
  endfacet
  facet normal 0 0 1
    outer loop
      vertex 5.47352 0.539094 2.2
      vertex 4.17978 0.411672 2.2
      vertex 4.19494 0.206083 2.2
    endloop
  endfacet
  facet normal 0 0 1
    outer loop
      vertex 5.44047 0.807017 2.2
      vertex 4.15454 0.616267 2.2
      vertex 4.17978 0.411672 2.2
    endloop
  endfacet
  facet normal 0 0 1
    outer loop
      vertex 5.39432 1.073 2.2
      vertex 4.1193 0.819379 2.2
      vertex 4.15454 0.616267 2.2
    endloop
  endfacet
  facet normal 0 0 1
    outer loop
      vertex 3.24664 2.66445 2.2
      vertex 4.25156 3.48916 2.2
      vertex 4.07523 3.69357 2.2
    endloop
  endfacet
  facet normal 0 0 1
    outer loop
      vertex 5.33517 1.33639 2.2
      vertex 4.07413 1.02052 2.2
      vertex 4.1193 0.819379 2.2
    endloop
  endfacet
  facet normal 0 0 1
    outer loop
      vertex 5.26317 1.59657 2.2
      vertex 4.01915 1.2192 2.2
      vertex 4.07413 1.02052 2.2
    endloop
  endfacet
  facet normal 0 0 1
    outer loop
      vertex 5.17849 1.85289 2.2
      vertex 3.95448 1.41494 2.2
      vertex 4.01915 1.2192 2.2
    endloop
  endfacet
  facet normal 0 0 1
    outer loop
      vertex 3.11199 2.82055 2.2
      vertex 4.07523 3.69357 2.2
      vertex 3.88909 3.88909 2.2
    endloop
  endfacet
  facet normal 0 0 1
    outer loop
      vertex 5.08134 2.10476 2.2
      vertex 3.88029 1.60727 2.2
      vertex 3.95448 1.41494 2.2
    endloop
  endfacet
  facet normal 0 0 1
    outer loop
      vertex 4.97194 2.35155 2.2
      vertex 3.79675 1.79573 2.2
      vertex 3.88029 1.60727 2.2
    endloop
  endfacet
  facet normal 0 0 1
    outer loop
      vertex 4.85057 2.59268 2.2
      vertex 3.70407 1.97987 2.2
      vertex 3.79675 1.79573 2.2
    endloop
  endfacet
  facet normal 0 0 1
    outer loop
      vertex 2.96985 2.96985 2.2
      vertex 3.88909 3.88909 2.2
      vertex 3.69357 4.07523 2.2
    endloop
  endfacet
  facet normal 0 0 1
    outer loop
      vertex 4.71751 2.82756 2.2
      vertex 3.60246 2.15923 2.2
      vertex 3.70407 1.97987 2.2
    endloop
  endfacet
  facet normal 0 0 1
    outer loop
      vertex 4.57308 3.05564 2.2
      vertex 3.49217 2.33339 2.2
      vertex 3.60246 2.15923 2.2
    endloop
  endfacet
  facet normal 0 0 1
    outer loop
      vertex 2.82055 3.11199 2.2
      vertex 3.69357 4.07523 2.2
      vertex 3.48916 4.25156 2.2
    endloop
  endfacet
  facet normal 0 0 1
    outer loop
      vertex 4.41764 3.27635 2.2
      vertex 3.37347 2.50194 2.2
      vertex 3.49217 2.33339 2.2
    endloop
  endfacet
  facet normal 0 0 1
    outer loop
      vertex 2.66445 3.24664 2.2
      vertex 3.48916 4.25156 2.2
      vertex 3.27635 4.41764 2.2
    endloop
  endfacet
  facet normal 0 0 1
    outer loop
      vertex 4.25156 3.48916 2.2
      vertex 3.24664 2.66445 2.2
      vertex 3.37347 2.50194 2.2
    endloop
  endfacet
  facet normal 0 0 1
    outer loop
      vertex 4.07523 3.69357 2.2
      vertex 3.11199 2.82055 2.2
      vertex 3.24664 2.66445 2.2
    endloop
  endfacet
  facet normal 0 0 1
    outer loop
      vertex 2.50194 3.37347 2.2
      vertex 3.27635 4.41764 2.2
      vertex 3.05564 4.57308 2.2
    endloop
  endfacet
  facet normal 0 0 1
    outer loop
      vertex 3.88909 3.88909 2.2
      vertex 2.96985 2.96985 2.2
      vertex 3.11199 2.82055 2.2
    endloop
  endfacet
  facet normal 0 0 1
    outer loop
      vertex 2.33339 3.49217 2.2
      vertex 3.05564 4.57308 2.2
      vertex 2.82756 4.71751 2.2
    endloop
  endfacet
  facet normal 0 0 1
    outer loop
      vertex 3.69357 4.07523 2.2
      vertex 2.82055 3.11199 2.2
      vertex 2.96985 2.96985 2.2
    endloop
  endfacet
  facet normal 0 0 1
    outer loop
      vertex 3.48916 4.25156 2.2
      vertex 2.66445 3.24664 2.2
      vertex 2.82055 3.11199 2.2
    endloop
  endfacet
  facet normal 0 0 1
    outer loop
      vertex 2.15923 3.60246 2.2
      vertex 2.82756 4.71751 2.2
      vertex 2.59268 4.85057 2.2
    endloop
  endfacet
  facet normal 0 0 1
    outer loop
      vertex 3.27635 4.41764 2.2
      vertex 2.50194 3.37347 2.2
      vertex 2.66445 3.24664 2.2
    endloop
  endfacet
  facet normal 0 0 1
    outer loop
      vertex 1.97987 3.70407 2.2
      vertex 2.59268 4.85057 2.2
      vertex 2.35155 4.97194 2.2
    endloop
  endfacet
  facet normal 0 0 1
    outer loop
      vertex 3.05564 4.57308 2.2
      vertex 2.33339 3.49217 2.2
      vertex 2.50194 3.37347 2.2
    endloop
  endfacet
  facet normal 0 0 1
    outer loop
      vertex 2.82756 4.71751 2.2
      vertex 2.15923 3.60246 2.2
      vertex 2.33339 3.49217 2.2
    endloop
  endfacet
  facet normal 0 0 1
    outer loop
      vertex 1.79573 3.79675 2.2
      vertex 2.35155 4.97194 2.2
      vertex 2.10476 5.08134 2.2
    endloop
  endfacet
  facet normal 0 0 1
    outer loop
      vertex 2.59268 4.85057 2.2
      vertex 1.97987 3.70407 2.2
      vertex 2.15923 3.60246 2.2
    endloop
  endfacet
  facet normal 0 0 1
    outer loop
      vertex 1.60727 3.88029 2.2
      vertex 2.10476 5.08134 2.2
      vertex 1.85289 5.17849 2.2
    endloop
  endfacet
  facet normal 0 0 1
    outer loop
      vertex 2.35155 4.97194 2.2
      vertex 1.79573 3.79675 2.2
      vertex 1.97987 3.70407 2.2
    endloop
  endfacet
  facet normal 0 0 1
    outer loop
      vertex 2.10476 5.08134 2.2
      vertex 1.60727 3.88029 2.2
      vertex 1.79573 3.79675 2.2
    endloop
  endfacet
  facet normal 0 0 1
    outer loop
      vertex 1.41494 3.95448 2.2
      vertex 1.85289 5.17849 2.2
      vertex 1.59657 5.26317 2.2
    endloop
  endfacet
  facet normal 0 0 1
    outer loop
      vertex 1.85289 5.17849 2.2
      vertex 1.41494 3.95448 2.2
      vertex 1.60727 3.88029 2.2
    endloop
  endfacet
  facet normal 0 0 1
    outer loop
      vertex 1.2192 4.01915 2.2
      vertex 1.59657 5.26317 2.2
      vertex 1.33639 5.33517 2.2
    endloop
  endfacet
  facet normal 0 0 1
    outer loop
      vertex 1.59657 5.26317 2.2
      vertex 1.2192 4.01915 2.2
      vertex 1.41494 3.95448 2.2
    endloop
  endfacet
  facet normal 0 0 1
    outer loop
      vertex 1.02052 4.07413 2.2
      vertex 1.33639 5.33517 2.2
      vertex 1.073 5.39432 2.2
    endloop
  endfacet
  facet normal 0 0 1
    outer loop
      vertex 1.33639 5.33517 2.2
      vertex 1.02052 4.07413 2.2
      vertex 1.2192 4.01915 2.2
    endloop
  endfacet
  facet normal 0 0 1
    outer loop
      vertex 1.073 5.39432 2.2
      vertex 0.819379 4.1193 2.2
      vertex 1.02052 4.07413 2.2
    endloop
  endfacet
  facet normal 0 0 1
    outer loop
      vertex 0.807017 5.44047 2.2
      vertex 0.819379 4.1193 2.2
      vertex 1.073 5.39432 2.2
    endloop
  endfacet
  facet normal 0 0 1
    outer loop
      vertex 0.807017 5.44047 2.2
      vertex 0.616267 4.15454 2.2
      vertex 0.819379 4.1193 2.2
    endloop
  endfacet
  facet normal 0 0 1
    outer loop
      vertex 0.539094 5.47352 2.2
      vertex 0.616267 4.15454 2.2
      vertex 0.807017 5.44047 2.2
    endloop
  endfacet
  facet normal 0 0 1
    outer loop
      vertex 0.539094 5.47352 2.2
      vertex 0.411672 4.17978 2.2
      vertex 0.616267 4.15454 2.2
    endloop
  endfacet
  facet normal 0 0 1
    outer loop
      vertex 0.269872 5.49337 2.2
      vertex 0.411672 4.17978 2.2
      vertex 0.539094 5.47352 2.2
    endloop
  endfacet
  facet normal 0 0 1
    outer loop
      vertex 0.269872 5.49337 2.2
      vertex 0.206083 4.19494 2.2
      vertex 0.411672 4.17978 2.2
    endloop
  endfacet
  facet normal 0 0 1
    outer loop
      vertex 0 5.5 2.2
      vertex 0.206083 4.19494 2.2
      vertex 0.269872 5.49337 2.2
    endloop
  endfacet
  facet normal 0 0 1
    outer loop
      vertex 0 5.5 2.2
      vertex 0 4.2 2.2
      vertex 0.206083 4.19494 2.2
    endloop
  endfacet
  facet normal 0 0 1
    outer loop
      vertex 0 5.5 2.2
      vertex -0.206083 4.19494 2.2
      vertex 0 4.2 2.2
    endloop
  endfacet
  facet normal -0 0 1
    outer loop
      vertex -0.269872 5.49337 2.2
      vertex -0.206083 4.19494 2.2
      vertex 0 5.5 2.2
    endloop
  endfacet
  facet normal 0 0 1
    outer loop
      vertex -0.269872 5.49337 2.2
      vertex -0.411672 4.17978 2.2
      vertex -0.206083 4.19494 2.2
    endloop
  endfacet
  facet normal -0 0 1
    outer loop
      vertex -0.539094 5.47352 2.2
      vertex -0.411672 4.17978 2.2
      vertex -0.269872 5.49337 2.2
    endloop
  endfacet
  facet normal 0 0 1
    outer loop
      vertex -0.539094 5.47352 2.2
      vertex -0.616267 4.15454 2.2
      vertex -0.411672 4.17978 2.2
    endloop
  endfacet
  facet normal -0 0 1
    outer loop
      vertex -0.807017 5.44047 2.2
      vertex -0.616267 4.15454 2.2
      vertex -0.539094 5.47352 2.2
    endloop
  endfacet
  facet normal 0 0 1
    outer loop
      vertex -0.807017 5.44047 2.2
      vertex -0.819379 4.1193 2.2
      vertex -0.616267 4.15454 2.2
    endloop
  endfacet
  facet normal -0 0 1
    outer loop
      vertex -1.073 5.39432 2.2
      vertex -0.819379 4.1193 2.2
      vertex -0.807017 5.44047 2.2
    endloop
  endfacet
  facet normal 0 0 1
    outer loop
      vertex -0.819379 4.1193 2.2
      vertex -1.073 5.39432 2.2
      vertex -1.02052 4.07413 2.2
    endloop
  endfacet
  facet normal -0 0 1
    outer loop
      vertex -1.33639 5.33517 2.2
      vertex -1.02052 4.07413 2.2
      vertex -1.073 5.39432 2.2
    endloop
  endfacet
  facet normal 0 0 1
    outer loop
      vertex -1.02052 4.07413 2.2
      vertex -1.33639 5.33517 2.2
      vertex -1.2192 4.01915 2.2
    endloop
  endfacet
  facet normal -0 0 1
    outer loop
      vertex -1.59657 5.26317 2.2
      vertex -1.2192 4.01915 2.2
      vertex -1.33639 5.33517 2.2
    endloop
  endfacet
  facet normal 0 0 1
    outer loop
      vertex -1.2192 4.01915 2.2
      vertex -1.59657 5.26317 2.2
      vertex -1.41494 3.95448 2.2
    endloop
  endfacet
  facet normal -0 0 1
    outer loop
      vertex -1.85289 5.17849 2.2
      vertex -1.41494 3.95448 2.2
      vertex -1.59657 5.26317 2.2
    endloop
  endfacet
  facet normal 0 0 1
    outer loop
      vertex -1.41494 3.95448 2.2
      vertex -1.85289 5.17849 2.2
      vertex -1.60727 3.88029 2.2
    endloop
  endfacet
  facet normal -0 0 1
    outer loop
      vertex -2.10476 5.08134 2.2
      vertex -1.60727 3.88029 2.2
      vertex -1.85289 5.17849 2.2
    endloop
  endfacet
  facet normal 0 0 1
    outer loop
      vertex -1.60727 3.88029 2.2
      vertex -2.10476 5.08134 2.2
      vertex -1.79573 3.79675 2.2
    endloop
  endfacet
  facet normal -0 0 1
    outer loop
      vertex -2.35155 4.97194 2.2
      vertex -1.79573 3.79675 2.2
      vertex -2.10476 5.08134 2.2
    endloop
  endfacet
  facet normal 0 0 1
    outer loop
      vertex -1.79573 3.79675 2.2
      vertex -2.35155 4.97194 2.2
      vertex -1.97987 3.70407 2.2
    endloop
  endfacet
  facet normal -0 0 1
    outer loop
      vertex -2.59268 4.85057 2.2
      vertex -1.97987 3.70407 2.2
      vertex -2.35155 4.97194 2.2
    endloop
  endfacet
  facet normal 0 0 1
    outer loop
      vertex -1.97987 3.70407 2.2
      vertex -2.59268 4.85057 2.2
      vertex -2.15923 3.60246 2.2
    endloop
  endfacet
  facet normal -0 0 1
    outer loop
      vertex -2.82756 4.71751 2.2
      vertex -2.15923 3.60246 2.2
      vertex -2.59268 4.85057 2.2
    endloop
  endfacet
  facet normal 0 0 1
    outer loop
      vertex -2.15923 3.60246 2.2
      vertex -2.82756 4.71751 2.2
      vertex -2.33339 3.49217 2.2
    endloop
  endfacet
  facet normal -0 0 1
    outer loop
      vertex -3.05564 4.57308 2.2
      vertex -2.33339 3.49217 2.2
      vertex -2.82756 4.71751 2.2
    endloop
  endfacet
  facet normal 0 0 1
    outer loop
      vertex -2.33339 3.49217 2.2
      vertex -3.05564 4.57308 2.2
      vertex -2.50194 3.37347 2.2
    endloop
  endfacet
  facet normal -0 0 1
    outer loop
      vertex -3.27635 4.41764 2.2
      vertex -2.50194 3.37347 2.2
      vertex -3.05564 4.57308 2.2
    endloop
  endfacet
  facet normal 0 0 1
    outer loop
      vertex -2.50194 3.37347 2.2
      vertex -3.27635 4.41764 2.2
      vertex -2.66445 3.24664 2.2
    endloop
  endfacet
  facet normal -0 0 1
    outer loop
      vertex -3.48916 4.25156 2.2
      vertex -2.66445 3.24664 2.2
      vertex -3.27635 4.41764 2.2
    endloop
  endfacet
  facet normal 0 0 1
    outer loop
      vertex -2.66445 3.24664 2.2
      vertex -3.48916 4.25156 2.2
      vertex -2.82055 3.11199 2.2
    endloop
  endfacet
  facet normal -0 0 1
    outer loop
      vertex -3.69357 4.07523 2.2
      vertex -2.82055 3.11199 2.2
      vertex -3.48916 4.25156 2.2
    endloop
  endfacet
  facet normal 0 0 1
    outer loop
      vertex -2.82055 3.11199 2.2
      vertex -3.69357 4.07523 2.2
      vertex -2.96985 2.96985 2.2
    endloop
  endfacet
  facet normal -0 0 1
    outer loop
      vertex -3.88909 3.88909 2.2
      vertex -2.96985 2.96985 2.2
      vertex -3.69357 4.07523 2.2
    endloop
  endfacet
  facet normal 0 0 1
    outer loop
      vertex -2.96985 2.96985 2.2
      vertex -3.88909 3.88909 2.2
      vertex -3.11199 2.82055 2.2
    endloop
  endfacet
  facet normal -0 0 1
    outer loop
      vertex -4.07523 3.69357 2.2
      vertex -3.11199 2.82055 2.2
      vertex -3.88909 3.88909 2.2
    endloop
  endfacet
  facet normal 0 0 1
    outer loop
      vertex -3.11199 2.82055 2.2
      vertex -4.07523 3.69357 2.2
      vertex -3.24664 2.66445 2.2
    endloop
  endfacet
  facet normal -0 0 1
    outer loop
      vertex -4.25156 3.48916 2.2
      vertex -3.24664 2.66445 2.2
      vertex -4.07523 3.69357 2.2
    endloop
  endfacet
  facet normal 0 0 1
    outer loop
      vertex -3.24664 2.66445 2.2
      vertex -4.25156 3.48916 2.2
      vertex -3.37347 2.50194 2.2
    endloop
  endfacet
  facet normal -0 0 1
    outer loop
      vertex -4.41764 3.27635 2.2
      vertex -3.37347 2.50194 2.2
      vertex -4.25156 3.48916 2.2
    endloop
  endfacet
  facet normal 0 0 1
    outer loop
      vertex -3.37347 2.50194 2.2
      vertex -4.41764 3.27635 2.2
      vertex -3.49217 2.33339 2.2
    endloop
  endfacet
  facet normal -0 0 1
    outer loop
      vertex -4.57308 3.05564 2.2
      vertex -3.49217 2.33339 2.2
      vertex -4.41764 3.27635 2.2
    endloop
  endfacet
  facet normal 0 0 1
    outer loop
      vertex -3.49217 2.33339 2.2
      vertex -4.57308 3.05564 2.2
      vertex -3.60246 2.15923 2.2
    endloop
  endfacet
  facet normal -0 0 1
    outer loop
      vertex -4.71751 2.82756 2.2
      vertex -3.60246 2.15923 2.2
      vertex -4.57308 3.05564 2.2
    endloop
  endfacet
  facet normal 0 0 1
    outer loop
      vertex -3.60246 2.15923 2.2
      vertex -4.71751 2.82756 2.2
      vertex -3.70407 1.97987 2.2
    endloop
  endfacet
  facet normal -0 0 1
    outer loop
      vertex -4.85057 2.59268 2.2
      vertex -3.70407 1.97987 2.2
      vertex -4.71751 2.82756 2.2
    endloop
  endfacet
  facet normal 0 0 1
    outer loop
      vertex -3.70407 1.97987 2.2
      vertex -4.85057 2.59268 2.2
      vertex -3.79675 1.79573 2.2
    endloop
  endfacet
  facet normal -0 0 1
    outer loop
      vertex -4.97194 2.35155 2.2
      vertex -3.79675 1.79573 2.2
      vertex -4.85057 2.59268 2.2
    endloop
  endfacet
  facet normal 0 0 1
    outer loop
      vertex -3.79675 1.79573 2.2
      vertex -4.97194 2.35155 2.2
      vertex -3.88029 1.60727 2.2
    endloop
  endfacet
  facet normal -0 0 1
    outer loop
      vertex -5.08134 2.10476 2.2
      vertex -3.88029 1.60727 2.2
      vertex -4.97194 2.35155 2.2
    endloop
  endfacet
  facet normal -0 0 1
    outer loop
      vertex -5.17849 1.85289 2.2
      vertex -3.95448 1.41494 2.2
      vertex -5.08134 2.10476 2.2
    endloop
  endfacet
  facet normal 0 0 1
    outer loop
      vertex -3.88029 1.60727 2.2
      vertex -5.08134 2.10476 2.2
      vertex -3.95448 1.41494 2.2
    endloop
  endfacet
  facet normal 0 0 1
    outer loop
      vertex 5.17849 -1.85289 2.2
      vertex 3.95448 -1.41494 2.2
      vertex 5.08134 -2.10476 2.2
    endloop
  endfacet
  facet normal -0 0 1
    outer loop
      vertex 3.88029 -1.60727 2.2
      vertex 5.08134 -2.10476 2.2
      vertex 3.95448 -1.41494 2.2
    endloop
  endfacet
  facet normal 0 0 1
    outer loop
      vertex 5.08134 -2.10476 2.2
      vertex 3.88029 -1.60727 2.2
      vertex 4.97194 -2.35155 2.2
    endloop
  endfacet
  facet normal -0 0 1
    outer loop
      vertex 3.79675 -1.79573 2.2
      vertex 4.97194 -2.35155 2.2
      vertex 3.88029 -1.60727 2.2
    endloop
  endfacet
  facet normal 0 0 1
    outer loop
      vertex 4.97194 -2.35155 2.2
      vertex 3.79675 -1.79573 2.2
      vertex 4.85057 -2.59268 2.2
    endloop
  endfacet
  facet normal -0 0 1
    outer loop
      vertex 3.70407 -1.97987 2.2
      vertex 4.85057 -2.59268 2.2
      vertex 3.79675 -1.79573 2.2
    endloop
  endfacet
  facet normal 0 0 1
    outer loop
      vertex 4.85057 -2.59268 2.2
      vertex 3.70407 -1.97987 2.2
      vertex 4.71751 -2.82756 2.2
    endloop
  endfacet
  facet normal -0 0 1
    outer loop
      vertex 3.60246 -2.15923 2.2
      vertex 4.71751 -2.82756 2.2
      vertex 3.70407 -1.97987 2.2
    endloop
  endfacet
  facet normal 0 0 1
    outer loop
      vertex 4.71751 -2.82756 2.2
      vertex 3.60246 -2.15923 2.2
      vertex 4.57308 -3.05564 2.2
    endloop
  endfacet
  facet normal -0 0 1
    outer loop
      vertex 3.49217 -2.33339 2.2
      vertex 4.57308 -3.05564 2.2
      vertex 3.60246 -2.15923 2.2
    endloop
  endfacet
  facet normal 0 0 1
    outer loop
      vertex 4.57308 -3.05564 2.2
      vertex 3.49217 -2.33339 2.2
      vertex 4.41764 -3.27635 2.2
    endloop
  endfacet
  facet normal -0 0 1
    outer loop
      vertex 3.37347 -2.50194 2.2
      vertex 4.41764 -3.27635 2.2
      vertex 3.49217 -2.33339 2.2
    endloop
  endfacet
  facet normal 0 0 1
    outer loop
      vertex 4.41764 -3.27635 2.2
      vertex 3.37347 -2.50194 2.2
      vertex 4.25156 -3.48916 2.2
    endloop
  endfacet
  facet normal -0 0 1
    outer loop
      vertex 3.24664 -2.66445 2.2
      vertex 4.25156 -3.48916 2.2
      vertex 3.37347 -2.50194 2.2
    endloop
  endfacet
  facet normal 0 0 1
    outer loop
      vertex 4.25156 -3.48916 2.2
      vertex 3.24664 -2.66445 2.2
      vertex 4.07523 -3.69357 2.2
    endloop
  endfacet
  facet normal -0 0 1
    outer loop
      vertex 3.11199 -2.82055 2.2
      vertex 4.07523 -3.69357 2.2
      vertex 3.24664 -2.66445 2.2
    endloop
  endfacet
  facet normal 0 0 1
    outer loop
      vertex 4.07523 -3.69357 2.2
      vertex 3.11199 -2.82055 2.2
      vertex 3.88909 -3.88909 2.2
    endloop
  endfacet
  facet normal -0 0 1
    outer loop
      vertex 2.96985 -2.96985 2.2
      vertex 3.88909 -3.88909 2.2
      vertex 3.11199 -2.82055 2.2
    endloop
  endfacet
  facet normal 0 0 1
    outer loop
      vertex 3.88909 -3.88909 2.2
      vertex 2.96985 -2.96985 2.2
      vertex 3.69357 -4.07523 2.2
    endloop
  endfacet
  facet normal -0 0 1
    outer loop
      vertex 2.82055 -3.11199 2.2
      vertex 3.69357 -4.07523 2.2
      vertex 2.96985 -2.96985 2.2
    endloop
  endfacet
  facet normal 0 0 1
    outer loop
      vertex 3.69357 -4.07523 2.2
      vertex 2.82055 -3.11199 2.2
      vertex 3.48916 -4.25156 2.2
    endloop
  endfacet
  facet normal -0 0 1
    outer loop
      vertex 2.66445 -3.24664 2.2
      vertex 3.48916 -4.25156 2.2
      vertex 2.82055 -3.11199 2.2
    endloop
  endfacet
  facet normal 0 0 1
    outer loop
      vertex 3.48916 -4.25156 2.2
      vertex 2.66445 -3.24664 2.2
      vertex 3.27635 -4.41764 2.2
    endloop
  endfacet
  facet normal -0 0 1
    outer loop
      vertex 2.50194 -3.37347 2.2
      vertex 3.27635 -4.41764 2.2
      vertex 2.66445 -3.24664 2.2
    endloop
  endfacet
  facet normal 0 0 1
    outer loop
      vertex 3.27635 -4.41764 2.2
      vertex 2.50194 -3.37347 2.2
      vertex 3.05564 -4.57308 2.2
    endloop
  endfacet
  facet normal -0 0 1
    outer loop
      vertex 2.33339 -3.49217 2.2
      vertex 3.05564 -4.57308 2.2
      vertex 2.50194 -3.37347 2.2
    endloop
  endfacet
  facet normal 0 0 1
    outer loop
      vertex 3.05564 -4.57308 2.2
      vertex 2.33339 -3.49217 2.2
      vertex 2.82756 -4.71751 2.2
    endloop
  endfacet
  facet normal -0 0 1
    outer loop
      vertex 2.15923 -3.60246 2.2
      vertex 2.82756 -4.71751 2.2
      vertex 2.33339 -3.49217 2.2
    endloop
  endfacet
  facet normal 0 0 1
    outer loop
      vertex 2.82756 -4.71751 2.2
      vertex 2.15923 -3.60246 2.2
      vertex 2.59268 -4.85057 2.2
    endloop
  endfacet
  facet normal -0 0 1
    outer loop
      vertex 1.97987 -3.70407 2.2
      vertex 2.59268 -4.85057 2.2
      vertex 2.15923 -3.60246 2.2
    endloop
  endfacet
  facet normal 0 0 1
    outer loop
      vertex 2.59268 -4.85057 2.2
      vertex 1.97987 -3.70407 2.2
      vertex 2.35155 -4.97194 2.2
    endloop
  endfacet
  facet normal -0 0 1
    outer loop
      vertex 1.79573 -3.79675 2.2
      vertex 2.35155 -4.97194 2.2
      vertex 1.97987 -3.70407 2.2
    endloop
  endfacet
  facet normal 0 0 1
    outer loop
      vertex 2.35155 -4.97194 2.2
      vertex 1.79573 -3.79675 2.2
      vertex 2.10476 -5.08134 2.2
    endloop
  endfacet
  facet normal -0 0 1
    outer loop
      vertex 1.60727 -3.88029 2.2
      vertex 2.10476 -5.08134 2.2
      vertex 1.79573 -3.79675 2.2
    endloop
  endfacet
  facet normal 0 0 1
    outer loop
      vertex 2.10476 -5.08134 2.2
      vertex 1.60727 -3.88029 2.2
      vertex 1.85289 -5.17849 2.2
    endloop
  endfacet
  facet normal -0 0 1
    outer loop
      vertex 1.41494 -3.95448 2.2
      vertex 1.85289 -5.17849 2.2
      vertex 1.60727 -3.88029 2.2
    endloop
  endfacet
  facet normal 0 0 1
    outer loop
      vertex 1.85289 -5.17849 2.2
      vertex 1.41494 -3.95448 2.2
      vertex 1.59657 -5.26317 2.2
    endloop
  endfacet
  facet normal -0 0 1
    outer loop
      vertex 1.2192 -4.01915 2.2
      vertex 1.59657 -5.26317 2.2
      vertex 1.41494 -3.95448 2.2
    endloop
  endfacet
  facet normal 0 0 1
    outer loop
      vertex 1.59657 -5.26317 2.2
      vertex 1.2192 -4.01915 2.2
      vertex 1.33639 -5.33517 2.2
    endloop
  endfacet
  facet normal -0 0 1
    outer loop
      vertex 1.02052 -4.07413 2.2
      vertex 1.33639 -5.33517 2.2
      vertex 1.2192 -4.01915 2.2
    endloop
  endfacet
  facet normal 0 0 1
    outer loop
      vertex 1.33639 -5.33517 2.2
      vertex 1.02052 -4.07413 2.2
      vertex 1.073 -5.39432 2.2
    endloop
  endfacet
  facet normal -0 0 1
    outer loop
      vertex 0.819379 -4.1193 2.2
      vertex 1.073 -5.39432 2.2
      vertex 1.02052 -4.07413 2.2
    endloop
  endfacet
  facet normal 0 0 1
    outer loop
      vertex 0.819379 -4.1193 2.2
      vertex 0.807017 -5.44047 2.2
      vertex 1.073 -5.39432 2.2
    endloop
  endfacet
  facet normal -0 0 1
    outer loop
      vertex 0.616267 -4.15454 2.2
      vertex 0.807017 -5.44047 2.2
      vertex 0.819379 -4.1193 2.2
    endloop
  endfacet
  facet normal 0 0 1
    outer loop
      vertex 0.616267 -4.15454 2.2
      vertex 0.539094 -5.47352 2.2
      vertex 0.807017 -5.44047 2.2
    endloop
  endfacet
  facet normal -0 0 1
    outer loop
      vertex 0.411672 -4.17978 2.2
      vertex 0.539094 -5.47352 2.2
      vertex 0.616267 -4.15454 2.2
    endloop
  endfacet
  facet normal 0 0 1
    outer loop
      vertex 0.411672 -4.17978 2.2
      vertex 0.269872 -5.49337 2.2
      vertex 0.539094 -5.47352 2.2
    endloop
  endfacet
  facet normal -0 0 1
    outer loop
      vertex 0.206083 -4.19494 2.2
      vertex 0.269872 -5.49337 2.2
      vertex 0.411672 -4.17978 2.2
    endloop
  endfacet
  facet normal -0 0 1
    outer loop
      vertex 0 -4.2 2.2
      vertex 0.269872 -5.49337 2.2
      vertex 0.206083 -4.19494 2.2
    endloop
  endfacet
  facet normal 0 0 1
    outer loop
      vertex 0 -4.2 2.2
      vertex 0 -5.5 2.2
      vertex 0.269872 -5.49337 2.2
    endloop
  endfacet
  facet normal 0 0 1
    outer loop
      vertex -0.206083 -4.19494 2.2
      vertex 0 -5.5 2.2
      vertex 0 -4.2 2.2
    endloop
  endfacet
  facet normal 0 0 1
    outer loop
      vertex -0.206083 -4.19494 2.2
      vertex -0.269872 -5.49337 2.2
      vertex 0 -5.5 2.2
    endloop
  endfacet
  facet normal 0 0 1
    outer loop
      vertex -0.411672 -4.17978 2.2
      vertex -0.269872 -5.49337 2.2
      vertex -0.206083 -4.19494 2.2
    endloop
  endfacet
  facet normal 0 0 1
    outer loop
      vertex -0.411672 -4.17978 2.2
      vertex -0.539094 -5.47352 2.2
      vertex -0.269872 -5.49337 2.2
    endloop
  endfacet
  facet normal 0 0 1
    outer loop
      vertex -0.616267 -4.15454 2.2
      vertex -0.539094 -5.47352 2.2
      vertex -0.411672 -4.17978 2.2
    endloop
  endfacet
  facet normal 0 0 1
    outer loop
      vertex -0.616267 -4.15454 2.2
      vertex -0.807017 -5.44047 2.2
      vertex -0.539094 -5.47352 2.2
    endloop
  endfacet
  facet normal 0 0 1
    outer loop
      vertex -0.819379 -4.1193 2.2
      vertex -0.807017 -5.44047 2.2
      vertex -0.616267 -4.15454 2.2
    endloop
  endfacet
  facet normal 0 0 1
    outer loop
      vertex -1.073 -5.39432 2.2
      vertex -0.819379 -4.1193 2.2
      vertex -1.02052 -4.07413 2.2
    endloop
  endfacet
  facet normal 0 0 1
    outer loop
      vertex -0.819379 -4.1193 2.2
      vertex -1.073 -5.39432 2.2
      vertex -0.807017 -5.44047 2.2
    endloop
  endfacet
  facet normal 0 0 1
    outer loop
      vertex -1.33639 -5.33517 2.2
      vertex -1.02052 -4.07413 2.2
      vertex -1.2192 -4.01915 2.2
    endloop
  endfacet
  facet normal 0 0 1
    outer loop
      vertex -1.02052 -4.07413 2.2
      vertex -1.33639 -5.33517 2.2
      vertex -1.073 -5.39432 2.2
    endloop
  endfacet
  facet normal 0 0 1
    outer loop
      vertex -1.59657 -5.26317 2.2
      vertex -1.2192 -4.01915 2.2
      vertex -1.41494 -3.95448 2.2
    endloop
  endfacet
  facet normal 0 0 1
    outer loop
      vertex -1.2192 -4.01915 2.2
      vertex -1.59657 -5.26317 2.2
      vertex -1.33639 -5.33517 2.2
    endloop
  endfacet
  facet normal 0 0 1
    outer loop
      vertex -1.85289 -5.17849 2.2
      vertex -1.41494 -3.95448 2.2
      vertex -1.60727 -3.88029 2.2
    endloop
  endfacet
  facet normal 0 0 1
    outer loop
      vertex -2.10476 -5.08134 2.2
      vertex -1.60727 -3.88029 2.2
      vertex -1.79573 -3.79675 2.2
    endloop
  endfacet
  facet normal 0 0 1
    outer loop
      vertex -1.41494 -3.95448 2.2
      vertex -1.85289 -5.17849 2.2
      vertex -1.59657 -5.26317 2.2
    endloop
  endfacet
  facet normal 0 0 1
    outer loop
      vertex -2.35155 -4.97194 2.2
      vertex -1.79573 -3.79675 2.2
      vertex -1.97987 -3.70407 2.2
    endloop
  endfacet
  facet normal 0 0 1
    outer loop
      vertex -1.60727 -3.88029 2.2
      vertex -2.10476 -5.08134 2.2
      vertex -1.85289 -5.17849 2.2
    endloop
  endfacet
  facet normal 0 0 1
    outer loop
      vertex -2.59268 -4.85057 2.2
      vertex -1.97987 -3.70407 2.2
      vertex -2.15923 -3.60246 2.2
    endloop
  endfacet
  facet normal 0 0 1
    outer loop
      vertex -2.82756 -4.71751 2.2
      vertex -2.15923 -3.60246 2.2
      vertex -2.33339 -3.49217 2.2
    endloop
  endfacet
  facet normal 0 0 1
    outer loop
      vertex -1.79573 -3.79675 2.2
      vertex -2.35155 -4.97194 2.2
      vertex -2.10476 -5.08134 2.2
    endloop
  endfacet
  facet normal 0 0 1
    outer loop
      vertex -3.05564 -4.57308 2.2
      vertex -2.33339 -3.49217 2.2
      vertex -2.50194 -3.37347 2.2
    endloop
  endfacet
  facet normal 0 0 1
    outer loop
      vertex -1.97987 -3.70407 2.2
      vertex -2.59268 -4.85057 2.2
      vertex -2.35155 -4.97194 2.2
    endloop
  endfacet
  facet normal 0 0 1
    outer loop
      vertex -3.27635 -4.41764 2.2
      vertex -2.50194 -3.37347 2.2
      vertex -2.66445 -3.24664 2.2
    endloop
  endfacet
  facet normal 0 0 1
    outer loop
      vertex -3.48916 -4.25156 2.2
      vertex -2.66445 -3.24664 2.2
      vertex -2.82055 -3.11199 2.2
    endloop
  endfacet
  facet normal 0 0 1
    outer loop
      vertex -2.15923 -3.60246 2.2
      vertex -2.82756 -4.71751 2.2
      vertex -2.59268 -4.85057 2.2
    endloop
  endfacet
  facet normal 0 0 1
    outer loop
      vertex -3.69357 -4.07523 2.2
      vertex -2.82055 -3.11199 2.2
      vertex -2.96985 -2.96985 2.2
    endloop
  endfacet
  facet normal 0 0 1
    outer loop
      vertex -2.33339 -3.49217 2.2
      vertex -3.05564 -4.57308 2.2
      vertex -2.82756 -4.71751 2.2
    endloop
  endfacet
  facet normal 0 0 1
    outer loop
      vertex -3.88909 -3.88909 2.2
      vertex -2.96985 -2.96985 2.2
      vertex -3.11199 -2.82055 2.2
    endloop
  endfacet
  facet normal 0 0 1
    outer loop
      vertex -4.07523 -3.69357 2.2
      vertex -3.11199 -2.82055 2.2
      vertex -3.24664 -2.66445 2.2
    endloop
  endfacet
  facet normal 0 0 1
    outer loop
      vertex -2.50194 -3.37347 2.2
      vertex -3.27635 -4.41764 2.2
      vertex -3.05564 -4.57308 2.2
    endloop
  endfacet
  facet normal 0 0 1
    outer loop
      vertex -4.25156 -3.48916 2.2
      vertex -3.24664 -2.66445 2.2
      vertex -3.37347 -2.50194 2.2
    endloop
  endfacet
  facet normal 0 0 1
    outer loop
      vertex -2.66445 -3.24664 2.2
      vertex -3.48916 -4.25156 2.2
      vertex -3.27635 -4.41764 2.2
    endloop
  endfacet
  facet normal 0 0 1
    outer loop
      vertex -4.41764 -3.27635 2.2
      vertex -3.37347 -2.50194 2.2
      vertex -3.49217 -2.33339 2.2
    endloop
  endfacet
  facet normal 0 0 1
    outer loop
      vertex -4.57308 -3.05564 2.2
      vertex -3.49217 -2.33339 2.2
      vertex -3.60246 -2.15923 2.2
    endloop
  endfacet
  facet normal 0 0 1
    outer loop
      vertex -2.82055 -3.11199 2.2
      vertex -3.69357 -4.07523 2.2
      vertex -3.48916 -4.25156 2.2
    endloop
  endfacet
  facet normal 0 0 1
    outer loop
      vertex -4.71751 -2.82756 2.2
      vertex -3.60246 -2.15923 2.2
      vertex -3.70407 -1.97987 2.2
    endloop
  endfacet
  facet normal 0 0 1
    outer loop
      vertex -4.85057 -2.59268 2.2
      vertex -3.70407 -1.97987 2.2
      vertex -3.79675 -1.79573 2.2
    endloop
  endfacet
  facet normal 0 0 1
    outer loop
      vertex -4.97194 -2.35155 2.2
      vertex -3.79675 -1.79573 2.2
      vertex -3.88029 -1.60727 2.2
    endloop
  endfacet
  facet normal 0 0 1
    outer loop
      vertex -2.96985 -2.96985 2.2
      vertex -3.88909 -3.88909 2.2
      vertex -3.69357 -4.07523 2.2
    endloop
  endfacet
  facet normal 0 0 1
    outer loop
      vertex -5.08134 -2.10476 2.2
      vertex -3.88029 -1.60727 2.2
      vertex -3.95448 -1.41494 2.2
    endloop
  endfacet
  facet normal 0 0 1
    outer loop
      vertex -5.17849 -1.85289 2.2
      vertex -3.95448 -1.41494 2.2
      vertex -4.01915 -1.2192 2.2
    endloop
  endfacet
  facet normal 0 0 1
    outer loop
      vertex -5.26317 -1.59657 2.2
      vertex -4.01915 -1.2192 2.2
      vertex -4.07413 -1.02052 2.2
    endloop
  endfacet
  facet normal 0 0 1
    outer loop
      vertex -3.11199 -2.82055 2.2
      vertex -4.07523 -3.69357 2.2
      vertex -3.88909 -3.88909 2.2
    endloop
  endfacet
  facet normal 0 0 1
    outer loop
      vertex -5.33517 -1.33639 2.2
      vertex -4.07413 -1.02052 2.2
      vertex -4.1193 -0.819379 2.2
    endloop
  endfacet
  facet normal 0 0 1
    outer loop
      vertex -5.39432 -1.073 2.2
      vertex -4.1193 -0.819379 2.2
      vertex -4.15454 -0.616267 2.2
    endloop
  endfacet
  facet normal 0 0 1
    outer loop
      vertex -5.44047 -0.807017 2.2
      vertex -4.15454 -0.616267 2.2
      vertex -4.17978 -0.411672 2.2
    endloop
  endfacet
  facet normal 0 0 1
    outer loop
      vertex -5.47352 -0.539094 2.2
      vertex -4.17978 -0.411672 2.2
      vertex -4.19494 -0.206083 2.2
    endloop
  endfacet
  facet normal 0 0 1
    outer loop
      vertex -3.24664 -2.66445 2.2
      vertex -4.25156 -3.48916 2.2
      vertex -4.07523 -3.69357 2.2
    endloop
  endfacet
  facet normal 0 0 1
    outer loop
      vertex -5.49337 -0.269872 2.2
      vertex -4.19494 -0.206083 2.2
      vertex -4.2 0 2.2
    endloop
  endfacet
  facet normal 0 0 1
    outer loop
      vertex -3.95448 1.41494 2.2
      vertex -5.17849 1.85289 2.2
      vertex -4.01915 1.2192 2.2
    endloop
  endfacet
  facet normal -0 0 1
    outer loop
      vertex -5.26317 1.59657 2.2
      vertex -4.01915 1.2192 2.2
      vertex -5.17849 1.85289 2.2
    endloop
  endfacet
  facet normal 0 0 1
    outer loop
      vertex -3.37347 -2.50194 2.2
      vertex -4.41764 -3.27635 2.2
      vertex -4.25156 -3.48916 2.2
    endloop
  endfacet
  facet normal 0 0 1
    outer loop
      vertex -4.01915 1.2192 2.2
      vertex -5.26317 1.59657 2.2
      vertex -4.07413 1.02052 2.2
    endloop
  endfacet
  facet normal 0 0 1
    outer loop
      vertex -3.49217 -2.33339 2.2
      vertex -4.57308 -3.05564 2.2
      vertex -4.41764 -3.27635 2.2
    endloop
  endfacet
  facet normal -0 0 1
    outer loop
      vertex -5.33517 1.33639 2.2
      vertex -4.07413 1.02052 2.2
      vertex -5.26317 1.59657 2.2
    endloop
  endfacet
  facet normal 0 0 1
    outer loop
      vertex -3.60246 -2.15923 2.2
      vertex -4.71751 -2.82756 2.2
      vertex -4.57308 -3.05564 2.2
    endloop
  endfacet
  facet normal 0 0 1
    outer loop
      vertex -4.07413 1.02052 2.2
      vertex -5.33517 1.33639 2.2
      vertex -4.1193 0.819379 2.2
    endloop
  endfacet
  facet normal 0 0 1
    outer loop
      vertex -3.70407 -1.97987 2.2
      vertex -4.85057 -2.59268 2.2
      vertex -4.71751 -2.82756 2.2
    endloop
  endfacet
  facet normal -0 0 1
    outer loop
      vertex -5.39432 1.073 2.2
      vertex -4.1193 0.819379 2.2
      vertex -5.33517 1.33639 2.2
    endloop
  endfacet
  facet normal 0 0 1
    outer loop
      vertex -3.79675 -1.79573 2.2
      vertex -4.97194 -2.35155 2.2
      vertex -4.85057 -2.59268 2.2
    endloop
  endfacet
  facet normal 0 0 1
    outer loop
      vertex -4.1193 0.819379 2.2
      vertex -5.39432 1.073 2.2
      vertex -4.15454 0.616267 2.2
    endloop
  endfacet
  facet normal 0 0 1
    outer loop
      vertex -3.88029 -1.60727 2.2
      vertex -5.08134 -2.10476 2.2
      vertex -4.97194 -2.35155 2.2
    endloop
  endfacet
  facet normal -0 0 1
    outer loop
      vertex -5.44047 0.807017 2.2
      vertex -4.15454 0.616267 2.2
      vertex -5.39432 1.073 2.2
    endloop
  endfacet
  facet normal 0 0 1
    outer loop
      vertex -3.95448 -1.41494 2.2
      vertex -5.17849 -1.85289 2.2
      vertex -5.08134 -2.10476 2.2
    endloop
  endfacet
  facet normal 0 0 1
    outer loop
      vertex -4.15454 0.616267 2.2
      vertex -5.44047 0.807017 2.2
      vertex -4.17978 0.411672 2.2
    endloop
  endfacet
  facet normal 0 0 1
    outer loop
      vertex -4.01915 -1.2192 2.2
      vertex -5.26317 -1.59657 2.2
      vertex -5.17849 -1.85289 2.2
    endloop
  endfacet
  facet normal -0 0 1
    outer loop
      vertex -5.47352 0.539094 2.2
      vertex -4.17978 0.411672 2.2
      vertex -5.44047 0.807017 2.2
    endloop
  endfacet
  facet normal 0 0 1
    outer loop
      vertex -4.07413 -1.02052 2.2
      vertex -5.33517 -1.33639 2.2
      vertex -5.26317 -1.59657 2.2
    endloop
  endfacet
  facet normal 0 0 1
    outer loop
      vertex -4.17978 0.411672 2.2
      vertex -5.47352 0.539094 2.2
      vertex -4.19494 0.206083 2.2
    endloop
  endfacet
  facet normal 0 0 1
    outer loop
      vertex -4.1193 -0.819379 2.2
      vertex -5.39432 -1.073 2.2
      vertex -5.33517 -1.33639 2.2
    endloop
  endfacet
  facet normal -0 0 1
    outer loop
      vertex -5.49337 0.269872 2.2
      vertex -4.19494 0.206083 2.2
      vertex -5.47352 0.539094 2.2
    endloop
  endfacet
  facet normal 0 0 1
    outer loop
      vertex -4.15454 -0.616267 2.2
      vertex -5.44047 -0.807017 2.2
      vertex -5.39432 -1.073 2.2
    endloop
  endfacet
  facet normal 0 0 1
    outer loop
      vertex -4.19494 0.206083 2.2
      vertex -5.49337 0.269872 2.2
      vertex -4.2 0 2.2
    endloop
  endfacet
  facet normal 0 0 1
    outer loop
      vertex -4.17978 -0.411672 2.2
      vertex -5.47352 -0.539094 2.2
      vertex -5.44047 -0.807017 2.2
    endloop
  endfacet
  facet normal 0 0 1
    outer loop
      vertex -5.5 0 2.2
      vertex -4.2 0 2.2
      vertex -5.49337 0.269872 2.2
    endloop
  endfacet
  facet normal 0 0 1
    outer loop
      vertex -4.19494 -0.206083 2.2
      vertex -5.49337 -0.269872 2.2
      vertex -5.47352 -0.539094 2.2
    endloop
  endfacet
  facet normal 0 0 1
    outer loop
      vertex -4.2 0 2.2
      vertex -5.5 0 2.2
      vertex -5.49337 -0.269872 2.2
    endloop
  endfacet
  facet normal -0.0735314 0.997293 0
    outer loop
      vertex -0.269872 5.49337 0.599999
      vertex -0.539094 5.47352 2.2
      vertex -0.269872 5.49337 2.2
    endloop
  endfacet
  facet normal -0.0735314 0.997293 0
    outer loop
      vertex -0.539094 5.47352 2.2
      vertex -0.269872 5.49337 0.599999
      vertex -0.539094 5.47352 0.599999
    endloop
  endfacet
  facet normal 0.534997 -0.844854 0
    outer loop
      vertex 2.82756 -4.71751 0.599999
      vertex 3.05564 -4.57308 2.2
      vertex 2.82756 -4.71751 2.2
    endloop
  endfacet
  facet normal 0.534997 -0.844854 0
    outer loop
      vertex 3.05564 -4.57308 2.2
      vertex 2.82756 -4.71751 0.599999
      vertex 3.05564 -4.57308 0.599999
    endloop
  endfacet
  facet normal 0.893231 0.449598 0
    outer loop
      vertex 4.97194 2.35155 2.2
      vertex 4.85057 2.59268 0.599999
      vertex 4.85057 2.59268 2.2
    endloop
  endfacet
  facet normal 0.893231 0.449598 0
    outer loop
      vertex 4.85057 2.59268 0.599999
      vertex 4.97194 2.35155 2.2
      vertex 4.97194 2.35155 0.599999
    endloop
  endfacet
  facet normal -0.0735314 -0.997293 0
    outer loop
      vertex -0.539094 -5.47352 0.599999
      vertex -0.269872 -5.49337 2.2
      vertex -0.539094 -5.47352 2.2
    endloop
  endfacet
  facet normal -0.0735314 -0.997293 -0
    outer loop
      vertex -0.269872 -5.49337 2.2
      vertex -0.539094 -5.47352 0.599999
      vertex -0.269872 -5.49337 0.599999
    endloop
  endfacet
  facet normal 0.975699 -0.219115 0
    outer loop
      vertex 5.33517 -1.33639 2.2
      vertex 5.39432 -1.073 0.599999
      vertex 5.39432 -1.073 2.2
    endloop
  endfacet
  facet normal 0.975699 -0.219115 0
    outer loop
      vertex 5.39432 -1.073 0.599999
      vertex 5.33517 -1.33639 2.2
      vertex 5.33517 -1.33639 0.599999
    endloop
  endfacet
  facet normal 0.949525 -0.313693 0
    outer loop
      vertex 5.17849 -1.85289 2.2
      vertex 5.26317 -1.59657 0.599999
      vertex 5.26317 -1.59657 2.2
    endloop
  endfacet
  facet normal 0.949525 -0.313693 0
    outer loop
      vertex 5.26317 -1.59657 0.599999
      vertex 5.17849 -1.85289 2.2
      vertex 5.17849 -1.85289 0.599999
    endloop
  endfacet
  facet normal 0.949525 0.313693 0
    outer loop
      vertex 5.26317 1.59657 2.2
      vertex 5.17849 1.85289 0.599999
      vertex 5.17849 1.85289 2.2
    endloop
  endfacet
  facet normal 0.949525 0.313693 0
    outer loop
      vertex 5.17849 1.85289 0.599999
      vertex 5.26317 1.59657 2.2
      vertex 5.26317 1.59657 0.599999
    endloop
  endfacet
  facet normal 0.359873 -0.933001 0
    outer loop
      vertex 1.85289 -5.17849 0.599999
      vertex 2.10476 -5.08134 2.2
      vertex 1.85289 -5.17849 2.2
    endloop
  endfacet
  facet normal 0.359873 -0.933001 0
    outer loop
      vertex 2.10476 -5.08134 2.2
      vertex 1.85289 -5.17849 0.599999
      vertex 2.10476 -5.08134 0.599999
    endloop
  endfacet
  facet normal -0.68952 0.724267 0
    outer loop
      vertex -3.69357 4.07523 0.599999
      vertex -3.88909 3.88909 2.2
      vertex -3.69357 4.07523 2.2
    endloop
  endfacet
  facet normal -0.68952 0.724267 0
    outer loop
      vertex -3.88909 3.88909 2.2
      vertex -3.69357 4.07523 0.599999
      vertex -3.88909 3.88909 0.599999
    endloop
  endfacet
  facet normal 0.893231 -0.449598 0
    outer loop
      vertex 4.85057 -2.59268 2.2
      vertex 4.97194 -2.35155 0.599999
      vertex 4.97194 -2.35155 2.2
    endloop
  endfacet
  facet normal 0.893231 -0.449598 0
    outer loop
      vertex 4.97194 -2.35155 0.599999
      vertex 4.85057 -2.59268 2.2
      vertex 4.85057 -2.59268 0.599999
    endloop
  endfacet
  facet normal 0 0 -1
    outer loop
      vertex 4.2 0 0
      vertex 5.775 0 0
      vertex 5.76804 -0.283365 0
    endloop
  endfacet
  facet normal 0 0 -1
    outer loop
      vertex 4.19494 -0.206083 0
      vertex 5.76804 -0.283365 0
      vertex 5.74719 -0.566049 0
    endloop
  endfacet
  facet normal 0 0 -1
    outer loop
      vertex 5.775 0 0
      vertex 4.2 0 0
      vertex 5.76804 0.283365 0
    endloop
  endfacet
  facet normal 0 0 -1
    outer loop
      vertex 4.17978 -0.411672 0
      vertex 5.74719 -0.566049 0
      vertex 5.71249 -0.847368 0
    endloop
  endfacet
  facet normal 0 0 -1
    outer loop
      vertex 4.19494 0.206083 0
      vertex 5.76804 0.283365 0
      vertex 4.2 0 0
    endloop
  endfacet
  facet normal 0 0 -1
    outer loop
      vertex 4.15454 -0.616267 0
      vertex 5.71249 -0.847368 0
      vertex 5.66403 -1.12665 0
    endloop
  endfacet
  facet normal -0 0 -1
    outer loop
      vertex 5.76804 0.283365 0
      vertex 4.19494 0.206083 0
      vertex 5.74719 0.566049 0
    endloop
  endfacet
  facet normal 0 0 -1
    outer loop
      vertex 4.1193 -0.819379 0
      vertex 5.66403 -1.12665 0
      vertex 5.60193 -1.40321 0
    endloop
  endfacet
  facet normal 0 0 -1
    outer loop
      vertex 4.17978 0.411672 0
      vertex 5.74719 0.566049 0
      vertex 4.19494 0.206083 0
    endloop
  endfacet
  facet normal 0 0 -1
    outer loop
      vertex 4.07413 -1.02052 0
      vertex 5.60193 -1.40321 0
      vertex 5.52633 -1.67639 0
    endloop
  endfacet
  facet normal -0 0 -1
    outer loop
      vertex 5.74719 0.566049 0
      vertex 4.17978 0.411672 0
      vertex 5.71249 0.847368 0
    endloop
  endfacet
  facet normal 0 0 -1
    outer loop
      vertex 4.01915 -1.2192 0
      vertex 5.52633 -1.67639 0
      vertex 5.43742 -1.94554 0
    endloop
  endfacet
  facet normal 0 0 -1
    outer loop
      vertex 4.15454 0.616267 0
      vertex 5.71249 0.847368 0
      vertex 4.17978 0.411672 0
    endloop
  endfacet
  facet normal 0 0 -1
    outer loop
      vertex 3.95448 -1.41494 0
      vertex 5.43742 -1.94554 0
      vertex 5.3354 -2.21 0
    endloop
  endfacet
  facet normal -0 0 -1
    outer loop
      vertex 5.71249 0.847368 0
      vertex 4.15454 0.616267 0
      vertex 5.66403 1.12665 0
    endloop
  endfacet
  facet normal 0 0 -1
    outer loop
      vertex 3.88029 -1.60727 0
      vertex 5.3354 -2.21 0
      vertex 5.22054 -2.46913 0
    endloop
  endfacet
  facet normal 0 0 -1
    outer loop
      vertex 4.1193 0.819379 0
      vertex 5.66403 1.12665 0
      vertex 4.15454 0.616267 0
    endloop
  endfacet
  facet normal 0 0 -1
    outer loop
      vertex 3.79675 -1.79573 0
      vertex 5.22054 -2.46913 0
      vertex 5.09309 -2.72232 0
    endloop
  endfacet
  facet normal -0 0 -1
    outer loop
      vertex 5.66403 1.12665 0
      vertex 4.1193 0.819379 0
      vertex 5.60193 1.40321 0
    endloop
  endfacet
  facet normal 0 0 -1
    outer loop
      vertex 3.70407 -1.97987 0
      vertex 5.09309 -2.72232 0
      vertex 4.95338 -2.96894 0
    endloop
  endfacet
  facet normal 0 0 -1
    outer loop
      vertex 4.07413 1.02052 0
      vertex 5.60193 1.40321 0
      vertex 4.1193 0.819379 0
    endloop
  endfacet
  facet normal 0 0 -1
    outer loop
      vertex 3.60246 -2.15923 0
      vertex 4.95338 -2.96894 0
      vertex 4.80174 -3.20842 0
    endloop
  endfacet
  facet normal -0 0 -1
    outer loop
      vertex 5.60193 1.40321 0
      vertex 4.07413 1.02052 0
      vertex 5.52633 1.67639 0
    endloop
  endfacet
  facet normal 0 0 -1
    outer loop
      vertex 3.49217 -2.33339 0
      vertex 4.80174 -3.20842 0
      vertex 4.63852 -3.44016 0
    endloop
  endfacet
  facet normal 0 0 -1
    outer loop
      vertex 4.01915 1.2192 0
      vertex 5.52633 1.67639 0
      vertex 4.07413 1.02052 0
    endloop
  endfacet
  facet normal 0 0 -1
    outer loop
      vertex 3.37347 -2.50194 0
      vertex 4.63852 -3.44016 0
      vertex 4.46414 -3.66362 0
    endloop
  endfacet
  facet normal -0 0 -1
    outer loop
      vertex 5.52633 1.67639 0
      vertex 4.01915 1.2192 0
      vertex 5.43742 1.94554 0
    endloop
  endfacet
  facet normal 0 0 -1
    outer loop
      vertex 3.24664 -2.66445 0
      vertex 4.46414 -3.66362 0
      vertex 4.27899 -3.87825 0
    endloop
  endfacet
  facet normal 0 0 -1
    outer loop
      vertex 3.95448 1.41494 0
      vertex 5.43742 1.94554 0
      vertex 4.01915 1.2192 0
    endloop
  endfacet
  facet normal -0 0 -1
    outer loop
      vertex 5.43742 1.94554 0
      vertex 3.95448 1.41494 0
      vertex 5.3354 2.21 0
    endloop
  endfacet
  facet normal 0 0 -1
    outer loop
      vertex 5.76804 -0.283365 0
      vertex 4.19494 -0.206083 0
      vertex 4.2 0 0
    endloop
  endfacet
  facet normal 0 0 -1
    outer loop
      vertex 5.74719 -0.566049 0
      vertex 4.17978 -0.411672 0
      vertex 4.19494 -0.206083 0
    endloop
  endfacet
  facet normal 0 0 -1
    outer loop
      vertex 5.71249 -0.847368 0
      vertex 4.15454 -0.616267 0
      vertex 4.17978 -0.411672 0
    endloop
  endfacet
  facet normal 0 0 -1
    outer loop
      vertex 5.66403 -1.12665 0
      vertex 4.1193 -0.819379 0
      vertex 4.15454 -0.616267 0
    endloop
  endfacet
  facet normal 0 0 -1
    outer loop
      vertex 3.11199 -2.82055 0
      vertex 4.27899 -3.87825 0
      vertex 4.08354 -4.08354 0
    endloop
  endfacet
  facet normal 0 0 -1
    outer loop
      vertex 5.60193 -1.40321 0
      vertex 4.07413 -1.02052 0
      vertex 4.1193 -0.819379 0
    endloop
  endfacet
  facet normal 0 0 -1
    outer loop
      vertex 5.52633 -1.67639 0
      vertex 4.01915 -1.2192 0
      vertex 4.07413 -1.02052 0
    endloop
  endfacet
  facet normal 0 0 -1
    outer loop
      vertex 5.43742 -1.94554 0
      vertex 3.95448 -1.41494 0
      vertex 4.01915 -1.2192 0
    endloop
  endfacet
  facet normal 0 0 -1
    outer loop
      vertex 5.3354 -2.21 0
      vertex 3.88029 -1.60727 0
      vertex 3.95448 -1.41494 0
    endloop
  endfacet
  facet normal 0 0 -1
    outer loop
      vertex 2.96985 -2.96985 0
      vertex 4.08354 -4.08354 0
      vertex 3.87825 -4.27899 0
    endloop
  endfacet
  facet normal 0 0 -1
    outer loop
      vertex 5.22054 -2.46913 0
      vertex 3.79675 -1.79573 0
      vertex 3.88029 -1.60727 0
    endloop
  endfacet
  facet normal 0 0 -1
    outer loop
      vertex 5.09309 -2.72232 0
      vertex 3.70407 -1.97987 0
      vertex 3.79675 -1.79573 0
    endloop
  endfacet
  facet normal 0 0 -1
    outer loop
      vertex 2.82055 -3.11199 0
      vertex 3.87825 -4.27899 0
      vertex 3.66362 -4.46414 0
    endloop
  endfacet
  facet normal 0 0 -1
    outer loop
      vertex 4.95338 -2.96894 0
      vertex 3.60246 -2.15923 0
      vertex 3.70407 -1.97987 0
    endloop
  endfacet
  facet normal 0 0 -1
    outer loop
      vertex 4.80174 -3.20842 0
      vertex 3.49217 -2.33339 0
      vertex 3.60246 -2.15923 0
    endloop
  endfacet
  facet normal 0 0 -1
    outer loop
      vertex 2.66445 -3.24664 0
      vertex 3.66362 -4.46414 0
      vertex 3.44016 -4.63852 0
    endloop
  endfacet
  facet normal 0 0 -1
    outer loop
      vertex 4.63852 -3.44016 0
      vertex 3.37347 -2.50194 0
      vertex 3.49217 -2.33339 0
    endloop
  endfacet
  facet normal 0 0 -1
    outer loop
      vertex 4.46414 -3.66362 0
      vertex 3.24664 -2.66445 0
      vertex 3.37347 -2.50194 0
    endloop
  endfacet
  facet normal 0 0 -1
    outer loop
      vertex 2.50194 -3.37347 0
      vertex 3.44016 -4.63852 0
      vertex 3.20842 -4.80174 0
    endloop
  endfacet
  facet normal 0 0 -1
    outer loop
      vertex 4.27899 -3.87825 0
      vertex 3.11199 -2.82055 0
      vertex 3.24664 -2.66445 0
    endloop
  endfacet
  facet normal 0 0 -1
    outer loop
      vertex 4.08354 -4.08354 0
      vertex 2.96985 -2.96985 0
      vertex 3.11199 -2.82055 0
    endloop
  endfacet
  facet normal 0 0 -1
    outer loop
      vertex 2.33339 -3.49217 0
      vertex 3.20842 -4.80174 0
      vertex 2.96894 -4.95338 0
    endloop
  endfacet
  facet normal 0 0 -1
    outer loop
      vertex 3.87825 -4.27899 0
      vertex 2.82055 -3.11199 0
      vertex 2.96985 -2.96985 0
    endloop
  endfacet
  facet normal 0 0 -1
    outer loop
      vertex 2.15923 -3.60246 0
      vertex 2.96894 -4.95338 0
      vertex 2.72232 -5.09309 0
    endloop
  endfacet
  facet normal 0 0 -1
    outer loop
      vertex 3.66362 -4.46414 0
      vertex 2.66445 -3.24664 0
      vertex 2.82055 -3.11199 0
    endloop
  endfacet
  facet normal 0 0 -1
    outer loop
      vertex 3.44016 -4.63852 0
      vertex 2.50194 -3.37347 0
      vertex 2.66445 -3.24664 0
    endloop
  endfacet
  facet normal 0 0 -1
    outer loop
      vertex 1.97987 -3.70407 0
      vertex 2.72232 -5.09309 0
      vertex 2.46913 -5.22054 0
    endloop
  endfacet
  facet normal 0 0 -1
    outer loop
      vertex 3.20842 -4.80174 0
      vertex 2.33339 -3.49217 0
      vertex 2.50194 -3.37347 0
    endloop
  endfacet
  facet normal 0 0 -1
    outer loop
      vertex 1.79573 -3.79675 0
      vertex 2.46913 -5.22054 0
      vertex 2.21 -5.3354 0
    endloop
  endfacet
  facet normal 0 0 -1
    outer loop
      vertex 2.96894 -4.95338 0
      vertex 2.15923 -3.60246 0
      vertex 2.33339 -3.49217 0
    endloop
  endfacet
  facet normal 0 0 -1
    outer loop
      vertex 2.72232 -5.09309 0
      vertex 1.97987 -3.70407 0
      vertex 2.15923 -3.60246 0
    endloop
  endfacet
  facet normal 0 0 -1
    outer loop
      vertex 1.60727 -3.88029 0
      vertex 2.21 -5.3354 0
      vertex 1.94554 -5.43742 0
    endloop
  endfacet
  facet normal 0 0 -1
    outer loop
      vertex 2.46913 -5.22054 0
      vertex 1.79573 -3.79675 0
      vertex 1.97987 -3.70407 0
    endloop
  endfacet
  facet normal 0 0 -1
    outer loop
      vertex 1.41494 -3.95448 0
      vertex 1.94554 -5.43742 0
      vertex 1.67639 -5.52633 0
    endloop
  endfacet
  facet normal 0 0 -1
    outer loop
      vertex 2.21 -5.3354 0
      vertex 1.60727 -3.88029 0
      vertex 1.79573 -3.79675 0
    endloop
  endfacet
  facet normal 0 0 -1
    outer loop
      vertex 1.94554 -5.43742 0
      vertex 1.41494 -3.95448 0
      vertex 1.60727 -3.88029 0
    endloop
  endfacet
  facet normal 0 0 -1
    outer loop
      vertex 1.2192 -4.01915 0
      vertex 1.67639 -5.52633 0
      vertex 1.40321 -5.60193 0
    endloop
  endfacet
  facet normal 0 0 -1
    outer loop
      vertex 1.67639 -5.52633 0
      vertex 1.2192 -4.01915 0
      vertex 1.41494 -3.95448 0
    endloop
  endfacet
  facet normal 0 0 -1
    outer loop
      vertex 1.02052 -4.07413 0
      vertex 1.40321 -5.60193 0
      vertex 1.12665 -5.66403 0
    endloop
  endfacet
  facet normal 0 0 -1
    outer loop
      vertex 1.40321 -5.60193 0
      vertex 1.02052 -4.07413 0
      vertex 1.2192 -4.01915 0
    endloop
  endfacet
  facet normal 0 0 -1
    outer loop
      vertex 0.819379 -4.1193 0
      vertex 1.12665 -5.66403 0
      vertex 0.847368 -5.71249 0
    endloop
  endfacet
  facet normal 0 0 -1
    outer loop
      vertex 1.12665 -5.66403 0
      vertex 0.819379 -4.1193 0
      vertex 1.02052 -4.07413 0
    endloop
  endfacet
  facet normal 0 0 -1
    outer loop
      vertex 0.847368 -5.71249 0
      vertex 0.616267 -4.15454 0
      vertex 0.819379 -4.1193 0
    endloop
  endfacet
  facet normal 0 0 -1
    outer loop
      vertex 0.566049 -5.74719 0
      vertex 0.616267 -4.15454 0
      vertex 0.847368 -5.71249 0
    endloop
  endfacet
  facet normal 0 0 -1
    outer loop
      vertex 0.566049 -5.74719 0
      vertex 0.411672 -4.17978 0
      vertex 0.616267 -4.15454 0
    endloop
  endfacet
  facet normal 0 0 -1
    outer loop
      vertex 0.283365 -5.76804 0
      vertex 0.411672 -4.17978 0
      vertex 0.566049 -5.74719 0
    endloop
  endfacet
  facet normal 0 0 -1
    outer loop
      vertex 0.283365 -5.76804 0
      vertex 0.206083 -4.19494 0
      vertex 0.411672 -4.17978 0
    endloop
  endfacet
  facet normal 0 0 -1
    outer loop
      vertex 0 -5.775 0
      vertex 0.206083 -4.19494 0
      vertex 0.283365 -5.76804 0
    endloop
  endfacet
  facet normal 0 0 -1
    outer loop
      vertex 0 -5.775 0
      vertex 0 -4.2 0
      vertex 0.206083 -4.19494 0
    endloop
  endfacet
  facet normal 0 0 -1
    outer loop
      vertex 0 -5.775 0
      vertex -0.206083 -4.19494 0
      vertex 0 -4.2 0
    endloop
  endfacet
  facet normal 0 0 -1
    outer loop
      vertex -0.283365 -5.76804 0
      vertex -0.206083 -4.19494 0
      vertex 0 -5.775 0
    endloop
  endfacet
  facet normal 0 0 -1
    outer loop
      vertex -0.283365 -5.76804 0
      vertex -0.411672 -4.17978 0
      vertex -0.206083 -4.19494 0
    endloop
  endfacet
  facet normal 0 0 -1
    outer loop
      vertex -0.566049 -5.74719 0
      vertex -0.411672 -4.17978 0
      vertex -0.283365 -5.76804 0
    endloop
  endfacet
  facet normal 0 0 -1
    outer loop
      vertex -0.566049 -5.74719 0
      vertex -0.616267 -4.15454 0
      vertex -0.411672 -4.17978 0
    endloop
  endfacet
  facet normal 0 0 -1
    outer loop
      vertex -0.847368 -5.71249 0
      vertex -0.616267 -4.15454 0
      vertex -0.566049 -5.74719 0
    endloop
  endfacet
  facet normal -0 0 -1
    outer loop
      vertex -0.616267 -4.15454 0
      vertex -0.847368 -5.71249 0
      vertex -0.819379 -4.1193 0
    endloop
  endfacet
  facet normal 0 0 -1
    outer loop
      vertex -1.12665 -5.66403 0
      vertex -0.819379 -4.1193 0
      vertex -0.847368 -5.71249 0
    endloop
  endfacet
  facet normal -0 0 -1
    outer loop
      vertex -0.819379 -4.1193 0
      vertex -1.12665 -5.66403 0
      vertex -1.02052 -4.07413 0
    endloop
  endfacet
  facet normal 0 0 -1
    outer loop
      vertex -1.40321 -5.60193 0
      vertex -1.02052 -4.07413 0
      vertex -1.12665 -5.66403 0
    endloop
  endfacet
  facet normal -0 0 -1
    outer loop
      vertex -1.02052 -4.07413 0
      vertex -1.40321 -5.60193 0
      vertex -1.2192 -4.01915 0
    endloop
  endfacet
  facet normal 0 0 -1
    outer loop
      vertex -1.67639 -5.52633 0
      vertex -1.2192 -4.01915 0
      vertex -1.40321 -5.60193 0
    endloop
  endfacet
  facet normal -0 0 -1
    outer loop
      vertex -1.2192 -4.01915 0
      vertex -1.67639 -5.52633 0
      vertex -1.41494 -3.95448 0
    endloop
  endfacet
  facet normal 0 0 -1
    outer loop
      vertex -1.94554 -5.43742 0
      vertex -1.41494 -3.95448 0
      vertex -1.67639 -5.52633 0
    endloop
  endfacet
  facet normal -0 0 -1
    outer loop
      vertex -1.41494 -3.95448 0
      vertex -1.94554 -5.43742 0
      vertex -1.60727 -3.88029 0
    endloop
  endfacet
  facet normal 0 0 -1
    outer loop
      vertex -2.21 -5.3354 0
      vertex -1.60727 -3.88029 0
      vertex -1.94554 -5.43742 0
    endloop
  endfacet
  facet normal -0 0 -1
    outer loop
      vertex -1.60727 -3.88029 0
      vertex -2.21 -5.3354 0
      vertex -1.79573 -3.79675 0
    endloop
  endfacet
  facet normal 0 0 -1
    outer loop
      vertex -2.46913 -5.22054 0
      vertex -1.79573 -3.79675 0
      vertex -2.21 -5.3354 0
    endloop
  endfacet
  facet normal -0 0 -1
    outer loop
      vertex -1.79573 -3.79675 0
      vertex -2.46913 -5.22054 0
      vertex -1.97987 -3.70407 0
    endloop
  endfacet
  facet normal 0 0 -1
    outer loop
      vertex -2.72232 -5.09309 0
      vertex -1.97987 -3.70407 0
      vertex -2.46913 -5.22054 0
    endloop
  endfacet
  facet normal -0 0 -1
    outer loop
      vertex -1.97987 -3.70407 0
      vertex -2.72232 -5.09309 0
      vertex -2.15923 -3.60246 0
    endloop
  endfacet
  facet normal 0 0 -1
    outer loop
      vertex -2.96894 -4.95338 0
      vertex -2.15923 -3.60246 0
      vertex -2.72232 -5.09309 0
    endloop
  endfacet
  facet normal -0 0 -1
    outer loop
      vertex -2.15923 -3.60246 0
      vertex -2.96894 -4.95338 0
      vertex -2.33339 -3.49217 0
    endloop
  endfacet
  facet normal 0 0 -1
    outer loop
      vertex -3.20842 -4.80174 0
      vertex -2.33339 -3.49217 0
      vertex -2.96894 -4.95338 0
    endloop
  endfacet
  facet normal -0 0 -1
    outer loop
      vertex -2.33339 -3.49217 0
      vertex -3.20842 -4.80174 0
      vertex -2.50194 -3.37347 0
    endloop
  endfacet
  facet normal 0 0 -1
    outer loop
      vertex -3.44016 -4.63852 0
      vertex -2.50194 -3.37347 0
      vertex -3.20842 -4.80174 0
    endloop
  endfacet
  facet normal -0 0 -1
    outer loop
      vertex -2.50194 -3.37347 0
      vertex -3.44016 -4.63852 0
      vertex -2.66445 -3.24664 0
    endloop
  endfacet
  facet normal 0 0 -1
    outer loop
      vertex -3.66362 -4.46414 0
      vertex -2.66445 -3.24664 0
      vertex -3.44016 -4.63852 0
    endloop
  endfacet
  facet normal -0 0 -1
    outer loop
      vertex -2.66445 -3.24664 0
      vertex -3.66362 -4.46414 0
      vertex -2.82055 -3.11199 0
    endloop
  endfacet
  facet normal 0 0 -1
    outer loop
      vertex -3.87825 -4.27899 0
      vertex -2.82055 -3.11199 0
      vertex -3.66362 -4.46414 0
    endloop
  endfacet
  facet normal -0 0 -1
    outer loop
      vertex -2.82055 -3.11199 0
      vertex -3.87825 -4.27899 0
      vertex -2.96985 -2.96985 0
    endloop
  endfacet
  facet normal 0 0 -1
    outer loop
      vertex -4.08354 -4.08354 0
      vertex -2.96985 -2.96985 0
      vertex -3.87825 -4.27899 0
    endloop
  endfacet
  facet normal -0 0 -1
    outer loop
      vertex -2.96985 -2.96985 0
      vertex -4.08354 -4.08354 0
      vertex -3.11199 -2.82055 0
    endloop
  endfacet
  facet normal 0 0 -1
    outer loop
      vertex -4.27899 -3.87825 0
      vertex -3.11199 -2.82055 0
      vertex -4.08354 -4.08354 0
    endloop
  endfacet
  facet normal -0 0 -1
    outer loop
      vertex -3.11199 -2.82055 0
      vertex -4.27899 -3.87825 0
      vertex -3.24664 -2.66445 0
    endloop
  endfacet
  facet normal 0 0 -1
    outer loop
      vertex -4.46414 -3.66362 0
      vertex -3.24664 -2.66445 0
      vertex -4.27899 -3.87825 0
    endloop
  endfacet
  facet normal -0 0 -1
    outer loop
      vertex -3.24664 -2.66445 0
      vertex -4.46414 -3.66362 0
      vertex -3.37347 -2.50194 0
    endloop
  endfacet
  facet normal 0 0 -1
    outer loop
      vertex -4.63852 -3.44016 0
      vertex -3.37347 -2.50194 0
      vertex -4.46414 -3.66362 0
    endloop
  endfacet
  facet normal -0 0 -1
    outer loop
      vertex -3.37347 -2.50194 0
      vertex -4.63852 -3.44016 0
      vertex -3.49217 -2.33339 0
    endloop
  endfacet
  facet normal 0 0 -1
    outer loop
      vertex -4.80174 -3.20842 0
      vertex -3.49217 -2.33339 0
      vertex -4.63852 -3.44016 0
    endloop
  endfacet
  facet normal -0 0 -1
    outer loop
      vertex -3.49217 -2.33339 0
      vertex -4.80174 -3.20842 0
      vertex -3.60246 -2.15923 0
    endloop
  endfacet
  facet normal 0 0 -1
    outer loop
      vertex -4.95338 -2.96894 0
      vertex -3.60246 -2.15923 0
      vertex -4.80174 -3.20842 0
    endloop
  endfacet
  facet normal -0 0 -1
    outer loop
      vertex -3.60246 -2.15923 0
      vertex -4.95338 -2.96894 0
      vertex -3.70407 -1.97987 0
    endloop
  endfacet
  facet normal 0 0 -1
    outer loop
      vertex -5.09309 -2.72232 0
      vertex -3.70407 -1.97987 0
      vertex -4.95338 -2.96894 0
    endloop
  endfacet
  facet normal -0 0 -1
    outer loop
      vertex -3.70407 -1.97987 0
      vertex -5.09309 -2.72232 0
      vertex -3.79675 -1.79573 0
    endloop
  endfacet
  facet normal 0 0 -1
    outer loop
      vertex -5.22054 -2.46913 0
      vertex -3.79675 -1.79573 0
      vertex -5.09309 -2.72232 0
    endloop
  endfacet
  facet normal -0 0 -1
    outer loop
      vertex -3.79675 -1.79573 0
      vertex -5.22054 -2.46913 0
      vertex -3.88029 -1.60727 0
    endloop
  endfacet
  facet normal -0 0 -1
    outer loop
      vertex -3.88029 -1.60727 0
      vertex -5.3354 -2.21 0
      vertex -3.95448 -1.41494 0
    endloop
  endfacet
  facet normal 0 0 -1
    outer loop
      vertex -5.3354 -2.21 0
      vertex -3.88029 -1.60727 0
      vertex -5.22054 -2.46913 0
    endloop
  endfacet
  facet normal 0 0 -1
    outer loop
      vertex 3.88029 1.60727 0
      vertex 5.3354 2.21 0
      vertex 3.95448 1.41494 0
    endloop
  endfacet
  facet normal -0 0 -1
    outer loop
      vertex 5.3354 2.21 0
      vertex 3.88029 1.60727 0
      vertex 5.22054 2.46913 0
    endloop
  endfacet
  facet normal 0 0 -1
    outer loop
      vertex 3.79675 1.79573 0
      vertex 5.22054 2.46913 0
      vertex 3.88029 1.60727 0
    endloop
  endfacet
  facet normal -0 0 -1
    outer loop
      vertex 5.22054 2.46913 0
      vertex 3.79675 1.79573 0
      vertex 5.09309 2.72232 0
    endloop
  endfacet
  facet normal 0 0 -1
    outer loop
      vertex 3.70407 1.97987 0
      vertex 5.09309 2.72232 0
      vertex 3.79675 1.79573 0
    endloop
  endfacet
  facet normal -0 0 -1
    outer loop
      vertex 5.09309 2.72232 0
      vertex 3.70407 1.97987 0
      vertex 4.95338 2.96894 0
    endloop
  endfacet
  facet normal 0 0 -1
    outer loop
      vertex 3.60246 2.15923 0
      vertex 4.95338 2.96894 0
      vertex 3.70407 1.97987 0
    endloop
  endfacet
  facet normal -0 0 -1
    outer loop
      vertex 4.95338 2.96894 0
      vertex 3.60246 2.15923 0
      vertex 4.80174 3.20842 0
    endloop
  endfacet
  facet normal 0 0 -1
    outer loop
      vertex 3.49217 2.33339 0
      vertex 4.80174 3.20842 0
      vertex 3.60246 2.15923 0
    endloop
  endfacet
  facet normal -0 0 -1
    outer loop
      vertex 4.80174 3.20842 0
      vertex 3.49217 2.33339 0
      vertex 4.63852 3.44016 0
    endloop
  endfacet
  facet normal 0 0 -1
    outer loop
      vertex 3.37347 2.50194 0
      vertex 4.63852 3.44016 0
      vertex 3.49217 2.33339 0
    endloop
  endfacet
  facet normal -0 0 -1
    outer loop
      vertex 4.63852 3.44016 0
      vertex 3.37347 2.50194 0
      vertex 4.46414 3.66362 0
    endloop
  endfacet
  facet normal 0 0 -1
    outer loop
      vertex 3.24664 2.66445 0
      vertex 4.46414 3.66362 0
      vertex 3.37347 2.50194 0
    endloop
  endfacet
  facet normal -0 0 -1
    outer loop
      vertex 4.46414 3.66362 0
      vertex 3.24664 2.66445 0
      vertex 4.27899 3.87825 0
    endloop
  endfacet
  facet normal 0 0 -1
    outer loop
      vertex 3.11199 2.82055 0
      vertex 4.27899 3.87825 0
      vertex 3.24664 2.66445 0
    endloop
  endfacet
  facet normal -0 0 -1
    outer loop
      vertex 4.27899 3.87825 0
      vertex 3.11199 2.82055 0
      vertex 4.08354 4.08354 0
    endloop
  endfacet
  facet normal 0 0 -1
    outer loop
      vertex 2.96985 2.96985 0
      vertex 4.08354 4.08354 0
      vertex 3.11199 2.82055 0
    endloop
  endfacet
  facet normal -0 0 -1
    outer loop
      vertex 4.08354 4.08354 0
      vertex 2.96985 2.96985 0
      vertex 3.87825 4.27899 0
    endloop
  endfacet
  facet normal 0 0 -1
    outer loop
      vertex 2.82055 3.11199 0
      vertex 3.87825 4.27899 0
      vertex 2.96985 2.96985 0
    endloop
  endfacet
  facet normal -0 0 -1
    outer loop
      vertex 3.87825 4.27899 0
      vertex 2.82055 3.11199 0
      vertex 3.66362 4.46414 0
    endloop
  endfacet
  facet normal 0 0 -1
    outer loop
      vertex 2.66445 3.24664 0
      vertex 3.66362 4.46414 0
      vertex 2.82055 3.11199 0
    endloop
  endfacet
  facet normal -0 0 -1
    outer loop
      vertex 3.66362 4.46414 0
      vertex 2.66445 3.24664 0
      vertex 3.44016 4.63852 0
    endloop
  endfacet
  facet normal 0 0 -1
    outer loop
      vertex 2.50194 3.37347 0
      vertex 3.44016 4.63852 0
      vertex 2.66445 3.24664 0
    endloop
  endfacet
  facet normal -0 0 -1
    outer loop
      vertex 3.44016 4.63852 0
      vertex 2.50194 3.37347 0
      vertex 3.20842 4.80174 0
    endloop
  endfacet
  facet normal 0 0 -1
    outer loop
      vertex 2.33339 3.49217 0
      vertex 3.20842 4.80174 0
      vertex 2.50194 3.37347 0
    endloop
  endfacet
  facet normal -0 0 -1
    outer loop
      vertex 3.20842 4.80174 0
      vertex 2.33339 3.49217 0
      vertex 2.96894 4.95338 0
    endloop
  endfacet
  facet normal 0 0 -1
    outer loop
      vertex 2.15923 3.60246 0
      vertex 2.96894 4.95338 0
      vertex 2.33339 3.49217 0
    endloop
  endfacet
  facet normal -0 0 -1
    outer loop
      vertex 2.96894 4.95338 0
      vertex 2.15923 3.60246 0
      vertex 2.72232 5.09309 0
    endloop
  endfacet
  facet normal 0 0 -1
    outer loop
      vertex 1.97987 3.70407 0
      vertex 2.72232 5.09309 0
      vertex 2.15923 3.60246 0
    endloop
  endfacet
  facet normal -0 0 -1
    outer loop
      vertex 2.72232 5.09309 0
      vertex 1.97987 3.70407 0
      vertex 2.46913 5.22054 0
    endloop
  endfacet
  facet normal 0 0 -1
    outer loop
      vertex 1.79573 3.79675 0
      vertex 2.46913 5.22054 0
      vertex 1.97987 3.70407 0
    endloop
  endfacet
  facet normal -0 0 -1
    outer loop
      vertex 2.46913 5.22054 0
      vertex 1.79573 3.79675 0
      vertex 2.21 5.3354 0
    endloop
  endfacet
  facet normal 0 0 -1
    outer loop
      vertex 1.60727 3.88029 0
      vertex 2.21 5.3354 0
      vertex 1.79573 3.79675 0
    endloop
  endfacet
  facet normal -0 0 -1
    outer loop
      vertex 2.21 5.3354 0
      vertex 1.60727 3.88029 0
      vertex 1.94554 5.43742 0
    endloop
  endfacet
  facet normal 0 0 -1
    outer loop
      vertex 1.41494 3.95448 0
      vertex 1.94554 5.43742 0
      vertex 1.60727 3.88029 0
    endloop
  endfacet
  facet normal -0 0 -1
    outer loop
      vertex 1.94554 5.43742 0
      vertex 1.41494 3.95448 0
      vertex 1.67639 5.52633 0
    endloop
  endfacet
  facet normal 0 0 -1
    outer loop
      vertex 1.2192 4.01915 0
      vertex 1.67639 5.52633 0
      vertex 1.41494 3.95448 0
    endloop
  endfacet
  facet normal -0 0 -1
    outer loop
      vertex 1.67639 5.52633 0
      vertex 1.2192 4.01915 0
      vertex 1.40321 5.60193 0
    endloop
  endfacet
  facet normal 0 0 -1
    outer loop
      vertex 1.02052 4.07413 0
      vertex 1.40321 5.60193 0
      vertex 1.2192 4.01915 0
    endloop
  endfacet
  facet normal -0 0 -1
    outer loop
      vertex 1.40321 5.60193 0
      vertex 1.02052 4.07413 0
      vertex 1.12665 5.66403 0
    endloop
  endfacet
  facet normal 0 0 -1
    outer loop
      vertex 0.819379 4.1193 0
      vertex 1.12665 5.66403 0
      vertex 1.02052 4.07413 0
    endloop
  endfacet
  facet normal -0 0 -1
    outer loop
      vertex 1.12665 5.66403 0
      vertex 0.819379 4.1193 0
      vertex 0.847368 5.71249 0
    endloop
  endfacet
  facet normal 0 0 -1
    outer loop
      vertex 0.616267 4.15454 0
      vertex 0.847368 5.71249 0
      vertex 0.819379 4.1193 0
    endloop
  endfacet
  facet normal 0 0 -1
    outer loop
      vertex 0.616267 4.15454 0
      vertex 0.566049 5.74719 0
      vertex 0.847368 5.71249 0
    endloop
  endfacet
  facet normal 0 0 -1
    outer loop
      vertex 0.411672 4.17978 0
      vertex 0.566049 5.74719 0
      vertex 0.616267 4.15454 0
    endloop
  endfacet
  facet normal 0 0 -1
    outer loop
      vertex 0.411672 4.17978 0
      vertex 0.283365 5.76804 0
      vertex 0.566049 5.74719 0
    endloop
  endfacet
  facet normal 0 0 -1
    outer loop
      vertex 0.206083 4.19494 0
      vertex 0.283365 5.76804 0
      vertex 0.411672 4.17978 0
    endloop
  endfacet
  facet normal 0 0 -1
    outer loop
      vertex 0 4.2 0
      vertex 0.283365 5.76804 0
      vertex 0.206083 4.19494 0
    endloop
  endfacet
  facet normal 0 0 -1
    outer loop
      vertex 0 4.2 0
      vertex 0 5.775 0
      vertex 0.283365 5.76804 0
    endloop
  endfacet
  facet normal 0 0 -1
    outer loop
      vertex -0.206083 4.19494 0
      vertex 0 5.775 0
      vertex 0 4.2 0
    endloop
  endfacet
  facet normal 0 0 -1
    outer loop
      vertex -0.206083 4.19494 0
      vertex -0.283365 5.76804 0
      vertex 0 5.775 0
    endloop
  endfacet
  facet normal 0 0 -1
    outer loop
      vertex -0.411672 4.17978 0
      vertex -0.283365 5.76804 0
      vertex -0.206083 4.19494 0
    endloop
  endfacet
  facet normal 0 0 -1
    outer loop
      vertex -0.411672 4.17978 0
      vertex -0.566049 5.74719 0
      vertex -0.283365 5.76804 0
    endloop
  endfacet
  facet normal 0 0 -1
    outer loop
      vertex -0.616267 4.15454 0
      vertex -0.566049 5.74719 0
      vertex -0.411672 4.17978 0
    endloop
  endfacet
  facet normal 0 0 -1
    outer loop
      vertex -0.847368 5.71249 0
      vertex -0.616267 4.15454 0
      vertex -0.819379 4.1193 0
    endloop
  endfacet
  facet normal 0 0 -1
    outer loop
      vertex -0.616267 4.15454 0
      vertex -0.847368 5.71249 0
      vertex -0.566049 5.74719 0
    endloop
  endfacet
  facet normal 0 0 -1
    outer loop
      vertex -1.12665 5.66403 0
      vertex -0.819379 4.1193 0
      vertex -1.02052 4.07413 0
    endloop
  endfacet
  facet normal 0 0 -1
    outer loop
      vertex -0.819379 4.1193 0
      vertex -1.12665 5.66403 0
      vertex -0.847368 5.71249 0
    endloop
  endfacet
  facet normal 0 0 -1
    outer loop
      vertex -1.40321 5.60193 0
      vertex -1.02052 4.07413 0
      vertex -1.2192 4.01915 0
    endloop
  endfacet
  facet normal 0 0 -1
    outer loop
      vertex -1.02052 4.07413 0
      vertex -1.40321 5.60193 0
      vertex -1.12665 5.66403 0
    endloop
  endfacet
  facet normal 0 0 -1
    outer loop
      vertex -1.67639 5.52633 0
      vertex -1.2192 4.01915 0
      vertex -1.41494 3.95448 0
    endloop
  endfacet
  facet normal 0 0 -1
    outer loop
      vertex -1.94554 5.43742 0
      vertex -1.41494 3.95448 0
      vertex -1.60727 3.88029 0
    endloop
  endfacet
  facet normal 0 0 -1
    outer loop
      vertex -1.2192 4.01915 0
      vertex -1.67639 5.52633 0
      vertex -1.40321 5.60193 0
    endloop
  endfacet
  facet normal 0 0 -1
    outer loop
      vertex -2.21 5.3354 0
      vertex -1.60727 3.88029 0
      vertex -1.79573 3.79675 0
    endloop
  endfacet
  facet normal 0 0 -1
    outer loop
      vertex -1.41494 3.95448 0
      vertex -1.94554 5.43742 0
      vertex -1.67639 5.52633 0
    endloop
  endfacet
  facet normal 0 0 -1
    outer loop
      vertex -2.46913 5.22054 0
      vertex -1.79573 3.79675 0
      vertex -1.97987 3.70407 0
    endloop
  endfacet
  facet normal 0 0 -1
    outer loop
      vertex -2.72232 5.09309 0
      vertex -1.97987 3.70407 0
      vertex -2.15923 3.60246 0
    endloop
  endfacet
  facet normal 0 0 -1
    outer loop
      vertex -1.60727 3.88029 0
      vertex -2.21 5.3354 0
      vertex -1.94554 5.43742 0
    endloop
  endfacet
  facet normal 0 0 -1
    outer loop
      vertex -2.96894 4.95338 0
      vertex -2.15923 3.60246 0
      vertex -2.33339 3.49217 0
    endloop
  endfacet
  facet normal 0 0 -1
    outer loop
      vertex -1.79573 3.79675 0
      vertex -2.46913 5.22054 0
      vertex -2.21 5.3354 0
    endloop
  endfacet
  facet normal 0 0 -1
    outer loop
      vertex -3.20842 4.80174 0
      vertex -2.33339 3.49217 0
      vertex -2.50194 3.37347 0
    endloop
  endfacet
  facet normal 0 0 -1
    outer loop
      vertex -3.44016 4.63852 0
      vertex -2.50194 3.37347 0
      vertex -2.66445 3.24664 0
    endloop
  endfacet
  facet normal 0 0 -1
    outer loop
      vertex -1.97987 3.70407 0
      vertex -2.72232 5.09309 0
      vertex -2.46913 5.22054 0
    endloop
  endfacet
  facet normal 0 0 -1
    outer loop
      vertex -3.66362 4.46414 0
      vertex -2.66445 3.24664 0
      vertex -2.82055 3.11199 0
    endloop
  endfacet
  facet normal 0 0 -1
    outer loop
      vertex -2.15923 3.60246 0
      vertex -2.96894 4.95338 0
      vertex -2.72232 5.09309 0
    endloop
  endfacet
  facet normal 0 0 -1
    outer loop
      vertex -3.87825 4.27899 0
      vertex -2.82055 3.11199 0
      vertex -2.96985 2.96985 0
    endloop
  endfacet
  facet normal 0 0 -1
    outer loop
      vertex -4.08354 4.08354 0
      vertex -2.96985 2.96985 0
      vertex -3.11199 2.82055 0
    endloop
  endfacet
  facet normal 0 0 -1
    outer loop
      vertex -2.33339 3.49217 0
      vertex -3.20842 4.80174 0
      vertex -2.96894 4.95338 0
    endloop
  endfacet
  facet normal 0 0 -1
    outer loop
      vertex -4.27899 3.87825 0
      vertex -3.11199 2.82055 0
      vertex -3.24664 2.66445 0
    endloop
  endfacet
  facet normal 0 0 -1
    outer loop
      vertex -4.46414 3.66362 0
      vertex -3.24664 2.66445 0
      vertex -3.37347 2.50194 0
    endloop
  endfacet
  facet normal 0 0 -1
    outer loop
      vertex -2.50194 3.37347 0
      vertex -3.44016 4.63852 0
      vertex -3.20842 4.80174 0
    endloop
  endfacet
  facet normal 0 0 -1
    outer loop
      vertex -4.63852 3.44016 0
      vertex -3.37347 2.50194 0
      vertex -3.49217 2.33339 0
    endloop
  endfacet
  facet normal 0 0 -1
    outer loop
      vertex -4.80174 3.20842 0
      vertex -3.49217 2.33339 0
      vertex -3.60246 2.15923 0
    endloop
  endfacet
  facet normal 0 0 -1
    outer loop
      vertex -2.66445 3.24664 0
      vertex -3.66362 4.46414 0
      vertex -3.44016 4.63852 0
    endloop
  endfacet
  facet normal 0 0 -1
    outer loop
      vertex -4.95338 2.96894 0
      vertex -3.60246 2.15923 0
      vertex -3.70407 1.97987 0
    endloop
  endfacet
  facet normal 0 0 -1
    outer loop
      vertex -5.09309 2.72232 0
      vertex -3.70407 1.97987 0
      vertex -3.79675 1.79573 0
    endloop
  endfacet
  facet normal 0 0 -1
    outer loop
      vertex -2.82055 3.11199 0
      vertex -3.87825 4.27899 0
      vertex -3.66362 4.46414 0
    endloop
  endfacet
  facet normal 0 0 -1
    outer loop
      vertex -5.22054 2.46913 0
      vertex -3.79675 1.79573 0
      vertex -3.88029 1.60727 0
    endloop
  endfacet
  facet normal 0 0 -1
    outer loop
      vertex -5.3354 2.21 0
      vertex -3.88029 1.60727 0
      vertex -3.95448 1.41494 0
    endloop
  endfacet
  facet normal 0 0 -1
    outer loop
      vertex -5.43742 1.94554 0
      vertex -3.95448 1.41494 0
      vertex -4.01915 1.2192 0
    endloop
  endfacet
  facet normal 0 0 -1
    outer loop
      vertex -5.52633 1.67639 0
      vertex -4.01915 1.2192 0
      vertex -4.07413 1.02052 0
    endloop
  endfacet
  facet normal 0 0 -1
    outer loop
      vertex -2.96985 2.96985 0
      vertex -4.08354 4.08354 0
      vertex -3.87825 4.27899 0
    endloop
  endfacet
  facet normal 0 0 -1
    outer loop
      vertex -5.60193 1.40321 0
      vertex -4.07413 1.02052 0
      vertex -4.1193 0.819379 0
    endloop
  endfacet
  facet normal 0 0 -1
    outer loop
      vertex -5.66403 1.12665 0
      vertex -4.1193 0.819379 0
      vertex -4.15454 0.616267 0
    endloop
  endfacet
  facet normal 0 0 -1
    outer loop
      vertex -5.71249 0.847368 0
      vertex -4.15454 0.616267 0
      vertex -4.17978 0.411672 0
    endloop
  endfacet
  facet normal 0 0 -1
    outer loop
      vertex -5.74719 0.566049 0
      vertex -4.17978 0.411672 0
      vertex -4.19494 0.206083 0
    endloop
  endfacet
  facet normal 0 0 -1
    outer loop
      vertex -3.11199 2.82055 0
      vertex -4.27899 3.87825 0
      vertex -4.08354 4.08354 0
    endloop
  endfacet
  facet normal 0 0 -1
    outer loop
      vertex -5.76804 0.283365 0
      vertex -4.19494 0.206083 0
      vertex -4.2 0 0
    endloop
  endfacet
  facet normal 0 0 -1
    outer loop
      vertex -5.43742 -1.94554 0
      vertex -3.95448 -1.41494 0
      vertex -5.3354 -2.21 0
    endloop
  endfacet
  facet normal -0 0 -1
    outer loop
      vertex -3.95448 -1.41494 0
      vertex -5.43742 -1.94554 0
      vertex -4.01915 -1.2192 0
    endloop
  endfacet
  facet normal 0 0 -1
    outer loop
      vertex -3.24664 2.66445 0
      vertex -4.46414 3.66362 0
      vertex -4.27899 3.87825 0
    endloop
  endfacet
  facet normal 0 0 -1
    outer loop
      vertex -5.52633 -1.67639 0
      vertex -4.01915 -1.2192 0
      vertex -5.43742 -1.94554 0
    endloop
  endfacet
  facet normal 0 0 -1
    outer loop
      vertex -3.37347 2.50194 0
      vertex -4.63852 3.44016 0
      vertex -4.46414 3.66362 0
    endloop
  endfacet
  facet normal -0 0 -1
    outer loop
      vertex -4.01915 -1.2192 0
      vertex -5.52633 -1.67639 0
      vertex -4.07413 -1.02052 0
    endloop
  endfacet
  facet normal 0 0 -1
    outer loop
      vertex -3.49217 2.33339 0
      vertex -4.80174 3.20842 0
      vertex -4.63852 3.44016 0
    endloop
  endfacet
  facet normal 0 0 -1
    outer loop
      vertex -5.60193 -1.40321 0
      vertex -4.07413 -1.02052 0
      vertex -5.52633 -1.67639 0
    endloop
  endfacet
  facet normal 0 0 -1
    outer loop
      vertex -3.60246 2.15923 0
      vertex -4.95338 2.96894 0
      vertex -4.80174 3.20842 0
    endloop
  endfacet
  facet normal -0 0 -1
    outer loop
      vertex -4.07413 -1.02052 0
      vertex -5.60193 -1.40321 0
      vertex -4.1193 -0.819379 0
    endloop
  endfacet
  facet normal 0 0 -1
    outer loop
      vertex -3.70407 1.97987 0
      vertex -5.09309 2.72232 0
      vertex -4.95338 2.96894 0
    endloop
  endfacet
  facet normal 0 0 -1
    outer loop
      vertex -5.66403 -1.12665 0
      vertex -4.1193 -0.819379 0
      vertex -5.60193 -1.40321 0
    endloop
  endfacet
  facet normal 0 0 -1
    outer loop
      vertex -3.79675 1.79573 0
      vertex -5.22054 2.46913 0
      vertex -5.09309 2.72232 0
    endloop
  endfacet
  facet normal -0 0 -1
    outer loop
      vertex -4.1193 -0.819379 0
      vertex -5.66403 -1.12665 0
      vertex -4.15454 -0.616267 0
    endloop
  endfacet
  facet normal 0 0 -1
    outer loop
      vertex -3.88029 1.60727 0
      vertex -5.3354 2.21 0
      vertex -5.22054 2.46913 0
    endloop
  endfacet
  facet normal 0 0 -1
    outer loop
      vertex -5.71249 -0.847368 0
      vertex -4.15454 -0.616267 0
      vertex -5.66403 -1.12665 0
    endloop
  endfacet
  facet normal 0 0 -1
    outer loop
      vertex -3.95448 1.41494 0
      vertex -5.43742 1.94554 0
      vertex -5.3354 2.21 0
    endloop
  endfacet
  facet normal -0 0 -1
    outer loop
      vertex -4.15454 -0.616267 0
      vertex -5.71249 -0.847368 0
      vertex -4.17978 -0.411672 0
    endloop
  endfacet
  facet normal 0 0 -1
    outer loop
      vertex -4.01915 1.2192 0
      vertex -5.52633 1.67639 0
      vertex -5.43742 1.94554 0
    endloop
  endfacet
  facet normal 0 0 -1
    outer loop
      vertex -5.74719 -0.566049 0
      vertex -4.17978 -0.411672 0
      vertex -5.71249 -0.847368 0
    endloop
  endfacet
  facet normal 0 0 -1
    outer loop
      vertex -4.07413 1.02052 0
      vertex -5.60193 1.40321 0
      vertex -5.52633 1.67639 0
    endloop
  endfacet
  facet normal -0 0 -1
    outer loop
      vertex -4.17978 -0.411672 0
      vertex -5.74719 -0.566049 0
      vertex -4.19494 -0.206083 0
    endloop
  endfacet
  facet normal 0 0 -1
    outer loop
      vertex -4.1193 0.819379 0
      vertex -5.66403 1.12665 0
      vertex -5.60193 1.40321 0
    endloop
  endfacet
  facet normal 0 0 -1
    outer loop
      vertex -5.76804 -0.283365 0
      vertex -4.19494 -0.206083 0
      vertex -5.74719 -0.566049 0
    endloop
  endfacet
  facet normal 0 0 -1
    outer loop
      vertex -4.15454 0.616267 0
      vertex -5.71249 0.847368 0
      vertex -5.66403 1.12665 0
    endloop
  endfacet
  facet normal -0 0 -1
    outer loop
      vertex -4.19494 -0.206083 0
      vertex -5.76804 -0.283365 0
      vertex -4.2 0 0
    endloop
  endfacet
  facet normal 0 0 -1
    outer loop
      vertex -4.17978 0.411672 0
      vertex -5.74719 0.566049 0
      vertex -5.71249 0.847368 0
    endloop
  endfacet
  facet normal 0 0 -1
    outer loop
      vertex -5.775 0 0
      vertex -4.2 0 0
      vertex -5.76804 -0.283365 0
    endloop
  endfacet
  facet normal 0 0 -1
    outer loop
      vertex -4.19494 0.206083 0
      vertex -5.76804 0.283365 0
      vertex -5.74719 0.566049 0
    endloop
  endfacet
  facet normal 0 0 -1
    outer loop
      vertex -4.2 0 0
      vertex -5.775 0 0
      vertex -5.76804 0.283365 0
    endloop
  endfacet
  facet normal 0.7572 0.653183 0
    outer loop
      vertex 4.25156 3.48916 2.2
      vertex 4.07523 3.69357 0.599999
      vertex 4.07523 3.69357 2.2
    endloop
  endfacet
  facet normal 0.7572 0.653183 0
    outer loop
      vertex 4.07523 3.69357 0.599999
      vertex 4.25156 3.48916 2.2
      vertex 4.25156 3.48916 0.599999
    endloop
  endfacet
  facet normal -0.893231 0.449598 0
    outer loop
      vertex -4.97194 2.35155 0.599999
      vertex -4.85057 2.59268 2.2
      vertex -4.85057 2.59268 0.599999
    endloop
  endfacet
  facet normal -0.893231 0.449598 0
    outer loop
      vertex -4.85057 2.59268 2.2
      vertex -4.97194 2.35155 0.599999
      vertex -4.97194 2.35155 2.2
    endloop
  endfacet
  facet normal 0.575804 -0.817587 0
    outer loop
      vertex 3.05564 -4.57308 0.599999
      vertex 3.27635 -4.41764 2.2
      vertex 3.05564 -4.57308 2.2
    endloop
  endfacet
  facet normal 0.575804 -0.817587 0
    outer loop
      vertex 3.27635 -4.41764 2.2
      vertex 3.05564 -4.57308 0.599999
      vertex 3.27635 -4.41764 0.599999
    endloop
  endfacet
  facet normal 0.870084 0.492904 0
    outer loop
      vertex 4.85057 2.59268 2.2
      vertex 4.71751 2.82756 0.599999
      vertex 4.71751 2.82756 2.2
    endloop
  endfacet
  facet normal 0.870084 0.492904 0
    outer loop
      vertex 4.71751 2.82756 0.599999
      vertex 4.85057 2.59268 2.2
      vertex 4.85057 2.59268 0.599999
    endloop
  endfacet
  facet normal -0.653183 0.7572 0
    outer loop
      vertex -3.48916 4.25156 0.599999
      vertex -3.69357 4.07523 2.2
      vertex -3.48916 4.25156 2.2
    endloop
  endfacet
  facet normal -0.653183 0.7572 0
    outer loop
      vertex -3.69357 4.07523 2.2
      vertex -3.48916 4.25156 0.599999
      vertex -3.69357 4.07523 0.599999
    endloop
  endfacet
  facet normal 0.963777 -0.266708 0
    outer loop
      vertex 5.26317 -1.59657 2.2
      vertex 5.33517 -1.33639 0.599999
      vertex 5.33517 -1.33639 2.2
    endloop
  endfacet
  facet normal 0.963777 -0.266708 0
    outer loop
      vertex 5.33517 -1.33639 0.599999
      vertex 5.26317 -1.59657 2.2
      vertex 5.26317 -1.59657 0.599999
    endloop
  endfacet
  facet normal 0.122428 0.992477 -0
    outer loop
      vertex 0.807017 5.44047 0.599999
      vertex 0.539094 5.47352 2.2
      vertex 0.807017 5.44047 2.2
    endloop
  endfacet
  facet normal 0.122428 0.992477 0
    outer loop
      vertex 0.539094 5.47352 2.2
      vertex 0.807017 5.44047 0.599999
      vertex 0.539094 5.47352 0.599999
    endloop
  endfacet
  facet normal 0.615235 0.788344 -0
    outer loop
      vertex 3.48916 4.25156 0.599999
      vertex 3.27635 4.41764 2.2
      vertex 3.48916 4.25156 2.2
    endloop
  endfacet
  facet normal 0.615235 0.788344 0
    outer loop
      vertex 3.27635 4.41764 2.2
      vertex 3.48916 4.25156 0.599999
      vertex 3.27635 4.41764 0.599999
    endloop
  endfacet
  facet normal 0.844854 0.534997 0
    outer loop
      vertex 4.71751 2.82756 2.2
      vertex 4.57308 3.05564 0.599999
      vertex 4.57308 3.05564 2.2
    endloop
  endfacet
  facet normal 0.844854 0.534997 0
    outer loop
      vertex 4.57308 3.05564 0.599999
      vertex 4.71751 2.82756 2.2
      vertex 4.71751 2.82756 0.599999
    endloop
  endfacet
  facet normal 0.68952 0.724267 -0
    outer loop
      vertex 3.88909 3.88909 0.599999
      vertex 3.69357 4.07523 2.2
      vertex 3.88909 3.88909 2.2
    endloop
  endfacet
  facet normal 0.68952 0.724267 0
    outer loop
      vertex 3.69357 4.07523 2.2
      vertex 3.88909 3.88909 0.599999
      vertex 3.69357 4.07523 0.599999
    endloop
  endfacet
  facet normal -0.170953 0.985279 0
    outer loop
      vertex -0.807017 5.44047 0.599999
      vertex -1.073 5.39432 2.2
      vertex -0.807017 5.44047 2.2
    endloop
  endfacet
  facet normal -0.170953 0.985279 0
    outer loop
      vertex -1.073 5.39432 2.2
      vertex -0.807017 5.44047 0.599999
      vertex -1.073 5.39432 0.599999
    endloop
  endfacet
  facet normal 0.266708 -0.963777 0
    outer loop
      vertex 1.33639 -5.33517 0.599999
      vertex 1.59657 -5.26317 2.2
      vertex 1.33639 -5.33517 2.2
    endloop
  endfacet
  facet normal 0.266708 -0.963777 0
    outer loop
      vertex 1.59657 -5.26317 2.2
      vertex 1.33639 -5.33517 0.599999
      vertex 1.59657 -5.26317 0.599999
    endloop
  endfacet
  facet normal -0.68952 -0.724267 0
    outer loop
      vertex -3.88909 -3.88909 0.599999
      vertex -3.69357 -4.07523 2.2
      vertex -3.88909 -3.88909 2.2
    endloop
  endfacet
  facet normal -0.68952 -0.724267 -0
    outer loop
      vertex -3.69357 -4.07523 2.2
      vertex -3.88909 -3.88909 0.599999
      vertex -3.69357 -4.07523 0.599999
    endloop
  endfacet
  facet normal 0.534997 0.844854 -0
    outer loop
      vertex 3.05564 4.57308 0.599999
      vertex 2.82756 4.71751 2.2
      vertex 3.05564 4.57308 2.2
    endloop
  endfacet
  facet normal 0.534997 0.844854 0
    outer loop
      vertex 2.82756 4.71751 2.2
      vertex 3.05564 4.57308 0.599999
      vertex 2.82756 4.71751 0.599999
    endloop
  endfacet
  facet normal -0.844854 -0.534997 0
    outer loop
      vertex -4.57308 -3.05564 0.599999
      vertex -4.71751 -2.82756 2.2
      vertex -4.71751 -2.82756 0.599999
    endloop
  endfacet
  facet normal -0.844854 -0.534997 0
    outer loop
      vertex -4.71751 -2.82756 2.2
      vertex -4.57308 -3.05564 0.599999
      vertex -4.57308 -3.05564 2.2
    endloop
  endfacet
  facet normal 0.405258 -0.914202 0
    outer loop
      vertex 2.10476 -5.08134 0.599999
      vertex 2.35155 -4.97194 2.2
      vertex 2.10476 -5.08134 2.2
    endloop
  endfacet
  facet normal 0.405258 -0.914202 0
    outer loop
      vertex 2.35155 -4.97194 2.2
      vertex 2.10476 -5.08134 0.599999
      vertex 2.35155 -4.97194 0.599999
    endloop
  endfacet
  facet normal 0.0735314 -0.997293 0
    outer loop
      vertex 0.269872 -5.49337 0.599999
      vertex 0.539094 -5.47352 2.2
      vertex 0.269872 -5.49337 2.2
    endloop
  endfacet
  facet normal 0.0735314 -0.997293 0
    outer loop
      vertex 0.539094 -5.47352 2.2
      vertex 0.269872 -5.49337 0.599999
      vertex 0.539094 -5.47352 0.599999
    endloop
  endfacet
  facet normal 0.870084 -0.492904 0
    outer loop
      vertex 4.71751 -2.82756 2.2
      vertex 4.85057 -2.59268 0.599999
      vertex 4.85057 -2.59268 2.2
    endloop
  endfacet
  facet normal 0.870084 -0.492904 0
    outer loop
      vertex 4.85057 -2.59268 0.599999
      vertex 4.71751 -2.82756 2.2
      vertex 4.71751 -2.82756 0.599999
    endloop
  endfacet
  facet normal -0.615235 0.788344 0
    outer loop
      vertex -3.27635 4.41764 0.599999
      vertex -3.48916 4.25156 2.2
      vertex -3.27635 4.41764 2.2
    endloop
  endfacet
  facet normal -0.615235 0.788344 0
    outer loop
      vertex -3.48916 4.25156 2.2
      vertex -3.27635 4.41764 0.599999
      vertex -3.48916 4.25156 0.599999
    endloop
  endfacet
  facet normal 0.992477 -0.122428 0
    outer loop
      vertex 5.44047 -0.807017 2.2
      vertex 5.47352 -0.539094 0.599999
      vertex 5.47352 -0.539094 2.2
    endloop
  endfacet
  facet normal 0.992477 -0.122428 0
    outer loop
      vertex 5.47352 -0.539094 0.599999
      vertex 5.44047 -0.807017 2.2
      vertex 5.44047 -0.807017 0.599999
    endloop
  endfacet
  facet normal 0.653183 0.7572 -0
    outer loop
      vertex 3.69357 4.07523 0.599999
      vertex 3.48916 4.25156 2.2
      vertex 3.69357 4.07523 2.2
    endloop
  endfacet
  facet normal 0.653183 0.7572 0
    outer loop
      vertex 3.48916 4.25156 2.2
      vertex 3.69357 4.07523 0.599999
      vertex 3.48916 4.25156 0.599999
    endloop
  endfacet
  facet normal -0.933001 0.359873 0
    outer loop
      vertex -5.17849 1.85289 0.599999
      vertex -5.08134 2.10476 2.2
      vertex -5.08134 2.10476 0.599999
    endloop
  endfacet
  facet normal -0.933001 0.359873 0
    outer loop
      vertex -5.08134 2.10476 2.2
      vertex -5.17849 1.85289 0.599999
      vertex -5.17849 1.85289 2.2
    endloop
  endfacet
  facet normal -0.0245598 0.999698 0
    outer loop
      vertex 0 5.5 0.599999
      vertex -0.269872 5.49337 2.2
      vertex 0 5.5 2.2
    endloop
  endfacet
  facet normal -0.0245598 0.999698 0
    outer loop
      vertex -0.269872 5.49337 2.2
      vertex 0 5.5 0.599999
      vertex -0.269872 5.49337 0.599999
    endloop
  endfacet
  facet normal 0.219115 -0.975699 0
    outer loop
      vertex 1.073 -5.39432 0.599999
      vertex 1.33639 -5.33517 2.2
      vertex 1.073 -5.39432 2.2
    endloop
  endfacet
  facet normal 0.219115 -0.975699 0
    outer loop
      vertex 1.33639 -5.33517 2.2
      vertex 1.073 -5.39432 0.599999
      vertex 1.33639 -5.33517 0.599999
    endloop
  endfacet
  facet normal 0.724267 -0.68952 0
    outer loop
      vertex 3.88909 -3.88909 2.2
      vertex 4.07523 -3.69357 0.599999
      vertex 4.07523 -3.69357 2.2
    endloop
  endfacet
  facet normal 0.724267 -0.68952 0
    outer loop
      vertex 4.07523 -3.69357 0.599999
      vertex 3.88909 -3.88909 2.2
      vertex 3.88909 -3.88909 0.599999
    endloop
  endfacet
  facet normal -0.997293 -0.0735314 0
    outer loop
      vertex -5.47352 -0.539094 0.599999
      vertex -5.49337 -0.269872 2.2
      vertex -5.49337 -0.269872 0.599999
    endloop
  endfacet
  facet normal -0.997293 -0.0735314 0
    outer loop
      vertex -5.49337 -0.269872 2.2
      vertex -5.47352 -0.539094 0.599999
      vertex -5.47352 -0.539094 2.2
    endloop
  endfacet
  facet normal -0.7572 -0.653183 0
    outer loop
      vertex -4.07523 -3.69357 0.599999
      vertex -4.25156 -3.48916 2.2
      vertex -4.25156 -3.48916 0.599999
    endloop
  endfacet
  facet normal -0.7572 -0.653183 0
    outer loop
      vertex -4.25156 -3.48916 2.2
      vertex -4.07523 -3.69357 0.599999
      vertex -4.07523 -3.69357 2.2
    endloop
  endfacet
  facet normal 0.359873 0.933001 -0
    outer loop
      vertex 2.10476 5.08134 0.599999
      vertex 1.85289 5.17849 2.2
      vertex 2.10476 5.08134 2.2
    endloop
  endfacet
  facet normal 0.359873 0.933001 0
    outer loop
      vertex 1.85289 5.17849 2.2
      vertex 2.10476 5.08134 0.599999
      vertex 1.85289 5.17849 0.599999
    endloop
  endfacet
  facet normal 0.0245598 -0.999698 0
    outer loop
      vertex 0 -5.5 0.599999
      vertex 0.269872 -5.49337 2.2
      vertex 0 -5.5 2.2
    endloop
  endfacet
  facet normal 0.0245598 -0.999698 0
    outer loop
      vertex 0.269872 -5.49337 2.2
      vertex 0 -5.5 0.599999
      vertex 0.269872 -5.49337 0.599999
    endloop
  endfacet
  facet normal 0.997293 -0.0735314 0
    outer loop
      vertex 5.47352 -0.539094 2.2
      vertex 5.49337 -0.269872 0.599999
      vertex 5.49337 -0.269872 2.2
    endloop
  endfacet
  facet normal 0.997293 -0.0735314 0
    outer loop
      vertex 5.49337 -0.269872 0.599999
      vertex 5.47352 -0.539094 2.2
      vertex 5.47352 -0.539094 0.599999
    endloop
  endfacet
  facet normal 0.724267 0.68952 0
    outer loop
      vertex 4.07523 3.69357 2.2
      vertex 3.88909 3.88909 0.599999
      vertex 3.88909 3.88909 2.2
    endloop
  endfacet
  facet normal 0.724267 0.68952 0
    outer loop
      vertex 3.88909 3.88909 0.599999
      vertex 4.07523 3.69357 2.2
      vertex 4.07523 3.69357 0.599999
    endloop
  endfacet
  facet normal -0.122428 -0.992477 0
    outer loop
      vertex -0.807017 -5.44047 0.599999
      vertex -0.539094 -5.47352 2.2
      vertex -0.807017 -5.44047 2.2
    endloop
  endfacet
  facet normal -0.122428 -0.992477 -0
    outer loop
      vertex -0.539094 -5.47352 2.2
      vertex -0.807017 -5.44047 0.599999
      vertex -0.539094 -5.47352 0.599999
    endloop
  endfacet
  facet normal 0.313693 -0.949525 0
    outer loop
      vertex 1.59657 -5.26317 0.599999
      vertex 1.85289 -5.17849 2.2
      vertex 1.59657 -5.26317 2.2
    endloop
  endfacet
  facet normal 0.313693 -0.949525 0
    outer loop
      vertex 1.85289 -5.17849 2.2
      vertex 1.59657 -5.26317 0.599999
      vertex 1.85289 -5.17849 0.599999
    endloop
  endfacet
  facet normal 0.788344 -0.615235 0
    outer loop
      vertex 4.25156 -3.48916 2.2
      vertex 4.41764 -3.27635 0.599999
      vertex 4.41764 -3.27635 2.2
    endloop
  endfacet
  facet normal 0.788344 -0.615235 0
    outer loop
      vertex 4.41764 -3.27635 0.599999
      vertex 4.25156 -3.48916 2.2
      vertex 4.25156 -3.48916 0.599999
    endloop
  endfacet
  facet normal 0.7572 -0.653183 0
    outer loop
      vertex 4.07523 -3.69357 2.2
      vertex 4.25156 -3.48916 0.599999
      vertex 4.25156 -3.48916 2.2
    endloop
  endfacet
  facet normal 0.7572 -0.653183 0
    outer loop
      vertex 4.25156 -3.48916 0.599999
      vertex 4.07523 -3.69357 2.2
      vertex 4.07523 -3.69357 0.599999
    endloop
  endfacet
  facet normal -0.653183 -0.7572 0
    outer loop
      vertex -3.69357 -4.07523 0.599999
      vertex -3.48916 -4.25156 2.2
      vertex -3.69357 -4.07523 2.2
    endloop
  endfacet
  facet normal -0.653183 -0.7572 -0
    outer loop
      vertex -3.48916 -4.25156 2.2
      vertex -3.69357 -4.07523 0.599999
      vertex -3.48916 -4.25156 0.599999
    endloop
  endfacet
  facet normal -0.313693 0.949525 0
    outer loop
      vertex -1.59657 5.26317 0.599999
      vertex -1.85289 5.17849 2.2
      vertex -1.59657 5.26317 2.2
    endloop
  endfacet
  facet normal -0.313693 0.949525 0
    outer loop
      vertex -1.85289 5.17849 2.2
      vertex -1.59657 5.26317 0.599999
      vertex -1.85289 5.17849 0.599999
    endloop
  endfacet
  facet normal 0.405258 0.914202 -0
    outer loop
      vertex 2.35155 4.97194 0.599999
      vertex 2.10476 5.08134 2.2
      vertex 2.35155 4.97194 2.2
    endloop
  endfacet
  facet normal 0.405258 0.914202 0
    outer loop
      vertex 2.10476 5.08134 2.2
      vertex 2.35155 4.97194 0.599999
      vertex 2.10476 5.08134 0.599999
    endloop
  endfacet
  facet normal 0.653183 -0.7572 0
    outer loop
      vertex 3.48916 -4.25156 0.599999
      vertex 3.69357 -4.07523 2.2
      vertex 3.48916 -4.25156 2.2
    endloop
  endfacet
  facet normal 0.653183 -0.7572 0
    outer loop
      vertex 3.69357 -4.07523 2.2
      vertex 3.48916 -4.25156 0.599999
      vertex 3.69357 -4.07523 0.599999
    endloop
  endfacet
  facet normal 0.817587 -0.575804 0
    outer loop
      vertex 4.41764 -3.27635 2.2
      vertex 4.57308 -3.05564 0.599999
      vertex 4.57308 -3.05564 2.2
    endloop
  endfacet
  facet normal 0.817587 -0.575804 0
    outer loop
      vertex 4.57308 -3.05564 0.599999
      vertex 4.41764 -3.27635 2.2
      vertex 4.41764 -3.27635 0.599999
    endloop
  endfacet
  facet normal -0.219115 0.975699 0
    outer loop
      vertex -1.073 5.39432 0.599999
      vertex -1.33639 5.33517 2.2
      vertex -1.073 5.39432 2.2
    endloop
  endfacet
  facet normal -0.219115 0.975699 0
    outer loop
      vertex -1.33639 5.33517 2.2
      vertex -1.073 5.39432 0.599999
      vertex -1.33639 5.33517 0.599999
    endloop
  endfacet
  facet normal -0.405258 -0.914202 0
    outer loop
      vertex -2.35155 -4.97194 0.599999
      vertex -2.10476 -5.08134 2.2
      vertex -2.35155 -4.97194 2.2
    endloop
  endfacet
  facet normal -0.405258 -0.914202 -0
    outer loop
      vertex -2.10476 -5.08134 2.2
      vertex -2.35155 -4.97194 0.599999
      vertex -2.10476 -5.08134 0.599999
    endloop
  endfacet
  facet normal 0.817587 0.575804 0
    outer loop
      vertex 4.57308 3.05564 2.2
      vertex 4.41764 3.27635 0.599999
      vertex 4.41764 3.27635 2.2
    endloop
  endfacet
  facet normal 0.817587 0.575804 0
    outer loop
      vertex 4.41764 3.27635 0.599999
      vertex 4.57308 3.05564 2.2
      vertex 4.57308 3.05564 0.599999
    endloop
  endfacet
  facet normal -0.985279 -0.170953 0
    outer loop
      vertex -5.39432 -1.073 0.599999
      vertex -5.44047 -0.807017 2.2
      vertex -5.44047 -0.807017 0.599999
    endloop
  endfacet
  facet normal -0.985279 -0.170953 0
    outer loop
      vertex -5.44047 -0.807017 2.2
      vertex -5.39432 -1.073 0.599999
      vertex -5.39432 -1.073 2.2
    endloop
  endfacet
  facet normal 0.449598 0.893231 -0
    outer loop
      vertex 2.59268 4.85057 0.599999
      vertex 2.35155 4.97194 2.2
      vertex 2.59268 4.85057 2.2
    endloop
  endfacet
  facet normal 0.449598 0.893231 0
    outer loop
      vertex 2.35155 4.97194 2.2
      vertex 2.59268 4.85057 0.599999
      vertex 2.35155 4.97194 0.599999
    endloop
  endfacet
  facet normal -0.122428 0.992477 0
    outer loop
      vertex -0.539094 5.47352 0.599999
      vertex -0.807017 5.44047 2.2
      vertex -0.539094 5.47352 2.2
    endloop
  endfacet
  facet normal -0.122428 0.992477 0
    outer loop
      vertex -0.807017 5.44047 2.2
      vertex -0.539094 5.47352 0.599999
      vertex -0.807017 5.44047 0.599999
    endloop
  endfacet
  facet normal -0.975699 -0.219115 0
    outer loop
      vertex -5.33517 -1.33639 0.599999
      vertex -5.39432 -1.073 2.2
      vertex -5.39432 -1.073 0.599999
    endloop
  endfacet
  facet normal -0.975699 -0.219115 0
    outer loop
      vertex -5.39432 -1.073 2.2
      vertex -5.33517 -1.33639 0.599999
      vertex -5.33517 -1.33639 2.2
    endloop
  endfacet
  facet normal -0.933001 -0.359873 0
    outer loop
      vertex -5.08134 -2.10476 0.599999
      vertex -5.17849 -1.85289 2.2
      vertex -5.17849 -1.85289 0.599999
    endloop
  endfacet
  facet normal -0.933001 -0.359873 0
    outer loop
      vertex -5.17849 -1.85289 2.2
      vertex -5.08134 -2.10476 0.599999
      vertex -5.08134 -2.10476 2.2
    endloop
  endfacet
  facet normal 0.985279 0.170953 0
    outer loop
      vertex 5.44047 0.807017 2.2
      vertex 5.39432 1.073 0.599999
      vertex 5.39432 1.073 2.2
    endloop
  endfacet
  facet normal 0.985279 0.170953 0
    outer loop
      vertex 5.39432 1.073 0.599999
      vertex 5.44047 0.807017 2.2
      vertex 5.44047 0.807017 0.599999
    endloop
  endfacet
  facet normal -0.999698 -0.0245598 0
    outer loop
      vertex -5.49337 -0.269872 0.599999
      vertex -5.5 0 2.2
      vertex -5.5 0 0.599999
    endloop
  endfacet
  facet normal -0.999698 -0.0245598 0
    outer loop
      vertex -5.5 0 2.2
      vertex -5.49337 -0.269872 0.599999
      vertex -5.49337 -0.269872 2.2
    endloop
  endfacet
  facet normal -0.724267 0.68952 0
    outer loop
      vertex -4.07523 3.69357 0.599999
      vertex -3.88909 3.88909 2.2
      vertex -3.88909 3.88909 0.599999
    endloop
  endfacet
  facet normal -0.724267 0.68952 0
    outer loop
      vertex -3.88909 3.88909 2.2
      vertex -4.07523 3.69357 0.599999
      vertex -4.07523 3.69357 2.2
    endloop
  endfacet
  facet normal 0.999698 -0.0245598 0
    outer loop
      vertex 5.49337 -0.269872 2.2
      vertex 5.5 0 0.599999
      vertex 5.5 0 2.2
    endloop
  endfacet
  facet normal 0.999698 -0.0245598 0
    outer loop
      vertex 5.5 0 0.599999
      vertex 5.49337 -0.269872 2.2
      vertex 5.49337 -0.269872 0.599999
    endloop
  endfacet
  facet normal -0.870084 -0.492904 0
    outer loop
      vertex -4.71751 -2.82756 0.599999
      vertex -4.85057 -2.59268 2.2
      vertex -4.85057 -2.59268 0.599999
    endloop
  endfacet
  facet normal -0.870084 -0.492904 0
    outer loop
      vertex -4.85057 -2.59268 2.2
      vertex -4.71751 -2.82756 0.599999
      vertex -4.71751 -2.82756 2.2
    endloop
  endfacet
  facet normal -0.992477 -0.122428 0
    outer loop
      vertex -5.44047 -0.807017 0.599999
      vertex -5.47352 -0.539094 2.2
      vertex -5.47352 -0.539094 0.599999
    endloop
  endfacet
  facet normal -0.992477 -0.122428 0
    outer loop
      vertex -5.47352 -0.539094 2.2
      vertex -5.44047 -0.807017 0.599999
      vertex -5.44047 -0.807017 2.2
    endloop
  endfacet
  facet normal -0.359873 0.933001 0
    outer loop
      vertex -1.85289 5.17849 0.599999
      vertex -2.10476 5.08134 2.2
      vertex -1.85289 5.17849 2.2
    endloop
  endfacet
  facet normal -0.359873 0.933001 0
    outer loop
      vertex -2.10476 5.08134 2.2
      vertex -1.85289 5.17849 0.599999
      vertex -2.10476 5.08134 0.599999
    endloop
  endfacet
  facet normal -0.575804 0.817587 0
    outer loop
      vertex -3.05564 4.57308 0.599999
      vertex -3.27635 4.41764 2.2
      vertex -3.05564 4.57308 2.2
    endloop
  endfacet
  facet normal -0.575804 0.817587 0
    outer loop
      vertex -3.27635 4.41764 2.2
      vertex -3.05564 4.57308 0.599999
      vertex -3.27635 4.41764 0.599999
    endloop
  endfacet
  facet normal -0.359873 -0.933001 0
    outer loop
      vertex -2.10476 -5.08134 0.599999
      vertex -1.85289 -5.17849 2.2
      vertex -2.10476 -5.08134 2.2
    endloop
  endfacet
  facet normal -0.359873 -0.933001 -0
    outer loop
      vertex -1.85289 -5.17849 2.2
      vertex -2.10476 -5.08134 0.599999
      vertex -1.85289 -5.17849 0.599999
    endloop
  endfacet
  facet normal -0.7572 0.653183 0
    outer loop
      vertex -4.25156 3.48916 0.599999
      vertex -4.07523 3.69357 2.2
      vertex -4.07523 3.69357 0.599999
    endloop
  endfacet
  facet normal -0.7572 0.653183 0
    outer loop
      vertex -4.07523 3.69357 2.2
      vertex -4.25156 3.48916 0.599999
      vertex -4.25156 3.48916 2.2
    endloop
  endfacet
  facet normal 0.975699 0.219115 0
    outer loop
      vertex 5.39432 1.073 2.2
      vertex 5.33517 1.33639 0.599999
      vertex 5.33517 1.33639 2.2
    endloop
  endfacet
  facet normal 0.975699 0.219115 0
    outer loop
      vertex 5.33517 1.33639 0.599999
      vertex 5.39432 1.073 2.2
      vertex 5.39432 1.073 0.599999
    endloop
  endfacet
  facet normal -0.817587 0.575804 0
    outer loop
      vertex -4.57308 3.05564 0.599999
      vertex -4.41764 3.27635 2.2
      vertex -4.41764 3.27635 0.599999
    endloop
  endfacet
  facet normal -0.817587 0.575804 0
    outer loop
      vertex -4.41764 3.27635 2.2
      vertex -4.57308 3.05564 0.599999
      vertex -4.57308 3.05564 2.2
    endloop
  endfacet
  facet normal -0.0245598 -0.999698 0
    outer loop
      vertex -0.269872 -5.49337 0.599999
      vertex 0 -5.5 2.2
      vertex -0.269872 -5.49337 2.2
    endloop
  endfacet
  facet normal -0.0245598 -0.999698 -0
    outer loop
      vertex 0 -5.5 2.2
      vertex -0.269872 -5.49337 0.599999
      vertex 0 -5.5 0.599999
    endloop
  endfacet
  facet normal 0.963777 0.266708 0
    outer loop
      vertex 5.33517 1.33639 2.2
      vertex 5.26317 1.59657 0.599999
      vertex 5.26317 1.59657 2.2
    endloop
  endfacet
  facet normal 0.963777 0.266708 0
    outer loop
      vertex 5.26317 1.59657 0.599999
      vertex 5.33517 1.33639 2.2
      vertex 5.33517 1.33639 0.599999
    endloop
  endfacet
  facet normal -0.449598 -0.893231 0
    outer loop
      vertex -2.59268 -4.85057 0.599999
      vertex -2.35155 -4.97194 2.2
      vertex -2.59268 -4.85057 2.2
    endloop
  endfacet
  facet normal -0.449598 -0.893231 -0
    outer loop
      vertex -2.35155 -4.97194 2.2
      vertex -2.59268 -4.85057 0.599999
      vertex -2.35155 -4.97194 0.599999
    endloop
  endfacet
  facet normal 0.575804 0.817587 -0
    outer loop
      vertex 3.27635 4.41764 0.599999
      vertex 3.05564 4.57308 2.2
      vertex 3.27635 4.41764 2.2
    endloop
  endfacet
  facet normal 0.575804 0.817587 0
    outer loop
      vertex 3.05564 4.57308 2.2
      vertex 3.27635 4.41764 0.599999
      vertex 3.05564 4.57308 0.599999
    endloop
  endfacet
  facet normal -0.724267 -0.68952 0
    outer loop
      vertex -3.88909 -3.88909 0.599999
      vertex -4.07523 -3.69357 2.2
      vertex -4.07523 -3.69357 0.599999
    endloop
  endfacet
  facet normal -0.724267 -0.68952 0
    outer loop
      vertex -4.07523 -3.69357 2.2
      vertex -3.88909 -3.88909 0.599999
      vertex -3.88909 -3.88909 2.2
    endloop
  endfacet
  facet normal -0.999698 0.0245598 0
    outer loop
      vertex -5.5 0 0.599999
      vertex -5.49337 0.269872 2.2
      vertex -5.49337 0.269872 0.599999
    endloop
  endfacet
  facet normal -0.999698 0.0245598 0
    outer loop
      vertex -5.49337 0.269872 2.2
      vertex -5.5 0 0.599999
      vertex -5.5 0 2.2
    endloop
  endfacet
  facet normal 0.68952 -0.724267 0
    outer loop
      vertex 3.69357 -4.07523 0.599999
      vertex 3.88909 -3.88909 2.2
      vertex 3.69357 -4.07523 2.2
    endloop
  endfacet
  facet normal 0.68952 -0.724267 0
    outer loop
      vertex 3.88909 -3.88909 2.2
      vertex 3.69357 -4.07523 0.599999
      vertex 3.88909 -3.88909 0.599999
    endloop
  endfacet
  facet normal -0.949525 -0.313693 0
    outer loop
      vertex -5.17849 -1.85289 0.599999
      vertex -5.26317 -1.59657 2.2
      vertex -5.26317 -1.59657 0.599999
    endloop
  endfacet
  facet normal -0.949525 -0.313693 0
    outer loop
      vertex -5.26317 -1.59657 2.2
      vertex -5.17849 -1.85289 0.599999
      vertex -5.17849 -1.85289 2.2
    endloop
  endfacet
  facet normal -0.817587 -0.575804 0
    outer loop
      vertex -4.41764 -3.27635 0.599999
      vertex -4.57308 -3.05564 2.2
      vertex -4.57308 -3.05564 0.599999
    endloop
  endfacet
  facet normal -0.817587 -0.575804 0
    outer loop
      vertex -4.57308 -3.05564 2.2
      vertex -4.41764 -3.27635 0.599999
      vertex -4.41764 -3.27635 2.2
    endloop
  endfacet
  facet normal 0.122428 -0.992477 0
    outer loop
      vertex 0.539094 -5.47352 0.599999
      vertex 0.807017 -5.44047 2.2
      vertex 0.539094 -5.47352 2.2
    endloop
  endfacet
  facet normal 0.122428 -0.992477 0
    outer loop
      vertex 0.807017 -5.44047 2.2
      vertex 0.539094 -5.47352 0.599999
      vertex 0.807017 -5.44047 0.599999
    endloop
  endfacet
  facet normal 0.933001 0.359873 0
    outer loop
      vertex 5.17849 1.85289 2.2
      vertex 5.08134 2.10476 0.599999
      vertex 5.08134 2.10476 2.2
    endloop
  endfacet
  facet normal 0.933001 0.359873 0
    outer loop
      vertex 5.08134 2.10476 0.599999
      vertex 5.17849 1.85289 2.2
      vertex 5.17849 1.85289 0.599999
    endloop
  endfacet
  facet normal 0.266708 0.963777 -0
    outer loop
      vertex 1.59657 5.26317 0.599999
      vertex 1.33639 5.33517 2.2
      vertex 1.59657 5.26317 2.2
    endloop
  endfacet
  facet normal 0.266708 0.963777 0
    outer loop
      vertex 1.33639 5.33517 2.2
      vertex 1.59657 5.26317 0.599999
      vertex 1.33639 5.33517 0.599999
    endloop
  endfacet
  facet normal -0.615235 -0.788344 0
    outer loop
      vertex -3.48916 -4.25156 0.599999
      vertex -3.27635 -4.41764 2.2
      vertex -3.48916 -4.25156 2.2
    endloop
  endfacet
  facet normal -0.615235 -0.788344 -0
    outer loop
      vertex -3.27635 -4.41764 2.2
      vertex -3.48916 -4.25156 0.599999
      vertex -3.27635 -4.41764 0.599999
    endloop
  endfacet
  facet normal 0.219115 0.975699 -0
    outer loop
      vertex 1.33639 5.33517 0.599999
      vertex 1.073 5.39432 2.2
      vertex 1.33639 5.33517 2.2
    endloop
  endfacet
  facet normal 0.219115 0.975699 0
    outer loop
      vertex 1.073 5.39432 2.2
      vertex 1.33639 5.33517 0.599999
      vertex 1.073 5.39432 0.599999
    endloop
  endfacet
  facet normal 0.914202 0.405258 0
    outer loop
      vertex 5.08134 2.10476 2.2
      vertex 4.97194 2.35155 0.599999
      vertex 4.97194 2.35155 2.2
    endloop
  endfacet
  facet normal 0.914202 0.405258 0
    outer loop
      vertex 4.97194 2.35155 0.599999
      vertex 5.08134 2.10476 2.2
      vertex 5.08134 2.10476 0.599999
    endloop
  endfacet
  facet normal -0.534997 -0.844854 0
    outer loop
      vertex -3.05564 -4.57308 0.599999
      vertex -2.82756 -4.71751 2.2
      vertex -3.05564 -4.57308 2.2
    endloop
  endfacet
  facet normal -0.534997 -0.844854 -0
    outer loop
      vertex -2.82756 -4.71751 2.2
      vertex -3.05564 -4.57308 0.599999
      vertex -2.82756 -4.71751 0.599999
    endloop
  endfacet
  facet normal 0.844854 -0.534997 0
    outer loop
      vertex 4.57308 -3.05564 2.2
      vertex 4.71751 -2.82756 0.599999
      vertex 4.71751 -2.82756 2.2
    endloop
  endfacet
  facet normal 0.844854 -0.534997 0
    outer loop
      vertex 4.71751 -2.82756 0.599999
      vertex 4.57308 -3.05564 2.2
      vertex 4.57308 -3.05564 0.599999
    endloop
  endfacet
  facet normal 0.170953 -0.985279 0
    outer loop
      vertex 0.807017 -5.44047 0.599999
      vertex 1.073 -5.39432 2.2
      vertex 0.807017 -5.44047 2.2
    endloop
  endfacet
  facet normal 0.170953 -0.985279 0
    outer loop
      vertex 1.073 -5.39432 2.2
      vertex 0.807017 -5.44047 0.599999
      vertex 1.073 -5.39432 0.599999
    endloop
  endfacet
  facet normal -0.534997 0.844854 0
    outer loop
      vertex -2.82756 4.71751 0.599999
      vertex -3.05564 4.57308 2.2
      vertex -2.82756 4.71751 2.2
    endloop
  endfacet
  facet normal -0.534997 0.844854 0
    outer loop
      vertex -3.05564 4.57308 2.2
      vertex -2.82756 4.71751 0.599999
      vertex -3.05564 4.57308 0.599999
    endloop
  endfacet
  facet normal -0.492904 0.870084 0
    outer loop
      vertex -2.59268 4.85057 0.599999
      vertex -2.82756 4.71751 2.2
      vertex -2.59268 4.85057 2.2
    endloop
  endfacet
  facet normal -0.492904 0.870084 0
    outer loop
      vertex -2.82756 4.71751 2.2
      vertex -2.59268 4.85057 0.599999
      vertex -2.82756 4.71751 0.599999
    endloop
  endfacet
  facet normal 0.492904 -0.870084 0
    outer loop
      vertex 2.59268 -4.85057 0.599999
      vertex 2.82756 -4.71751 2.2
      vertex 2.59268 -4.85057 2.2
    endloop
  endfacet
  facet normal 0.492904 -0.870084 0
    outer loop
      vertex 2.82756 -4.71751 2.2
      vertex 2.59268 -4.85057 0.599999
      vertex 2.82756 -4.71751 0.599999
    endloop
  endfacet
  facet normal -0.844854 0.534997 0
    outer loop
      vertex -4.71751 2.82756 0.599999
      vertex -4.57308 3.05564 2.2
      vertex -4.57308 3.05564 0.599999
    endloop
  endfacet
  facet normal -0.844854 0.534997 0
    outer loop
      vertex -4.57308 3.05564 2.2
      vertex -4.71751 2.82756 0.599999
      vertex -4.71751 2.82756 2.2
    endloop
  endfacet
  facet normal -0.219115 -0.975699 0
    outer loop
      vertex -1.33639 -5.33517 0.599999
      vertex -1.073 -5.39432 2.2
      vertex -1.33639 -5.33517 2.2
    endloop
  endfacet
  facet normal -0.219115 -0.975699 -0
    outer loop
      vertex -1.073 -5.39432 2.2
      vertex -1.33639 -5.33517 0.599999
      vertex -1.073 -5.39432 0.599999
    endloop
  endfacet
  facet normal -0.963777 0.266708 0
    outer loop
      vertex -5.33517 1.33639 0.599999
      vertex -5.26317 1.59657 2.2
      vertex -5.26317 1.59657 0.599999
    endloop
  endfacet
  facet normal -0.963777 0.266708 0
    outer loop
      vertex -5.26317 1.59657 2.2
      vertex -5.33517 1.33639 0.599999
      vertex -5.33517 1.33639 2.2
    endloop
  endfacet
  facet normal 0.449598 -0.893231 0
    outer loop
      vertex 2.35155 -4.97194 0.599999
      vertex 2.59268 -4.85057 2.2
      vertex 2.35155 -4.97194 2.2
    endloop
  endfacet
  facet normal 0.449598 -0.893231 0
    outer loop
      vertex 2.59268 -4.85057 2.2
      vertex 2.35155 -4.97194 0.599999
      vertex 2.59268 -4.85057 0.599999
    endloop
  endfacet
  facet normal 0.170953 0.985279 -0
    outer loop
      vertex 1.073 5.39432 0.599999
      vertex 0.807017 5.44047 2.2
      vertex 1.073 5.39432 2.2
    endloop
  endfacet
  facet normal 0.170953 0.985279 0
    outer loop
      vertex 0.807017 5.44047 2.2
      vertex 1.073 5.39432 0.599999
      vertex 0.807017 5.44047 0.599999
    endloop
  endfacet
  facet normal -0.893231 -0.449598 0
    outer loop
      vertex -4.85057 -2.59268 0.599999
      vertex -4.97194 -2.35155 2.2
      vertex -4.97194 -2.35155 0.599999
    endloop
  endfacet
  facet normal -0.893231 -0.449598 0
    outer loop
      vertex -4.97194 -2.35155 2.2
      vertex -4.85057 -2.59268 0.599999
      vertex -4.85057 -2.59268 2.2
    endloop
  endfacet
  facet normal -0.492904 -0.870084 0
    outer loop
      vertex -2.82756 -4.71751 0.599999
      vertex -2.59268 -4.85057 2.2
      vertex -2.82756 -4.71751 2.2
    endloop
  endfacet
  facet normal -0.492904 -0.870084 -0
    outer loop
      vertex -2.59268 -4.85057 2.2
      vertex -2.82756 -4.71751 0.599999
      vertex -2.59268 -4.85057 0.599999
    endloop
  endfacet
  facet normal 0.0735314 0.997293 -0
    outer loop
      vertex 0.539094 5.47352 0.599999
      vertex 0.269872 5.49337 2.2
      vertex 0.539094 5.47352 2.2
    endloop
  endfacet
  facet normal 0.0735314 0.997293 0
    outer loop
      vertex 0.269872 5.49337 2.2
      vertex 0.539094 5.47352 0.599999
      vertex 0.269872 5.49337 0.599999
    endloop
  endfacet
  facet normal 0.985279 -0.170953 0
    outer loop
      vertex 5.39432 -1.073 2.2
      vertex 5.44047 -0.807017 0.599999
      vertex 5.44047 -0.807017 2.2
    endloop
  endfacet
  facet normal 0.985279 -0.170953 0
    outer loop
      vertex 5.44047 -0.807017 0.599999
      vertex 5.39432 -1.073 2.2
      vertex 5.39432 -1.073 0.599999
    endloop
  endfacet
  facet normal -0.449598 0.893231 0
    outer loop
      vertex -2.35155 4.97194 0.599999
      vertex -2.59268 4.85057 2.2
      vertex -2.35155 4.97194 2.2
    endloop
  endfacet
  facet normal -0.449598 0.893231 0
    outer loop
      vertex -2.59268 4.85057 2.2
      vertex -2.35155 4.97194 0.599999
      vertex -2.59268 4.85057 0.599999
    endloop
  endfacet
  facet normal -0.266708 -0.963777 0
    outer loop
      vertex -1.59657 -5.26317 0.599999
      vertex -1.33639 -5.33517 2.2
      vertex -1.59657 -5.26317 2.2
    endloop
  endfacet
  facet normal -0.266708 -0.963777 -0
    outer loop
      vertex -1.33639 -5.33517 2.2
      vertex -1.59657 -5.26317 0.599999
      vertex -1.33639 -5.33517 0.599999
    endloop
  endfacet
  facet normal 0.492904 0.870084 -0
    outer loop
      vertex 2.82756 4.71751 0.599999
      vertex 2.59268 4.85057 2.2
      vertex 2.82756 4.71751 2.2
    endloop
  endfacet
  facet normal 0.492904 0.870084 0
    outer loop
      vertex 2.59268 4.85057 2.2
      vertex 2.82756 4.71751 0.599999
      vertex 2.59268 4.85057 0.599999
    endloop
  endfacet
  facet normal 0.615235 -0.788344 0
    outer loop
      vertex 3.27635 -4.41764 0.599999
      vertex 3.48916 -4.25156 2.2
      vertex 3.27635 -4.41764 2.2
    endloop
  endfacet
  facet normal 0.615235 -0.788344 0
    outer loop
      vertex 3.48916 -4.25156 2.2
      vertex 3.27635 -4.41764 0.599999
      vertex 3.48916 -4.25156 0.599999
    endloop
  endfacet
  facet normal -0.914202 -0.405258 0
    outer loop
      vertex -4.97194 -2.35155 0.599999
      vertex -5.08134 -2.10476 2.2
      vertex -5.08134 -2.10476 0.599999
    endloop
  endfacet
  facet normal -0.914202 -0.405258 0
    outer loop
      vertex -5.08134 -2.10476 2.2
      vertex -4.97194 -2.35155 0.599999
      vertex -4.97194 -2.35155 2.2
    endloop
  endfacet
  facet normal 0.0245598 0.999698 -0
    outer loop
      vertex 0.269872 5.49337 0.599999
      vertex 0 5.5 2.2
      vertex 0.269872 5.49337 2.2
    endloop
  endfacet
  facet normal 0.0245598 0.999698 0
    outer loop
      vertex 0 5.5 2.2
      vertex 0.269872 5.49337 0.599999
      vertex 0 5.5 0.599999
    endloop
  endfacet
  facet normal 0.914202 -0.405258 0
    outer loop
      vertex 4.97194 -2.35155 2.2
      vertex 5.08134 -2.10476 0.599999
      vertex 5.08134 -2.10476 2.2
    endloop
  endfacet
  facet normal 0.914202 -0.405258 0
    outer loop
      vertex 5.08134 -2.10476 0.599999
      vertex 4.97194 -2.35155 2.2
      vertex 4.97194 -2.35155 0.599999
    endloop
  endfacet
  facet normal -0.313693 -0.949525 0
    outer loop
      vertex -1.85289 -5.17849 0.599999
      vertex -1.59657 -5.26317 2.2
      vertex -1.85289 -5.17849 2.2
    endloop
  endfacet
  facet normal -0.313693 -0.949525 -0
    outer loop
      vertex -1.59657 -5.26317 2.2
      vertex -1.85289 -5.17849 0.599999
      vertex -1.59657 -5.26317 0.599999
    endloop
  endfacet
  facet normal -0.788344 0.615235 0
    outer loop
      vertex -4.41764 3.27635 0.599999
      vertex -4.25156 3.48916 2.2
      vertex -4.25156 3.48916 0.599999
    endloop
  endfacet
  facet normal -0.788344 0.615235 0
    outer loop
      vertex -4.25156 3.48916 2.2
      vertex -4.41764 3.27635 0.599999
      vertex -4.41764 3.27635 2.2
    endloop
  endfacet
  facet normal -0.975699 0.219115 0
    outer loop
      vertex -5.39432 1.073 0.599999
      vertex -5.33517 1.33639 2.2
      vertex -5.33517 1.33639 0.599999
    endloop
  endfacet
  facet normal -0.975699 0.219115 0
    outer loop
      vertex -5.33517 1.33639 2.2
      vertex -5.39432 1.073 0.599999
      vertex -5.39432 1.073 2.2
    endloop
  endfacet
  facet normal -0.997293 0.0735314 0
    outer loop
      vertex -5.49337 0.269872 0.599999
      vertex -5.47352 0.539094 2.2
      vertex -5.47352 0.539094 0.599999
    endloop
  endfacet
  facet normal -0.997293 0.0735314 0
    outer loop
      vertex -5.47352 0.539094 2.2
      vertex -5.49337 0.269872 0.599999
      vertex -5.49337 0.269872 2.2
    endloop
  endfacet
  facet normal -0.985279 0.170953 0
    outer loop
      vertex -5.44047 0.807017 0.599999
      vertex -5.39432 1.073 2.2
      vertex -5.39432 1.073 0.599999
    endloop
  endfacet
  facet normal -0.985279 0.170953 0
    outer loop
      vertex -5.39432 1.073 2.2
      vertex -5.44047 0.807017 0.599999
      vertex -5.44047 0.807017 2.2
    endloop
  endfacet
  facet normal -0.170953 -0.985279 0
    outer loop
      vertex -1.073 -5.39432 0.599999
      vertex -0.807017 -5.44047 2.2
      vertex -1.073 -5.39432 2.2
    endloop
  endfacet
  facet normal -0.170953 -0.985279 -0
    outer loop
      vertex -0.807017 -5.44047 2.2
      vertex -1.073 -5.39432 0.599999
      vertex -0.807017 -5.44047 0.599999
    endloop
  endfacet
  facet normal -0.266708 0.963777 0
    outer loop
      vertex -1.33639 5.33517 0.599999
      vertex -1.59657 5.26317 2.2
      vertex -1.33639 5.33517 2.2
    endloop
  endfacet
  facet normal -0.266708 0.963777 0
    outer loop
      vertex -1.59657 5.26317 2.2
      vertex -1.33639 5.33517 0.599999
      vertex -1.59657 5.26317 0.599999
    endloop
  endfacet
  facet normal -0.788344 -0.615235 0
    outer loop
      vertex -4.25156 -3.48916 0.599999
      vertex -4.41764 -3.27635 2.2
      vertex -4.41764 -3.27635 0.599999
    endloop
  endfacet
  facet normal -0.788344 -0.615235 0
    outer loop
      vertex -4.41764 -3.27635 2.2
      vertex -4.25156 -3.48916 0.599999
      vertex -4.25156 -3.48916 2.2
    endloop
  endfacet
  facet normal -0.914202 0.405258 0
    outer loop
      vertex -5.08134 2.10476 0.599999
      vertex -4.97194 2.35155 2.2
      vertex -4.97194 2.35155 0.599999
    endloop
  endfacet
  facet normal -0.914202 0.405258 0
    outer loop
      vertex -4.97194 2.35155 2.2
      vertex -5.08134 2.10476 0.599999
      vertex -5.08134 2.10476 2.2
    endloop
  endfacet
  facet normal 0.313693 0.949525 -0
    outer loop
      vertex 1.85289 5.17849 0.599999
      vertex 1.59657 5.26317 2.2
      vertex 1.85289 5.17849 2.2
    endloop
  endfacet
  facet normal 0.313693 0.949525 0
    outer loop
      vertex 1.59657 5.26317 2.2
      vertex 1.85289 5.17849 0.599999
      vertex 1.59657 5.26317 0.599999
    endloop
  endfacet
  facet normal 0.788344 0.615235 0
    outer loop
      vertex 4.41764 3.27635 2.2
      vertex 4.25156 3.48916 0.599999
      vertex 4.25156 3.48916 2.2
    endloop
  endfacet
  facet normal 0.788344 0.615235 0
    outer loop
      vertex 4.25156 3.48916 0.599999
      vertex 4.41764 3.27635 2.2
      vertex 4.41764 3.27635 0.599999
    endloop
  endfacet
  facet normal -0.963777 -0.266708 0
    outer loop
      vertex -5.26317 -1.59657 0.599999
      vertex -5.33517 -1.33639 2.2
      vertex -5.33517 -1.33639 0.599999
    endloop
  endfacet
  facet normal -0.963777 -0.266708 0
    outer loop
      vertex -5.33517 -1.33639 2.2
      vertex -5.26317 -1.59657 0.599999
      vertex -5.26317 -1.59657 2.2
    endloop
  endfacet
  facet normal 0.933001 -0.359873 0
    outer loop
      vertex 5.08134 -2.10476 2.2
      vertex 5.17849 -1.85289 0.599999
      vertex 5.17849 -1.85289 2.2
    endloop
  endfacet
  facet normal 0.933001 -0.359873 0
    outer loop
      vertex 5.17849 -1.85289 0.599999
      vertex 5.08134 -2.10476 2.2
      vertex 5.08134 -2.10476 0.599999
    endloop
  endfacet
  facet normal -0.870084 0.492904 0
    outer loop
      vertex -4.85057 2.59268 0.599999
      vertex -4.71751 2.82756 2.2
      vertex -4.71751 2.82756 0.599999
    endloop
  endfacet
  facet normal -0.870084 0.492904 0
    outer loop
      vertex -4.71751 2.82756 2.2
      vertex -4.85057 2.59268 0.599999
      vertex -4.85057 2.59268 2.2
    endloop
  endfacet
  facet normal -0.405258 0.914202 0
    outer loop
      vertex -2.10476 5.08134 0.599999
      vertex -2.35155 4.97194 2.2
      vertex -2.10476 5.08134 2.2
    endloop
  endfacet
  facet normal -0.405258 0.914202 0
    outer loop
      vertex -2.35155 4.97194 2.2
      vertex -2.10476 5.08134 0.599999
      vertex -2.35155 4.97194 0.599999
    endloop
  endfacet
  facet normal -0.575804 -0.817587 0
    outer loop
      vertex -3.27635 -4.41764 0.599999
      vertex -3.05564 -4.57308 2.2
      vertex -3.27635 -4.41764 2.2
    endloop
  endfacet
  facet normal -0.575804 -0.817587 -0
    outer loop
      vertex -3.05564 -4.57308 2.2
      vertex -3.27635 -4.41764 0.599999
      vertex -3.05564 -4.57308 0.599999
    endloop
  endfacet
  facet normal 0.997291 0.0735575 0
    outer loop
      vertex 5.76804 0.283365 0.599999
      vertex 5.74719 0.566049 0
      vertex 5.74719 0.566049 0.599999
    endloop
  endfacet
  facet normal 0.997291 0.0735575 0
    outer loop
      vertex 5.74719 0.566049 0
      vertex 5.76804 0.283365 0.599999
      vertex 5.76804 0.283365 0
    endloop
  endfacet
  facet normal 0.999698 0.0245546 0
    outer loop
      vertex 5.775 0 0.599999
      vertex 5.76804 0.283365 0
      vertex 5.76804 0.283365 0.599999
    endloop
  endfacet
  facet normal 0.999698 0.0245546 0
    outer loop
      vertex 5.76804 0.283365 0
      vertex 5.775 0 0.599999
      vertex 5.775 0 0
    endloop
  endfacet
  facet normal 0.992478 0.12242 0
    outer loop
      vertex 5.74719 0.566049 0.599999
      vertex 5.71249 0.847368 0
      vertex 5.71249 0.847368 0.599999
    endloop
  endfacet
  facet normal 0.992478 0.12242 0
    outer loop
      vertex 5.71249 0.847368 0
      vertex 5.74719 0.566049 0.599999
      vertex 5.74719 0.566049 0
    endloop
  endfacet
  facet normal -0.405228 0.914216 0
    outer loop
      vertex -2.21 5.3354 0
      vertex -2.46913 5.22054 0.599999
      vertex -2.21 5.3354 0.599999
    endloop
  endfacet
  facet normal -0.405228 0.914216 0
    outer loop
      vertex -2.46913 5.22054 0.599999
      vertex -2.21 5.3354 0
      vertex -2.46913 5.22054 0
    endloop
  endfacet
  facet normal -0.219089 0.975705 0
    outer loop
      vertex -1.12665 5.66403 0
      vertex -1.40321 5.60193 0.599999
      vertex -1.12665 5.66403 0.599999
    endloop
  endfacet
  facet normal -0.219089 0.975705 0
    outer loop
      vertex -1.40321 5.60193 0.599999
      vertex -1.12665 5.66403 0
      vertex -1.40321 5.60193 0
    endloop
  endfacet
  facet normal -0.0735575 -0.997291 0
    outer loop
      vertex -0.566049 -5.74719 0
      vertex -0.283365 -5.76804 0.599999
      vertex -0.566049 -5.74719 0.599999
    endloop
  endfacet
  facet normal -0.0735575 -0.997291 -0
    outer loop
      vertex -0.283365 -5.76804 0.599999
      vertex -0.566049 -5.74719 0
      vertex -0.283365 -5.76804 0
    endloop
  endfacet
  facet normal 0.219089 0.975705 -0
    outer loop
      vertex 1.40321 5.60193 0
      vertex 1.12665 5.66403 0.599999
      vertex 1.40321 5.60193 0.599999
    endloop
  endfacet
  facet normal 0.219089 0.975705 0
    outer loop
      vertex 1.12665 5.66403 0.599999
      vertex 1.40321 5.60193 0
      vertex 1.12665 5.66403 0
    endloop
  endfacet
  facet normal 0.313665 -0.949534 0
    outer loop
      vertex 1.67639 -5.52633 0
      vertex 1.94554 -5.43742 0.599999
      vertex 1.67639 -5.52633 0.599999
    endloop
  endfacet
  facet normal 0.313665 -0.949534 0
    outer loop
      vertex 1.94554 -5.43742 0.599999
      vertex 1.67639 -5.52633 0
      vertex 1.94554 -5.43742 0
    endloop
  endfacet
  facet normal 0.170962 -0.985278 0
    outer loop
      vertex 0.847368 -5.71249 0
      vertex 1.12665 -5.66403 0.599999
      vertex 0.847368 -5.71249 0.599999
    endloop
  endfacet
  facet normal 0.170962 -0.985278 0
    outer loop
      vertex 1.12665 -5.66403 0.599999
      vertex 0.847368 -5.71249 0
      vertex 1.12665 -5.66403 0
    endloop
  endfacet
  facet normal -0.0245546 0.999698 0
    outer loop
      vertex 0 5.775 0
      vertex -0.283365 5.76804 0.599999
      vertex 0 5.775 0.599999
    endloop
  endfacet
  facet normal -0.0245546 0.999698 0
    outer loop
      vertex -0.283365 5.76804 0.599999
      vertex 0 5.775 0
      vertex -0.283365 5.76804 0
    endloop
  endfacet
  facet normal -0.170962 -0.985278 0
    outer loop
      vertex -1.12665 -5.66403 0
      vertex -0.847368 -5.71249 0.599999
      vertex -1.12665 -5.66403 0.599999
    endloop
  endfacet
  facet normal -0.170962 -0.985278 -0
    outer loop
      vertex -0.847368 -5.71249 0.599999
      vertex -1.12665 -5.66403 0
      vertex -0.847368 -5.71249 0
    endloop
  endfacet
  facet normal 0.932985 0.359915 0
    outer loop
      vertex 5.43742 1.94554 0.599999
      vertex 5.3354 2.21 0
      vertex 5.3354 2.21 0.599999
    endloop
  endfacet
  facet normal 0.932985 0.359915 0
    outer loop
      vertex 5.3354 2.21 0
      vertex 5.43742 1.94554 0.599999
      vertex 5.43742 1.94554 0
    endloop
  endfacet
  facet normal -0.999698 0.0245546 0
    outer loop
      vertex -5.775 0 0
      vertex -5.76804 0.283365 0.599999
      vertex -5.76804 0.283365 0
    endloop
  endfacet
  facet normal -0.999698 0.0245546 0
    outer loop
      vertex -5.76804 0.283365 0.599999
      vertex -5.775 0 0
      vertex -5.775 0 0.599999
    endloop
  endfacet
  facet normal -0.914216 -0.405228 0
    outer loop
      vertex -5.22054 -2.46913 0
      vertex -5.3354 -2.21 0.599999
      vertex -5.3354 -2.21 0
    endloop
  endfacet
  facet normal -0.914216 -0.405228 0
    outer loop
      vertex -5.3354 -2.21 0.599999
      vertex -5.22054 -2.46913 0
      vertex -5.22054 -2.46913 0.599999
    endloop
  endfacet
  facet normal -0.12242 0.992478 0
    outer loop
      vertex -0.566049 5.74719 0
      vertex -0.847368 5.71249 0.599999
      vertex -0.566049 5.74719 0.599999
    endloop
  endfacet
  facet normal -0.12242 0.992478 0
    outer loop
      vertex -0.847368 5.71249 0.599999
      vertex -0.566049 5.74719 0
      vertex -0.847368 5.71249 0
    endloop
  endfacet
  facet normal 0.844868 -0.534975 0
    outer loop
      vertex 4.80174 -3.20842 0.599999
      vertex 4.95338 -2.96894 0
      vertex 4.95338 -2.96894 0.599999
    endloop
  endfacet
  facet normal 0.844868 -0.534975 0
    outer loop
      vertex 4.95338 -2.96894 0
      vertex 4.80174 -3.20842 0.599999
      vertex 4.80174 -3.20842 0
    endloop
  endfacet
  facet normal 0.0735575 0.997291 -0
    outer loop
      vertex 0.566049 5.74719 0
      vertex 0.283365 5.76804 0.599999
      vertex 0.566049 5.74719 0.599999
    endloop
  endfacet
  facet normal 0.0735575 0.997291 0
    outer loop
      vertex 0.283365 5.76804 0.599999
      vertex 0.566049 5.74719 0
      vertex 0.283365 5.76804 0
    endloop
  endfacet
  facet normal -0.313665 -0.949534 0
    outer loop
      vertex -1.94554 -5.43742 0
      vertex -1.67639 -5.52633 0.599999
      vertex -1.94554 -5.43742 0.599999
    endloop
  endfacet
  facet normal -0.313665 -0.949534 -0
    outer loop
      vertex -1.67639 -5.52633 0.599999
      vertex -1.94554 -5.43742 0
      vertex -1.67639 -5.52633 0
    endloop
  endfacet
  facet normal -0.932985 -0.359915 0
    outer loop
      vertex -5.3354 -2.21 0
      vertex -5.43742 -1.94554 0.599999
      vertex -5.43742 -1.94554 0
    endloop
  endfacet
  facet normal -0.932985 -0.359915 0
    outer loop
      vertex -5.43742 -1.94554 0.599999
      vertex -5.3354 -2.21 0
      vertex -5.3354 -2.21 0.599999
    endloop
  endfacet
  facet normal -0.359915 0.932985 0
    outer loop
      vertex -1.94554 5.43742 0
      vertex -2.21 5.3354 0.599999
      vertex -1.94554 5.43742 0.599999
    endloop
  endfacet
  facet normal -0.359915 0.932985 0
    outer loop
      vertex -2.21 5.3354 0.599999
      vertex -1.94554 5.43742 0
      vertex -2.21 5.3354 0
    endloop
  endfacet
  facet normal 0.653191 0.757193 -0
    outer loop
      vertex 3.87825 4.27899 0
      vertex 3.66362 4.46414 0.599999
      vertex 3.87825 4.27899 0.599999
    endloop
  endfacet
  facet normal 0.653191 0.757193 0
    outer loop
      vertex 3.66362 4.46414 0.599999
      vertex 3.87825 4.27899 0
      vertex 3.66362 4.46414 0
    endloop
  endfacet
  facet normal 0.870085 0.492902 0
    outer loop
      vertex 5.09309 2.72232 0.599999
      vertex 4.95338 2.96894 0
      vertex 4.95338 2.96894 0.599999
    endloop
  endfacet
  facet normal 0.870085 0.492902 0
    outer loop
      vertex 4.95338 2.96894 0
      vertex 5.09309 2.72232 0.599999
      vertex 5.09309 2.72232 0
    endloop
  endfacet
  facet normal 0.449625 0.893217 -0
    outer loop
      vertex 2.72232 5.09309 0
      vertex 2.46913 5.22054 0.599999
      vertex 2.72232 5.09309 0.599999
    endloop
  endfacet
  facet normal 0.449625 0.893217 0
    outer loop
      vertex 2.46913 5.22054 0.599999
      vertex 2.72232 5.09309 0
      vertex 2.46913 5.22054 0
    endloop
  endfacet
  facet normal 0.689536 0.724251 -0
    outer loop
      vertex 4.08354 4.08354 0
      vertex 3.87825 4.27899 0.599999
      vertex 4.08354 4.08354 0.599999
    endloop
  endfacet
  facet normal 0.689536 0.724251 0
    outer loop
      vertex 3.87825 4.27899 0.599999
      vertex 4.08354 4.08354 0
      vertex 3.87825 4.27899 0
    endloop
  endfacet
  facet normal -0.757193 0.653191 0
    outer loop
      vertex -4.46414 3.66362 0
      vertex -4.27899 3.87825 0.599999
      vertex -4.27899 3.87825 0
    endloop
  endfacet
  facet normal -0.757193 0.653191 0
    outer loop
      vertex -4.27899 3.87825 0.599999
      vertex -4.46414 3.66362 0
      vertex -4.46414 3.66362 0.599999
    endloop
  endfacet
  facet normal 0.932985 -0.359915 0
    outer loop
      vertex 5.3354 -2.21 0.599999
      vertex 5.43742 -1.94554 0
      vertex 5.43742 -1.94554 0.599999
    endloop
  endfacet
  facet normal 0.932985 -0.359915 0
    outer loop
      vertex 5.43742 -1.94554 0
      vertex 5.3354 -2.21 0.599999
      vertex 5.3354 -2.21 0
    endloop
  endfacet
  facet normal -0.788363 0.61521 0
    outer loop
      vertex -4.63852 3.44016 0
      vertex -4.46414 3.66362 0.599999
      vertex -4.46414 3.66362 0
    endloop
  endfacet
  facet normal -0.788363 0.61521 0
    outer loop
      vertex -4.46414 3.66362 0.599999
      vertex -4.63852 3.44016 0
      vertex -4.63852 3.44016 0.599999
    endloop
  endfacet
  facet normal 0.757193 -0.653191 0
    outer loop
      vertex 4.27899 -3.87825 0.599999
      vertex 4.46414 -3.66362 0
      vertex 4.46414 -3.66362 0.599999
    endloop
  endfacet
  facet normal 0.757193 -0.653191 0
    outer loop
      vertex 4.46414 -3.66362 0
      vertex 4.27899 -3.87825 0.599999
      vertex 4.27899 -3.87825 0
    endloop
  endfacet
  facet normal 0.0735575 -0.997291 0
    outer loop
      vertex 0.283365 -5.76804 0
      vertex 0.566049 -5.74719 0.599999
      vertex 0.283365 -5.76804 0.599999
    endloop
  endfacet
  facet normal 0.0735575 -0.997291 0
    outer loop
      vertex 0.566049 -5.74719 0.599999
      vertex 0.283365 -5.76804 0
      vertex 0.566049 -5.74719 0
    endloop
  endfacet
  facet normal -0.757193 -0.653191 0
    outer loop
      vertex -4.27899 -3.87825 0
      vertex -4.46414 -3.66362 0.599999
      vertex -4.46414 -3.66362 0
    endloop
  endfacet
  facet normal -0.757193 -0.653191 0
    outer loop
      vertex -4.46414 -3.66362 0.599999
      vertex -4.27899 -3.87825 0
      vertex -4.27899 -3.87825 0.599999
    endloop
  endfacet
  facet normal 0.975705 0.219089 0
    outer loop
      vertex 5.66403 1.12665 0.599999
      vertex 5.60193 1.40321 0
      vertex 5.60193 1.40321 0.599999
    endloop
  endfacet
  facet normal 0.975705 0.219089 0
    outer loop
      vertex 5.60193 1.40321 0
      vertex 5.66403 1.12665 0.599999
      vertex 5.66403 1.12665 0
    endloop
  endfacet
  facet normal -0.975705 0.219089 0
    outer loop
      vertex -5.66403 1.12665 0
      vertex -5.60193 1.40321 0.599999
      vertex -5.60193 1.40321 0
    endloop
  endfacet
  facet normal -0.975705 0.219089 0
    outer loop
      vertex -5.60193 1.40321 0.599999
      vertex -5.66403 1.12665 0
      vertex -5.66403 1.12665 0.599999
    endloop
  endfacet
  facet normal 0.949534 0.313665 0
    outer loop
      vertex 5.52633 1.67639 0.599999
      vertex 5.43742 1.94554 0
      vertex 5.43742 1.94554 0.599999
    endloop
  endfacet
  facet normal 0.949534 0.313665 0
    outer loop
      vertex 5.43742 1.94554 0
      vertex 5.52633 1.67639 0.599999
      vertex 5.52633 1.67639 0
    endloop
  endfacet
  facet normal 0.844868 0.534975 0
    outer loop
      vertex 4.95338 2.96894 0.599999
      vertex 4.80174 3.20842 0
      vertex 4.80174 3.20842 0.599999
    endloop
  endfacet
  facet normal 0.844868 0.534975 0
    outer loop
      vertex 4.80174 3.20842 0
      vertex 4.95338 2.96894 0.599999
      vertex 4.95338 2.96894 0
    endloop
  endfacet
  facet normal -0.61521 0.788363 0
    outer loop
      vertex -3.44016 4.63852 0
      vertex -3.66362 4.46414 0.599999
      vertex -3.44016 4.63852 0.599999
    endloop
  endfacet
  facet normal -0.61521 0.788363 0
    outer loop
      vertex -3.66362 4.46414 0.599999
      vertex -3.44016 4.63852 0
      vertex -3.66362 4.46414 0
    endloop
  endfacet
  facet normal 0.893217 -0.449625 0
    outer loop
      vertex 5.09309 -2.72232 0.599999
      vertex 5.22054 -2.46913 0
      vertex 5.22054 -2.46913 0.599999
    endloop
  endfacet
  facet normal 0.893217 -0.449625 0
    outer loop
      vertex 5.22054 -2.46913 0
      vertex 5.09309 -2.72232 0.599999
      vertex 5.09309 -2.72232 0
    endloop
  endfacet
  facet normal 0.788363 0.61521 0
    outer loop
      vertex 4.63852 3.44016 0.599999
      vertex 4.46414 3.66362 0
      vertex 4.46414 3.66362 0.599999
    endloop
  endfacet
  facet normal 0.788363 0.61521 0
    outer loop
      vertex 4.46414 3.66362 0
      vertex 4.63852 3.44016 0.599999
      vertex 4.63852 3.44016 0
    endloop
  endfacet
  facet normal 0.492902 -0.870085 0
    outer loop
      vertex 2.72232 -5.09309 0
      vertex 2.96894 -4.95338 0.599999
      vertex 2.72232 -5.09309 0.599999
    endloop
  endfacet
  facet normal 0.492902 -0.870085 0
    outer loop
      vertex 2.96894 -4.95338 0.599999
      vertex 2.72232 -5.09309 0
      vertex 2.96894 -4.95338 0
    endloop
  endfacet
  facet normal -0.817568 -0.575832 0
    outer loop
      vertex -4.63852 -3.44016 0
      vertex -4.80174 -3.20842 0.599999
      vertex -4.80174 -3.20842 0
    endloop
  endfacet
  facet normal -0.817568 -0.575832 0
    outer loop
      vertex -4.80174 -3.20842 0.599999
      vertex -4.63852 -3.44016 0
      vertex -4.63852 -3.44016 0.599999
    endloop
  endfacet
  facet normal 0.999698 -0.0245546 0
    outer loop
      vertex 5.76804 -0.283365 0.599999
      vertex 5.775 0 0
      vertex 5.775 0 0.599999
    endloop
  endfacet
  facet normal 0.999698 -0.0245546 0
    outer loop
      vertex 5.775 0 0
      vertex 5.76804 -0.283365 0.599999
      vertex 5.76804 -0.283365 0
    endloop
  endfacet
  facet normal 0.997291 -0.0735575 0
    outer loop
      vertex 5.74719 -0.566049 0.599999
      vertex 5.76804 -0.283365 0
      vertex 5.76804 -0.283365 0.599999
    endloop
  endfacet
  facet normal 0.997291 -0.0735575 0
    outer loop
      vertex 5.76804 -0.283365 0
      vertex 5.74719 -0.566049 0.599999
      vertex 5.74719 -0.566049 0
    endloop
  endfacet
  facet normal -0.844868 -0.534975 0
    outer loop
      vertex -4.80174 -3.20842 0
      vertex -4.95338 -2.96894 0.599999
      vertex -4.95338 -2.96894 0
    endloop
  endfacet
  facet normal -0.844868 -0.534975 0
    outer loop
      vertex -4.95338 -2.96894 0.599999
      vertex -4.80174 -3.20842 0
      vertex -4.80174 -3.20842 0.599999
    endloop
  endfacet
  facet normal -0.575832 0.817568 0
    outer loop
      vertex -3.20842 4.80174 0
      vertex -3.44016 4.63852 0.599999
      vertex -3.20842 4.80174 0.599999
    endloop
  endfacet
  facet normal -0.575832 0.817568 0
    outer loop
      vertex -3.44016 4.63852 0.599999
      vertex -3.20842 4.80174 0
      vertex -3.44016 4.63852 0
    endloop
  endfacet
  facet normal 0.359915 0.932985 -0
    outer loop
      vertex 2.21 5.3354 0
      vertex 1.94554 5.43742 0.599999
      vertex 2.21 5.3354 0.599999
    endloop
  endfacet
  facet normal 0.359915 0.932985 0
    outer loop
      vertex 1.94554 5.43742 0.599999
      vertex 2.21 5.3354 0
      vertex 1.94554 5.43742 0
    endloop
  endfacet
  facet normal -0.170962 0.985278 0
    outer loop
      vertex -0.847368 5.71249 0
      vertex -1.12665 5.66403 0.599999
      vertex -0.847368 5.71249 0.599999
    endloop
  endfacet
  facet normal -0.170962 0.985278 0
    outer loop
      vertex -1.12665 5.66403 0.599999
      vertex -0.847368 5.71249 0
      vertex -1.12665 5.66403 0
    endloop
  endfacet
  facet normal 0.492902 0.870085 -0
    outer loop
      vertex 2.96894 4.95338 0
      vertex 2.72232 5.09309 0.599999
      vertex 2.96894 4.95338 0.599999
    endloop
  endfacet
  facet normal 0.492902 0.870085 0
    outer loop
      vertex 2.72232 5.09309 0.599999
      vertex 2.96894 4.95338 0
      vertex 2.72232 5.09309 0
    endloop
  endfacet
  facet normal -0.0245546 -0.999698 0
    outer loop
      vertex -0.283365 -5.76804 0
      vertex 0 -5.775 0.599999
      vertex -0.283365 -5.76804 0.599999
    endloop
  endfacet
  facet normal -0.0245546 -0.999698 -0
    outer loop
      vertex 0 -5.775 0.599999
      vertex -0.283365 -5.76804 0
      vertex 0 -5.775 0
    endloop
  endfacet
  facet normal 0.724251 0.689536 0
    outer loop
      vertex 4.27899 3.87825 0.599999
      vertex 4.08354 4.08354 0
      vertex 4.08354 4.08354 0.599999
    endloop
  endfacet
  facet normal 0.724251 0.689536 0
    outer loop
      vertex 4.08354 4.08354 0
      vertex 4.27899 3.87825 0.599999
      vertex 4.27899 3.87825 0
    endloop
  endfacet
  facet normal -0.844868 0.534975 0
    outer loop
      vertex -4.95338 2.96894 0
      vertex -4.80174 3.20842 0.599999
      vertex -4.80174 3.20842 0
    endloop
  endfacet
  facet normal -0.844868 0.534975 0
    outer loop
      vertex -4.80174 3.20842 0.599999
      vertex -4.95338 2.96894 0
      vertex -4.95338 2.96894 0.599999
    endloop
  endfacet
  facet normal -0.266716 -0.963775 0
    outer loop
      vertex -1.67639 -5.52633 0
      vertex -1.40321 -5.60193 0.599999
      vertex -1.67639 -5.52633 0.599999
    endloop
  endfacet
  facet normal -0.266716 -0.963775 -0
    outer loop
      vertex -1.40321 -5.60193 0.599999
      vertex -1.67639 -5.52633 0
      vertex -1.40321 -5.60193 0
    endloop
  endfacet
  facet normal -0.689536 -0.724251 0
    outer loop
      vertex -4.08354 -4.08354 0
      vertex -3.87825 -4.27899 0.599999
      vertex -4.08354 -4.08354 0.599999
    endloop
  endfacet
  facet normal -0.689536 -0.724251 -0
    outer loop
      vertex -3.87825 -4.27899 0.599999
      vertex -4.08354 -4.08354 0
      vertex -3.87825 -4.27899 0
    endloop
  endfacet
  facet normal 0.266716 -0.963775 0
    outer loop
      vertex 1.40321 -5.60193 0
      vertex 1.67639 -5.52633 0.599999
      vertex 1.40321 -5.60193 0.599999
    endloop
  endfacet
  facet normal 0.266716 -0.963775 0
    outer loop
      vertex 1.67639 -5.52633 0.599999
      vertex 1.40321 -5.60193 0
      vertex 1.67639 -5.52633 0
    endloop
  endfacet
  facet normal 0.975705 -0.219089 0
    outer loop
      vertex 5.60193 -1.40321 0.599999
      vertex 5.66403 -1.12665 0
      vertex 5.66403 -1.12665 0.599999
    endloop
  endfacet
  facet normal 0.975705 -0.219089 0
    outer loop
      vertex 5.66403 -1.12665 0
      vertex 5.60193 -1.40321 0.599999
      vertex 5.60193 -1.40321 0
    endloop
  endfacet
  facet normal 0.61521 0.788363 -0
    outer loop
      vertex 3.66362 4.46414 0
      vertex 3.44016 4.63852 0.599999
      vertex 3.66362 4.46414 0.599999
    endloop
  endfacet
  facet normal 0.61521 0.788363 0
    outer loop
      vertex 3.44016 4.63852 0.599999
      vertex 3.66362 4.46414 0
      vertex 3.44016 4.63852 0
    endloop
  endfacet
  facet normal -0.985278 -0.170962 0
    outer loop
      vertex -5.66403 -1.12665 0
      vertex -5.71249 -0.847368 0.599999
      vertex -5.71249 -0.847368 0
    endloop
  endfacet
  facet normal -0.985278 -0.170962 0
    outer loop
      vertex -5.71249 -0.847368 0.599999
      vertex -5.66403 -1.12665 0
      vertex -5.66403 -1.12665 0.599999
    endloop
  endfacet
  facet normal 0.266716 0.963775 -0
    outer loop
      vertex 1.67639 5.52633 0
      vertex 1.40321 5.60193 0.599999
      vertex 1.67639 5.52633 0.599999
    endloop
  endfacet
  facet normal 0.266716 0.963775 0
    outer loop
      vertex 1.40321 5.60193 0.599999
      vertex 1.67639 5.52633 0
      vertex 1.40321 5.60193 0
    endloop
  endfacet
  facet normal 0.985278 -0.170962 0
    outer loop
      vertex 5.66403 -1.12665 0.599999
      vertex 5.71249 -0.847368 0
      vertex 5.71249 -0.847368 0.599999
    endloop
  endfacet
  facet normal 0.985278 -0.170962 0
    outer loop
      vertex 5.71249 -0.847368 0
      vertex 5.66403 -1.12665 0.599999
      vertex 5.66403 -1.12665 0
    endloop
  endfacet
  facet normal -0.817568 0.575832 0
    outer loop
      vertex -4.80174 3.20842 0
      vertex -4.63852 3.44016 0.599999
      vertex -4.63852 3.44016 0
    endloop
  endfacet
  facet normal -0.817568 0.575832 0
    outer loop
      vertex -4.63852 3.44016 0.599999
      vertex -4.80174 3.20842 0
      vertex -4.80174 3.20842 0.599999
    endloop
  endfacet
  facet normal 0.963775 -0.266716 0
    outer loop
      vertex 5.52633 -1.67639 0.599999
      vertex 5.60193 -1.40321 0
      vertex 5.60193 -1.40321 0.599999
    endloop
  endfacet
  facet normal 0.963775 -0.266716 0
    outer loop
      vertex 5.60193 -1.40321 0
      vertex 5.52633 -1.67639 0.599999
      vertex 5.52633 -1.67639 0
    endloop
  endfacet
  facet normal -0.534975 0.844868 0
    outer loop
      vertex -2.96894 4.95338 0
      vertex -3.20842 4.80174 0.599999
      vertex -2.96894 4.95338 0.599999
    endloop
  endfacet
  facet normal -0.534975 0.844868 0
    outer loop
      vertex -3.20842 4.80174 0.599999
      vertex -2.96894 4.95338 0
      vertex -3.20842 4.80174 0
    endloop
  endfacet
  facet normal 0.817568 0.575832 0
    outer loop
      vertex 4.80174 3.20842 0.599999
      vertex 4.63852 3.44016 0
      vertex 4.63852 3.44016 0.599999
    endloop
  endfacet
  facet normal 0.817568 0.575832 0
    outer loop
      vertex 4.63852 3.44016 0
      vertex 4.80174 3.20842 0.599999
      vertex 4.80174 3.20842 0
    endloop
  endfacet
  facet normal -0.893217 -0.449625 0
    outer loop
      vertex -5.09309 -2.72232 0
      vertex -5.22054 -2.46913 0.599999
      vertex -5.22054 -2.46913 0
    endloop
  endfacet
  facet normal -0.893217 -0.449625 0
    outer loop
      vertex -5.22054 -2.46913 0.599999
      vertex -5.09309 -2.72232 0
      vertex -5.09309 -2.72232 0.599999
    endloop
  endfacet
  facet normal -0.653191 -0.757193 0
    outer loop
      vertex -3.87825 -4.27899 0
      vertex -3.66362 -4.46414 0.599999
      vertex -3.87825 -4.27899 0.599999
    endloop
  endfacet
  facet normal -0.653191 -0.757193 -0
    outer loop
      vertex -3.66362 -4.46414 0.599999
      vertex -3.87825 -4.27899 0
      vertex -3.66362 -4.46414 0
    endloop
  endfacet
  facet normal 0.949534 -0.313665 0
    outer loop
      vertex 5.43742 -1.94554 0.599999
      vertex 5.52633 -1.67639 0
      vertex 5.52633 -1.67639 0.599999
    endloop
  endfacet
  facet normal 0.949534 -0.313665 0
    outer loop
      vertex 5.52633 -1.67639 0
      vertex 5.43742 -1.94554 0.599999
      vertex 5.43742 -1.94554 0
    endloop
  endfacet
  facet normal 0.405228 -0.914216 0
    outer loop
      vertex 2.21 -5.3354 0
      vertex 2.46913 -5.22054 0.599999
      vertex 2.21 -5.3354 0.599999
    endloop
  endfacet
  facet normal 0.405228 -0.914216 0
    outer loop
      vertex 2.46913 -5.22054 0.599999
      vertex 2.21 -5.3354 0
      vertex 2.46913 -5.22054 0
    endloop
  endfacet
  facet normal -0.219089 -0.975705 0
    outer loop
      vertex -1.40321 -5.60193 0
      vertex -1.12665 -5.66403 0.599999
      vertex -1.40321 -5.60193 0.599999
    endloop
  endfacet
  facet normal -0.219089 -0.975705 -0
    outer loop
      vertex -1.12665 -5.66403 0.599999
      vertex -1.40321 -5.60193 0
      vertex -1.12665 -5.66403 0
    endloop
  endfacet
  facet normal -0.997291 0.0735575 0
    outer loop
      vertex -5.76804 0.283365 0
      vertex -5.74719 0.566049 0.599999
      vertex -5.74719 0.566049 0
    endloop
  endfacet
  facet normal -0.997291 0.0735575 0
    outer loop
      vertex -5.74719 0.566049 0.599999
      vertex -5.76804 0.283365 0
      vertex -5.76804 0.283365 0.599999
    endloop
  endfacet
  facet normal -0.653191 0.757193 0
    outer loop
      vertex -3.66362 4.46414 0
      vertex -3.87825 4.27899 0.599999
      vertex -3.66362 4.46414 0.599999
    endloop
  endfacet
  facet normal -0.653191 0.757193 0
    outer loop
      vertex -3.87825 4.27899 0.599999
      vertex -3.66362 4.46414 0
      vertex -3.87825 4.27899 0
    endloop
  endfacet
  facet normal 0.405228 0.914216 -0
    outer loop
      vertex 2.46913 5.22054 0
      vertex 2.21 5.3354 0.599999
      vertex 2.46913 5.22054 0.599999
    endloop
  endfacet
  facet normal 0.405228 0.914216 0
    outer loop
      vertex 2.21 5.3354 0.599999
      vertex 2.46913 5.22054 0
      vertex 2.21 5.3354 0
    endloop
  endfacet
  facet normal -0.992478 0.12242 0
    outer loop
      vertex -5.74719 0.566049 0
      vertex -5.71249 0.847368 0.599999
      vertex -5.71249 0.847368 0
    endloop
  endfacet
  facet normal -0.992478 0.12242 0
    outer loop
      vertex -5.71249 0.847368 0.599999
      vertex -5.74719 0.566049 0
      vertex -5.74719 0.566049 0.599999
    endloop
  endfacet
  facet normal -0.492902 0.870085 0
    outer loop
      vertex -2.72232 5.09309 0
      vertex -2.96894 4.95338 0.599999
      vertex -2.72232 5.09309 0.599999
    endloop
  endfacet
  facet normal -0.492902 0.870085 0
    outer loop
      vertex -2.96894 4.95338 0.599999
      vertex -2.72232 5.09309 0
      vertex -2.96894 4.95338 0
    endloop
  endfacet
  facet normal 0.893217 0.449625 0
    outer loop
      vertex 5.22054 2.46913 0.599999
      vertex 5.09309 2.72232 0
      vertex 5.09309 2.72232 0.599999
    endloop
  endfacet
  facet normal 0.893217 0.449625 0
    outer loop
      vertex 5.09309 2.72232 0
      vertex 5.22054 2.46913 0.599999
      vertex 5.22054 2.46913 0
    endloop
  endfacet
  facet normal -0.997291 -0.0735575 0
    outer loop
      vertex -5.74719 -0.566049 0
      vertex -5.76804 -0.283365 0.599999
      vertex -5.76804 -0.283365 0
    endloop
  endfacet
  facet normal -0.997291 -0.0735575 0
    outer loop
      vertex -5.76804 -0.283365 0.599999
      vertex -5.74719 -0.566049 0
      vertex -5.74719 -0.566049 0.599999
    endloop
  endfacet
  facet normal 0.788363 -0.61521 0
    outer loop
      vertex 4.46414 -3.66362 0.599999
      vertex 4.63852 -3.44016 0
      vertex 4.63852 -3.44016 0.599999
    endloop
  endfacet
  facet normal 0.788363 -0.61521 0
    outer loop
      vertex 4.63852 -3.44016 0
      vertex 4.46414 -3.66362 0.599999
      vertex 4.46414 -3.66362 0
    endloop
  endfacet
  facet normal 0.985278 0.170962 0
    outer loop
      vertex 5.71249 0.847368 0.599999
      vertex 5.66403 1.12665 0
      vertex 5.66403 1.12665 0.599999
    endloop
  endfacet
  facet normal 0.985278 0.170962 0
    outer loop
      vertex 5.66403 1.12665 0
      vertex 5.71249 0.847368 0.599999
      vertex 5.71249 0.847368 0
    endloop
  endfacet
  facet normal 0.963775 0.266716 0
    outer loop
      vertex 5.60193 1.40321 0.599999
      vertex 5.52633 1.67639 0
      vertex 5.52633 1.67639 0.599999
    endloop
  endfacet
  facet normal 0.963775 0.266716 0
    outer loop
      vertex 5.52633 1.67639 0
      vertex 5.60193 1.40321 0.599999
      vertex 5.60193 1.40321 0
    endloop
  endfacet
  facet normal -0.992478 -0.12242 0
    outer loop
      vertex -5.71249 -0.847368 0
      vertex -5.74719 -0.566049 0.599999
      vertex -5.74719 -0.566049 0
    endloop
  endfacet
  facet normal -0.992478 -0.12242 0
    outer loop
      vertex -5.74719 -0.566049 0.599999
      vertex -5.71249 -0.847368 0
      vertex -5.71249 -0.847368 0.599999
    endloop
  endfacet
  facet normal 0.575832 0.817568 -0
    outer loop
      vertex 3.44016 4.63852 0
      vertex 3.20842 4.80174 0.599999
      vertex 3.44016 4.63852 0.599999
    endloop
  endfacet
  facet normal 0.575832 0.817568 0
    outer loop
      vertex 3.20842 4.80174 0.599999
      vertex 3.44016 4.63852 0
      vertex 3.20842 4.80174 0
    endloop
  endfacet
  facet normal 0.534975 0.844868 -0
    outer loop
      vertex 3.20842 4.80174 0
      vertex 2.96894 4.95338 0.599999
      vertex 3.20842 4.80174 0.599999
    endloop
  endfacet
  facet normal 0.534975 0.844868 0
    outer loop
      vertex 2.96894 4.95338 0.599999
      vertex 3.20842 4.80174 0
      vertex 2.96894 4.95338 0
    endloop
  endfacet
  facet normal 0.914216 0.405228 0
    outer loop
      vertex 5.3354 2.21 0.599999
      vertex 5.22054 2.46913 0
      vertex 5.22054 2.46913 0.599999
    endloop
  endfacet
  facet normal 0.914216 0.405228 0
    outer loop
      vertex 5.22054 2.46913 0
      vertex 5.3354 2.21 0.599999
      vertex 5.3354 2.21 0
    endloop
  endfacet
  facet normal 0.992478 -0.12242 0
    outer loop
      vertex 5.71249 -0.847368 0.599999
      vertex 5.74719 -0.566049 0
      vertex 5.74719 -0.566049 0.599999
    endloop
  endfacet
  facet normal 0.992478 -0.12242 0
    outer loop
      vertex 5.74719 -0.566049 0
      vertex 5.71249 -0.847368 0.599999
      vertex 5.71249 -0.847368 0
    endloop
  endfacet
  facet normal 0.724251 -0.689536 0
    outer loop
      vertex 4.08354 -4.08354 0.599999
      vertex 4.27899 -3.87825 0
      vertex 4.27899 -3.87825 0.599999
    endloop
  endfacet
  facet normal 0.724251 -0.689536 0
    outer loop
      vertex 4.27899 -3.87825 0
      vertex 4.08354 -4.08354 0.599999
      vertex 4.08354 -4.08354 0
    endloop
  endfacet
  facet normal 0.914216 -0.405228 0
    outer loop
      vertex 5.22054 -2.46913 0.599999
      vertex 5.3354 -2.21 0
      vertex 5.3354 -2.21 0.599999
    endloop
  endfacet
  facet normal 0.914216 -0.405228 0
    outer loop
      vertex 5.3354 -2.21 0
      vertex 5.22054 -2.46913 0.599999
      vertex 5.22054 -2.46913 0
    endloop
  endfacet
  facet normal -0.0735575 0.997291 0
    outer loop
      vertex -0.283365 5.76804 0
      vertex -0.566049 5.74719 0.599999
      vertex -0.283365 5.76804 0.599999
    endloop
  endfacet
  facet normal -0.0735575 0.997291 0
    outer loop
      vertex -0.566049 5.74719 0.599999
      vertex -0.283365 5.76804 0
      vertex -0.566049 5.74719 0
    endloop
  endfacet
  facet normal 0.12242 0.992478 -0
    outer loop
      vertex 0.847368 5.71249 0
      vertex 0.566049 5.74719 0.599999
      vertex 0.847368 5.71249 0.599999
    endloop
  endfacet
  facet normal 0.12242 0.992478 0
    outer loop
      vertex 0.566049 5.74719 0.599999
      vertex 0.847368 5.71249 0
      vertex 0.566049 5.74719 0
    endloop
  endfacet
  facet normal -0.689536 0.724251 0
    outer loop
      vertex -3.87825 4.27899 0
      vertex -4.08354 4.08354 0.599999
      vertex -3.87825 4.27899 0.599999
    endloop
  endfacet
  facet normal -0.689536 0.724251 0
    outer loop
      vertex -4.08354 4.08354 0.599999
      vertex -3.87825 4.27899 0
      vertex -4.08354 4.08354 0
    endloop
  endfacet
  facet normal -0.359915 -0.932985 0
    outer loop
      vertex -2.21 -5.3354 0
      vertex -1.94554 -5.43742 0.599999
      vertex -2.21 -5.3354 0.599999
    endloop
  endfacet
  facet normal -0.359915 -0.932985 -0
    outer loop
      vertex -1.94554 -5.43742 0.599999
      vertex -2.21 -5.3354 0
      vertex -1.94554 -5.43742 0
    endloop
  endfacet
  facet normal 0.757193 0.653191 0
    outer loop
      vertex 4.46414 3.66362 0.599999
      vertex 4.27899 3.87825 0
      vertex 4.27899 3.87825 0.599999
    endloop
  endfacet
  facet normal 0.757193 0.653191 0
    outer loop
      vertex 4.27899 3.87825 0
      vertex 4.46414 3.66362 0.599999
      vertex 4.46414 3.66362 0
    endloop
  endfacet
  facet normal -0.870085 -0.492902 0
    outer loop
      vertex -4.95338 -2.96894 0
      vertex -5.09309 -2.72232 0.599999
      vertex -5.09309 -2.72232 0
    endloop
  endfacet
  facet normal -0.870085 -0.492902 0
    outer loop
      vertex -5.09309 -2.72232 0.599999
      vertex -4.95338 -2.96894 0
      vertex -4.95338 -2.96894 0.599999
    endloop
  endfacet
  facet normal -0.724251 0.689536 0
    outer loop
      vertex -4.27899 3.87825 0
      vertex -4.08354 4.08354 0.599999
      vertex -4.08354 4.08354 0
    endloop
  endfacet
  facet normal -0.724251 0.689536 0
    outer loop
      vertex -4.08354 4.08354 0.599999
      vertex -4.27899 3.87825 0
      vertex -4.27899 3.87825 0.599999
    endloop
  endfacet
  facet normal -0.999698 -0.0245546 0
    outer loop
      vertex -5.76804 -0.283365 0
      vertex -5.775 0 0.599999
      vertex -5.775 0 0
    endloop
  endfacet
  facet normal -0.999698 -0.0245546 0
    outer loop
      vertex -5.775 0 0.599999
      vertex -5.76804 -0.283365 0
      vertex -5.76804 -0.283365 0.599999
    endloop
  endfacet
  facet normal -0.949534 0.313665 0
    outer loop
      vertex -5.52633 1.67639 0
      vertex -5.43742 1.94554 0.599999
      vertex -5.43742 1.94554 0
    endloop
  endfacet
  facet normal -0.949534 0.313665 0
    outer loop
      vertex -5.43742 1.94554 0.599999
      vertex -5.52633 1.67639 0
      vertex -5.52633 1.67639 0.599999
    endloop
  endfacet
  facet normal 0.12242 -0.992478 0
    outer loop
      vertex 0.566049 -5.74719 0
      vertex 0.847368 -5.71249 0.599999
      vertex 0.566049 -5.74719 0.599999
    endloop
  endfacet
  facet normal 0.12242 -0.992478 0
    outer loop
      vertex 0.847368 -5.71249 0.599999
      vertex 0.566049 -5.74719 0
      vertex 0.847368 -5.71249 0
    endloop
  endfacet
  facet normal 0 0 1
    outer loop
      vertex 5.5 0 0.599999
      vertex 5.775 0 0.599999
      vertex 5.76804 0.283365 0.599999
    endloop
  endfacet
  facet normal 0 0 1
    outer loop
      vertex 5.49337 0.269872 0.599999
      vertex 5.76804 0.283365 0.599999
      vertex 5.74719 0.566049 0.599999
    endloop
  endfacet
  facet normal 0 0 1
    outer loop
      vertex 5.775 0 0.599999
      vertex 5.5 0 0.599999
      vertex 5.76804 -0.283365 0.599999
    endloop
  endfacet
  facet normal 0 0 1
    outer loop
      vertex 5.47352 0.539094 0.599999
      vertex 5.74719 0.566049 0.599999
      vertex 5.71249 0.847368 0.599999
    endloop
  endfacet
  facet normal -0 0 1
    outer loop
      vertex 5.49337 -0.269872 0.599999
      vertex 5.76804 -0.283365 0.599999
      vertex 5.5 0 0.599999
    endloop
  endfacet
  facet normal 0 0 1
    outer loop
      vertex 5.44047 0.807017 0.599999
      vertex 5.71249 0.847368 0.599999
      vertex 5.66403 1.12665 0.599999
    endloop
  endfacet
  facet normal 0 0 1
    outer loop
      vertex 5.76804 -0.283365 0.599999
      vertex 5.49337 -0.269872 0.599999
      vertex 5.74719 -0.566049 0.599999
    endloop
  endfacet
  facet normal 0 0 1
    outer loop
      vertex 5.39432 1.073 0.599999
      vertex 5.66403 1.12665 0.599999
      vertex 5.60193 1.40321 0.599999
    endloop
  endfacet
  facet normal -0 0 1
    outer loop
      vertex 5.47352 -0.539094 0.599999
      vertex 5.74719 -0.566049 0.599999
      vertex 5.49337 -0.269872 0.599999
    endloop
  endfacet
  facet normal 0 0 1
    outer loop
      vertex 5.33517 1.33639 0.599999
      vertex 5.60193 1.40321 0.599999
      vertex 5.52633 1.67639 0.599999
    endloop
  endfacet
  facet normal 0 0 1
    outer loop
      vertex 5.74719 -0.566049 0.599999
      vertex 5.47352 -0.539094 0.599999
      vertex 5.71249 -0.847368 0.599999
    endloop
  endfacet
  facet normal -0 0 1
    outer loop
      vertex 5.44047 -0.807017 0.599999
      vertex 5.71249 -0.847368 0.599999
      vertex 5.47352 -0.539094 0.599999
    endloop
  endfacet
  facet normal 0 0 1
    outer loop
      vertex 5.76804 0.283365 0.599999
      vertex 5.49337 0.269872 0.599999
      vertex 5.5 0 0.599999
    endloop
  endfacet
  facet normal 0 0 1
    outer loop
      vertex 5.74719 0.566049 0.599999
      vertex 5.47352 0.539094 0.599999
      vertex 5.49337 0.269872 0.599999
    endloop
  endfacet
  facet normal 0 0 1
    outer loop
      vertex 5.71249 0.847368 0.599999
      vertex 5.44047 0.807017 0.599999
      vertex 5.47352 0.539094 0.599999
    endloop
  endfacet
  facet normal 0 0 1
    outer loop
      vertex 5.26317 1.59657 0.599999
      vertex 5.52633 1.67639 0.599999
      vertex 5.43742 1.94554 0.599999
    endloop
  endfacet
  facet normal 0 0 1
    outer loop
      vertex 5.66403 1.12665 0.599999
      vertex 5.39432 1.073 0.599999
      vertex 5.44047 0.807017 0.599999
    endloop
  endfacet
  facet normal 0 0 1
    outer loop
      vertex 5.17849 1.85289 0.599999
      vertex 5.43742 1.94554 0.599999
      vertex 5.3354 2.21 0.599999
    endloop
  endfacet
  facet normal 0 0 1
    outer loop
      vertex 5.60193 1.40321 0.599999
      vertex 5.33517 1.33639 0.599999
      vertex 5.39432 1.073 0.599999
    endloop
  endfacet
  facet normal 0 0 1
    outer loop
      vertex 5.52633 1.67639 0.599999
      vertex 5.26317 1.59657 0.599999
      vertex 5.33517 1.33639 0.599999
    endloop
  endfacet
  facet normal 0 0 1
    outer loop
      vertex 5.08134 2.10476 0.599999
      vertex 5.3354 2.21 0.599999
      vertex 5.22054 2.46913 0.599999
    endloop
  endfacet
  facet normal 0 0 1
    outer loop
      vertex 5.43742 1.94554 0.599999
      vertex 5.17849 1.85289 0.599999
      vertex 5.26317 1.59657 0.599999
    endloop
  endfacet
  facet normal 0 0 1
    outer loop
      vertex 4.97194 2.35155 0.599999
      vertex 5.22054 2.46913 0.599999
      vertex 5.09309 2.72232 0.599999
    endloop
  endfacet
  facet normal 0 0 1
    outer loop
      vertex 5.3354 2.21 0.599999
      vertex 5.08134 2.10476 0.599999
      vertex 5.17849 1.85289 0.599999
    endloop
  endfacet
  facet normal 0 0 1
    outer loop
      vertex 5.22054 2.46913 0.599999
      vertex 4.97194 2.35155 0.599999
      vertex 5.08134 2.10476 0.599999
    endloop
  endfacet
  facet normal 0 0 1
    outer loop
      vertex 4.85057 2.59268 0.599999
      vertex 5.09309 2.72232 0.599999
      vertex 4.95338 2.96894 0.599999
    endloop
  endfacet
  facet normal 0 0 1
    outer loop
      vertex 5.09309 2.72232 0.599999
      vertex 4.85057 2.59268 0.599999
      vertex 4.97194 2.35155 0.599999
    endloop
  endfacet
  facet normal 0 0 1
    outer loop
      vertex 4.71751 2.82756 0.599999
      vertex 4.95338 2.96894 0.599999
      vertex 4.80174 3.20842 0.599999
    endloop
  endfacet
  facet normal 0 0 1
    outer loop
      vertex 4.95338 2.96894 0.599999
      vertex 4.71751 2.82756 0.599999
      vertex 4.85057 2.59268 0.599999
    endloop
  endfacet
  facet normal 0 0 1
    outer loop
      vertex 4.57308 3.05564 0.599999
      vertex 4.80174 3.20842 0.599999
      vertex 4.63852 3.44016 0.599999
    endloop
  endfacet
  facet normal 0 0 1
    outer loop
      vertex 4.80174 3.20842 0.599999
      vertex 4.57308 3.05564 0.599999
      vertex 4.71751 2.82756 0.599999
    endloop
  endfacet
  facet normal 0 0 1
    outer loop
      vertex 4.41764 3.27635 0.599999
      vertex 4.63852 3.44016 0.599999
      vertex 4.46414 3.66362 0.599999
    endloop
  endfacet
  facet normal 0 0 1
    outer loop
      vertex 4.63852 3.44016 0.599999
      vertex 4.41764 3.27635 0.599999
      vertex 4.57308 3.05564 0.599999
    endloop
  endfacet
  facet normal 0 0 1
    outer loop
      vertex 4.25156 3.48916 0.599999
      vertex 4.46414 3.66362 0.599999
      vertex 4.27899 3.87825 0.599999
    endloop
  endfacet
  facet normal 0 0 1
    outer loop
      vertex 4.46414 3.66362 0.599999
      vertex 4.25156 3.48916 0.599999
      vertex 4.41764 3.27635 0.599999
    endloop
  endfacet
  facet normal 0 0 1
    outer loop
      vertex 4.07523 3.69357 0.599999
      vertex 4.27899 3.87825 0.599999
      vertex 4.08354 4.08354 0.599999
    endloop
  endfacet
  facet normal 0 0 1
    outer loop
      vertex 4.27899 3.87825 0.599999
      vertex 4.07523 3.69357 0.599999
      vertex 4.25156 3.48916 0.599999
    endloop
  endfacet
  facet normal 0 0 1
    outer loop
      vertex 4.08354 4.08354 0.599999
      vertex 3.88909 3.88909 0.599999
      vertex 4.07523 3.69357 0.599999
    endloop
  endfacet
  facet normal 0 0 1
    outer loop
      vertex 3.87825 4.27899 0.599999
      vertex 3.88909 3.88909 0.599999
      vertex 4.08354 4.08354 0.599999
    endloop
  endfacet
  facet normal 0 0 1
    outer loop
      vertex 3.87825 4.27899 0.599999
      vertex 3.69357 4.07523 0.599999
      vertex 3.88909 3.88909 0.599999
    endloop
  endfacet
  facet normal 0 0 1
    outer loop
      vertex 3.66362 4.46414 0.599999
      vertex 3.69357 4.07523 0.599999
      vertex 3.87825 4.27899 0.599999
    endloop
  endfacet
  facet normal 0 0 1
    outer loop
      vertex 3.66362 4.46414 0.599999
      vertex 3.48916 4.25156 0.599999
      vertex 3.69357 4.07523 0.599999
    endloop
  endfacet
  facet normal 0 0 1
    outer loop
      vertex 3.44016 4.63852 0.599999
      vertex 3.48916 4.25156 0.599999
      vertex 3.66362 4.46414 0.599999
    endloop
  endfacet
  facet normal 0 0 1
    outer loop
      vertex 3.44016 4.63852 0.599999
      vertex 3.27635 4.41764 0.599999
      vertex 3.48916 4.25156 0.599999
    endloop
  endfacet
  facet normal 0 0 1
    outer loop
      vertex 3.20842 4.80174 0.599999
      vertex 3.27635 4.41764 0.599999
      vertex 3.44016 4.63852 0.599999
    endloop
  endfacet
  facet normal 0 0 1
    outer loop
      vertex 3.20842 4.80174 0.599999
      vertex 3.05564 4.57308 0.599999
      vertex 3.27635 4.41764 0.599999
    endloop
  endfacet
  facet normal 0 0 1
    outer loop
      vertex 2.96894 4.95338 0.599999
      vertex 3.05564 4.57308 0.599999
      vertex 3.20842 4.80174 0.599999
    endloop
  endfacet
  facet normal 0 0 1
    outer loop
      vertex 2.96894 4.95338 0.599999
      vertex 2.82756 4.71751 0.599999
      vertex 3.05564 4.57308 0.599999
    endloop
  endfacet
  facet normal 0 0 1
    outer loop
      vertex 2.72232 5.09309 0.599999
      vertex 2.82756 4.71751 0.599999
      vertex 2.96894 4.95338 0.599999
    endloop
  endfacet
  facet normal 0 0 1
    outer loop
      vertex 2.72232 5.09309 0.599999
      vertex 2.59268 4.85057 0.599999
      vertex 2.82756 4.71751 0.599999
    endloop
  endfacet
  facet normal 0 0 1
    outer loop
      vertex 2.46913 5.22054 0.599999
      vertex 2.59268 4.85057 0.599999
      vertex 2.72232 5.09309 0.599999
    endloop
  endfacet
  facet normal 0 0 1
    outer loop
      vertex 2.46913 5.22054 0.599999
      vertex 2.35155 4.97194 0.599999
      vertex 2.59268 4.85057 0.599999
    endloop
  endfacet
  facet normal 0 0 1
    outer loop
      vertex 2.21 5.3354 0.599999
      vertex 2.35155 4.97194 0.599999
      vertex 2.46913 5.22054 0.599999
    endloop
  endfacet
  facet normal 0 0 1
    outer loop
      vertex 2.21 5.3354 0.599999
      vertex 2.10476 5.08134 0.599999
      vertex 2.35155 4.97194 0.599999
    endloop
  endfacet
  facet normal 0 0 1
    outer loop
      vertex 1.94554 5.43742 0.599999
      vertex 2.10476 5.08134 0.599999
      vertex 2.21 5.3354 0.599999
    endloop
  endfacet
  facet normal 0 0 1
    outer loop
      vertex 1.94554 5.43742 0.599999
      vertex 1.85289 5.17849 0.599999
      vertex 2.10476 5.08134 0.599999
    endloop
  endfacet
  facet normal 0 0 1
    outer loop
      vertex 1.67639 5.52633 0.599999
      vertex 1.85289 5.17849 0.599999
      vertex 1.94554 5.43742 0.599999
    endloop
  endfacet
  facet normal 0 0 1
    outer loop
      vertex 1.67639 5.52633 0.599999
      vertex 1.59657 5.26317 0.599999
      vertex 1.85289 5.17849 0.599999
    endloop
  endfacet
  facet normal 0 0 1
    outer loop
      vertex 1.40321 5.60193 0.599999
      vertex 1.59657 5.26317 0.599999
      vertex 1.67639 5.52633 0.599999
    endloop
  endfacet
  facet normal 0 0 1
    outer loop
      vertex 1.40321 5.60193 0.599999
      vertex 1.33639 5.33517 0.599999
      vertex 1.59657 5.26317 0.599999
    endloop
  endfacet
  facet normal 0 0 1
    outer loop
      vertex 1.12665 5.66403 0.599999
      vertex 1.33639 5.33517 0.599999
      vertex 1.40321 5.60193 0.599999
    endloop
  endfacet
  facet normal 0 0 1
    outer loop
      vertex 1.12665 5.66403 0.599999
      vertex 1.073 5.39432 0.599999
      vertex 1.33639 5.33517 0.599999
    endloop
  endfacet
  facet normal 0 0 1
    outer loop
      vertex 0.847368 5.71249 0.599999
      vertex 1.073 5.39432 0.599999
      vertex 1.12665 5.66403 0.599999
    endloop
  endfacet
  facet normal 0 0 1
    outer loop
      vertex 0.847368 5.71249 0.599999
      vertex 0.807017 5.44047 0.599999
      vertex 1.073 5.39432 0.599999
    endloop
  endfacet
  facet normal 0 0 1
    outer loop
      vertex 0.566049 5.74719 0.599999
      vertex 0.807017 5.44047 0.599999
      vertex 0.847368 5.71249 0.599999
    endloop
  endfacet
  facet normal 0 0 1
    outer loop
      vertex 0.566049 5.74719 0.599999
      vertex 0.539094 5.47352 0.599999
      vertex 0.807017 5.44047 0.599999
    endloop
  endfacet
  facet normal 0 0 1
    outer loop
      vertex 0.283365 5.76804 0.599999
      vertex 0.539094 5.47352 0.599999
      vertex 0.566049 5.74719 0.599999
    endloop
  endfacet
  facet normal 0 0 1
    outer loop
      vertex 0.283365 5.76804 0.599999
      vertex 0.269872 5.49337 0.599999
      vertex 0.539094 5.47352 0.599999
    endloop
  endfacet
  facet normal 0 0 1
    outer loop
      vertex 0 5.775 0.599999
      vertex 0.269872 5.49337 0.599999
      vertex 0.283365 5.76804 0.599999
    endloop
  endfacet
  facet normal 0 0 1
    outer loop
      vertex 0 5.775 0.599999
      vertex 0 5.5 0.599999
      vertex 0.269872 5.49337 0.599999
    endloop
  endfacet
  facet normal 0 0 1
    outer loop
      vertex 0 5.775 0.599999
      vertex -0.269872 5.49337 0.599999
      vertex 0 5.5 0.599999
    endloop
  endfacet
  facet normal -0 0 1
    outer loop
      vertex -0.283365 5.76804 0.599999
      vertex -0.269872 5.49337 0.599999
      vertex 0 5.775 0.599999
    endloop
  endfacet
  facet normal 0 0 1
    outer loop
      vertex -0.283365 5.76804 0.599999
      vertex -0.539094 5.47352 0.599999
      vertex -0.269872 5.49337 0.599999
    endloop
  endfacet
  facet normal -0 0 1
    outer loop
      vertex -0.566049 5.74719 0.599999
      vertex -0.539094 5.47352 0.599999
      vertex -0.283365 5.76804 0.599999
    endloop
  endfacet
  facet normal 0 0 1
    outer loop
      vertex -0.566049 5.74719 0.599999
      vertex -0.807017 5.44047 0.599999
      vertex -0.539094 5.47352 0.599999
    endloop
  endfacet
  facet normal -0 0 1
    outer loop
      vertex -0.847368 5.71249 0.599999
      vertex -0.807017 5.44047 0.599999
      vertex -0.566049 5.74719 0.599999
    endloop
  endfacet
  facet normal 0 0 1
    outer loop
      vertex -0.847368 5.71249 0.599999
      vertex -1.073 5.39432 0.599999
      vertex -0.807017 5.44047 0.599999
    endloop
  endfacet
  facet normal -0 0 1
    outer loop
      vertex -1.12665 5.66403 0.599999
      vertex -1.073 5.39432 0.599999
      vertex -0.847368 5.71249 0.599999
    endloop
  endfacet
  facet normal 0 0 1
    outer loop
      vertex -1.12665 5.66403 0.599999
      vertex -1.33639 5.33517 0.599999
      vertex -1.073 5.39432 0.599999
    endloop
  endfacet
  facet normal -0 0 1
    outer loop
      vertex -1.40321 5.60193 0.599999
      vertex -1.33639 5.33517 0.599999
      vertex -1.12665 5.66403 0.599999
    endloop
  endfacet
  facet normal 0 0 1
    outer loop
      vertex -1.40321 5.60193 0.599999
      vertex -1.59657 5.26317 0.599999
      vertex -1.33639 5.33517 0.599999
    endloop
  endfacet
  facet normal -0 0 1
    outer loop
      vertex -1.67639 5.52633 0.599999
      vertex -1.59657 5.26317 0.599999
      vertex -1.40321 5.60193 0.599999
    endloop
  endfacet
  facet normal 0 0 1
    outer loop
      vertex -1.67639 5.52633 0.599999
      vertex -1.85289 5.17849 0.599999
      vertex -1.59657 5.26317 0.599999
    endloop
  endfacet
  facet normal -0 0 1
    outer loop
      vertex -1.94554 5.43742 0.599999
      vertex -1.85289 5.17849 0.599999
      vertex -1.67639 5.52633 0.599999
    endloop
  endfacet
  facet normal 0 0 1
    outer loop
      vertex -1.94554 5.43742 0.599999
      vertex -2.10476 5.08134 0.599999
      vertex -1.85289 5.17849 0.599999
    endloop
  endfacet
  facet normal -0 0 1
    outer loop
      vertex -2.21 5.3354 0.599999
      vertex -2.10476 5.08134 0.599999
      vertex -1.94554 5.43742 0.599999
    endloop
  endfacet
  facet normal 0 0 1
    outer loop
      vertex -2.21 5.3354 0.599999
      vertex -2.35155 4.97194 0.599999
      vertex -2.10476 5.08134 0.599999
    endloop
  endfacet
  facet normal -0 0 1
    outer loop
      vertex -2.46913 5.22054 0.599999
      vertex -2.35155 4.97194 0.599999
      vertex -2.21 5.3354 0.599999
    endloop
  endfacet
  facet normal 0 0 1
    outer loop
      vertex -2.46913 5.22054 0.599999
      vertex -2.59268 4.85057 0.599999
      vertex -2.35155 4.97194 0.599999
    endloop
  endfacet
  facet normal -0 0 1
    outer loop
      vertex -2.72232 5.09309 0.599999
      vertex -2.59268 4.85057 0.599999
      vertex -2.46913 5.22054 0.599999
    endloop
  endfacet
  facet normal 0 0 1
    outer loop
      vertex -2.72232 5.09309 0.599999
      vertex -2.82756 4.71751 0.599999
      vertex -2.59268 4.85057 0.599999
    endloop
  endfacet
  facet normal -0 0 1
    outer loop
      vertex -2.96894 4.95338 0.599999
      vertex -2.82756 4.71751 0.599999
      vertex -2.72232 5.09309 0.599999
    endloop
  endfacet
  facet normal 0 0 1
    outer loop
      vertex -2.96894 4.95338 0.599999
      vertex -3.05564 4.57308 0.599999
      vertex -2.82756 4.71751 0.599999
    endloop
  endfacet
  facet normal -0 0 1
    outer loop
      vertex -3.20842 4.80174 0.599999
      vertex -3.05564 4.57308 0.599999
      vertex -2.96894 4.95338 0.599999
    endloop
  endfacet
  facet normal 0 0 1
    outer loop
      vertex -3.20842 4.80174 0.599999
      vertex -3.27635 4.41764 0.599999
      vertex -3.05564 4.57308 0.599999
    endloop
  endfacet
  facet normal -0 0 1
    outer loop
      vertex -3.44016 4.63852 0.599999
      vertex -3.27635 4.41764 0.599999
      vertex -3.20842 4.80174 0.599999
    endloop
  endfacet
  facet normal 0 0 1
    outer loop
      vertex -3.44016 4.63852 0.599999
      vertex -3.48916 4.25156 0.599999
      vertex -3.27635 4.41764 0.599999
    endloop
  endfacet
  facet normal -0 0 1
    outer loop
      vertex -3.66362 4.46414 0.599999
      vertex -3.48916 4.25156 0.599999
      vertex -3.44016 4.63852 0.599999
    endloop
  endfacet
  facet normal 0 0 1
    outer loop
      vertex -3.66362 4.46414 0.599999
      vertex -3.69357 4.07523 0.599999
      vertex -3.48916 4.25156 0.599999
    endloop
  endfacet
  facet normal -0 0 1
    outer loop
      vertex -3.87825 4.27899 0.599999
      vertex -3.69357 4.07523 0.599999
      vertex -3.66362 4.46414 0.599999
    endloop
  endfacet
  facet normal 0 0 1
    outer loop
      vertex -3.87825 4.27899 0.599999
      vertex -3.88909 3.88909 0.599999
      vertex -3.69357 4.07523 0.599999
    endloop
  endfacet
  facet normal -0 0 1
    outer loop
      vertex -4.08354 4.08354 0.599999
      vertex -3.88909 3.88909 0.599999
      vertex -3.87825 4.27899 0.599999
    endloop
  endfacet
  facet normal 0 0 1
    outer loop
      vertex -3.88909 3.88909 0.599999
      vertex -4.08354 4.08354 0.599999
      vertex -4.07523 3.69357 0.599999
    endloop
  endfacet
  facet normal -0 0 1
    outer loop
      vertex -4.27899 3.87825 0.599999
      vertex -4.07523 3.69357 0.599999
      vertex -4.08354 4.08354 0.599999
    endloop
  endfacet
  facet normal 0 0 1
    outer loop
      vertex -4.07523 3.69357 0.599999
      vertex -4.27899 3.87825 0.599999
      vertex -4.25156 3.48916 0.599999
    endloop
  endfacet
  facet normal -0 0 1
    outer loop
      vertex -4.46414 3.66362 0.599999
      vertex -4.25156 3.48916 0.599999
      vertex -4.27899 3.87825 0.599999
    endloop
  endfacet
  facet normal 0 0 1
    outer loop
      vertex -4.25156 3.48916 0.599999
      vertex -4.46414 3.66362 0.599999
      vertex -4.41764 3.27635 0.599999
    endloop
  endfacet
  facet normal -0 0 1
    outer loop
      vertex -4.63852 3.44016 0.599999
      vertex -4.41764 3.27635 0.599999
      vertex -4.46414 3.66362 0.599999
    endloop
  endfacet
  facet normal 0 0 1
    outer loop
      vertex -4.41764 3.27635 0.599999
      vertex -4.63852 3.44016 0.599999
      vertex -4.57308 3.05564 0.599999
    endloop
  endfacet
  facet normal -0 0 1
    outer loop
      vertex -4.80174 3.20842 0.599999
      vertex -4.57308 3.05564 0.599999
      vertex -4.63852 3.44016 0.599999
    endloop
  endfacet
  facet normal 0 0 1
    outer loop
      vertex -4.57308 3.05564 0.599999
      vertex -4.80174 3.20842 0.599999
      vertex -4.71751 2.82756 0.599999
    endloop
  endfacet
  facet normal -0 0 1
    outer loop
      vertex -4.95338 2.96894 0.599999
      vertex -4.71751 2.82756 0.599999
      vertex -4.80174 3.20842 0.599999
    endloop
  endfacet
  facet normal 0 0 1
    outer loop
      vertex -4.71751 2.82756 0.599999
      vertex -4.95338 2.96894 0.599999
      vertex -4.85057 2.59268 0.599999
    endloop
  endfacet
  facet normal -0 0 1
    outer loop
      vertex -5.09309 2.72232 0.599999
      vertex -4.85057 2.59268 0.599999
      vertex -4.95338 2.96894 0.599999
    endloop
  endfacet
  facet normal 0 0 1
    outer loop
      vertex -4.85057 2.59268 0.599999
      vertex -5.09309 2.72232 0.599999
      vertex -4.97194 2.35155 0.599999
    endloop
  endfacet
  facet normal -0 0 1
    outer loop
      vertex -5.22054 2.46913 0.599999
      vertex -4.97194 2.35155 0.599999
      vertex -5.09309 2.72232 0.599999
    endloop
  endfacet
  facet normal 0 0 1
    outer loop
      vertex -4.97194 2.35155 0.599999
      vertex -5.22054 2.46913 0.599999
      vertex -5.08134 2.10476 0.599999
    endloop
  endfacet
  facet normal -0 0 1
    outer loop
      vertex -5.3354 2.21 0.599999
      vertex -5.08134 2.10476 0.599999
      vertex -5.22054 2.46913 0.599999
    endloop
  endfacet
  facet normal 0 0 1
    outer loop
      vertex -5.08134 2.10476 0.599999
      vertex -5.3354 2.21 0.599999
      vertex -5.17849 1.85289 0.599999
    endloop
  endfacet
  facet normal -0 0 1
    outer loop
      vertex -5.43742 1.94554 0.599999
      vertex -5.17849 1.85289 0.599999
      vertex -5.3354 2.21 0.599999
    endloop
  endfacet
  facet normal 0 0 1
    outer loop
      vertex -5.17849 1.85289 0.599999
      vertex -5.43742 1.94554 0.599999
      vertex -5.26317 1.59657 0.599999
    endloop
  endfacet
  facet normal -0 0 1
    outer loop
      vertex -5.52633 1.67639 0.599999
      vertex -5.26317 1.59657 0.599999
      vertex -5.43742 1.94554 0.599999
    endloop
  endfacet
  facet normal 0 0 1
    outer loop
      vertex -5.26317 1.59657 0.599999
      vertex -5.52633 1.67639 0.599999
      vertex -5.33517 1.33639 0.599999
    endloop
  endfacet
  facet normal -0 0 1
    outer loop
      vertex -5.60193 1.40321 0.599999
      vertex -5.33517 1.33639 0.599999
      vertex -5.52633 1.67639 0.599999
    endloop
  endfacet
  facet normal 0 0 1
    outer loop
      vertex -5.33517 1.33639 0.599999
      vertex -5.60193 1.40321 0.599999
      vertex -5.39432 1.073 0.599999
    endloop
  endfacet
  facet normal -0 0 1
    outer loop
      vertex -5.66403 1.12665 0.599999
      vertex -5.39432 1.073 0.599999
      vertex -5.60193 1.40321 0.599999
    endloop
  endfacet
  facet normal -0 0 1
    outer loop
      vertex -5.71249 0.847368 0.599999
      vertex -5.44047 0.807017 0.599999
      vertex -5.66403 1.12665 0.599999
    endloop
  endfacet
  facet normal 0 0 1
    outer loop
      vertex -5.39432 1.073 0.599999
      vertex -5.66403 1.12665 0.599999
      vertex -5.44047 0.807017 0.599999
    endloop
  endfacet
  facet normal 0 0 1
    outer loop
      vertex 5.71249 -0.847368 0.599999
      vertex 5.44047 -0.807017 0.599999
      vertex 5.66403 -1.12665 0.599999
    endloop
  endfacet
  facet normal -0 0 1
    outer loop
      vertex 5.39432 -1.073 0.599999
      vertex 5.66403 -1.12665 0.599999
      vertex 5.44047 -0.807017 0.599999
    endloop
  endfacet
  facet normal 0 0 1
    outer loop
      vertex 5.66403 -1.12665 0.599999
      vertex 5.39432 -1.073 0.599999
      vertex 5.60193 -1.40321 0.599999
    endloop
  endfacet
  facet normal -0 0 1
    outer loop
      vertex 5.33517 -1.33639 0.599999
      vertex 5.60193 -1.40321 0.599999
      vertex 5.39432 -1.073 0.599999
    endloop
  endfacet
  facet normal 0 0 1
    outer loop
      vertex 5.60193 -1.40321 0.599999
      vertex 5.33517 -1.33639 0.599999
      vertex 5.52633 -1.67639 0.599999
    endloop
  endfacet
  facet normal -0 0 1
    outer loop
      vertex 5.26317 -1.59657 0.599999
      vertex 5.52633 -1.67639 0.599999
      vertex 5.33517 -1.33639 0.599999
    endloop
  endfacet
  facet normal 0 0 1
    outer loop
      vertex 5.52633 -1.67639 0.599999
      vertex 5.26317 -1.59657 0.599999
      vertex 5.43742 -1.94554 0.599999
    endloop
  endfacet
  facet normal -0 0 1
    outer loop
      vertex 5.17849 -1.85289 0.599999
      vertex 5.43742 -1.94554 0.599999
      vertex 5.26317 -1.59657 0.599999
    endloop
  endfacet
  facet normal 0 0 1
    outer loop
      vertex 5.43742 -1.94554 0.599999
      vertex 5.17849 -1.85289 0.599999
      vertex 5.3354 -2.21 0.599999
    endloop
  endfacet
  facet normal -0 0 1
    outer loop
      vertex 5.08134 -2.10476 0.599999
      vertex 5.3354 -2.21 0.599999
      vertex 5.17849 -1.85289 0.599999
    endloop
  endfacet
  facet normal 0 0 1
    outer loop
      vertex 5.3354 -2.21 0.599999
      vertex 5.08134 -2.10476 0.599999
      vertex 5.22054 -2.46913 0.599999
    endloop
  endfacet
  facet normal -0 0 1
    outer loop
      vertex 4.97194 -2.35155 0.599999
      vertex 5.22054 -2.46913 0.599999
      vertex 5.08134 -2.10476 0.599999
    endloop
  endfacet
  facet normal 0 0 1
    outer loop
      vertex 5.22054 -2.46913 0.599999
      vertex 4.97194 -2.35155 0.599999
      vertex 5.09309 -2.72232 0.599999
    endloop
  endfacet
  facet normal -0 0 1
    outer loop
      vertex 4.85057 -2.59268 0.599999
      vertex 5.09309 -2.72232 0.599999
      vertex 4.97194 -2.35155 0.599999
    endloop
  endfacet
  facet normal 0 0 1
    outer loop
      vertex 5.09309 -2.72232 0.599999
      vertex 4.85057 -2.59268 0.599999
      vertex 4.95338 -2.96894 0.599999
    endloop
  endfacet
  facet normal -0 0 1
    outer loop
      vertex 4.71751 -2.82756 0.599999
      vertex 4.95338 -2.96894 0.599999
      vertex 4.85057 -2.59268 0.599999
    endloop
  endfacet
  facet normal 0 0 1
    outer loop
      vertex 4.95338 -2.96894 0.599999
      vertex 4.71751 -2.82756 0.599999
      vertex 4.80174 -3.20842 0.599999
    endloop
  endfacet
  facet normal -0 0 1
    outer loop
      vertex 4.57308 -3.05564 0.599999
      vertex 4.80174 -3.20842 0.599999
      vertex 4.71751 -2.82756 0.599999
    endloop
  endfacet
  facet normal 0 0 1
    outer loop
      vertex 4.80174 -3.20842 0.599999
      vertex 4.57308 -3.05564 0.599999
      vertex 4.63852 -3.44016 0.599999
    endloop
  endfacet
  facet normal -0 0 1
    outer loop
      vertex 4.41764 -3.27635 0.599999
      vertex 4.63852 -3.44016 0.599999
      vertex 4.57308 -3.05564 0.599999
    endloop
  endfacet
  facet normal 0 0 1
    outer loop
      vertex 4.63852 -3.44016 0.599999
      vertex 4.41764 -3.27635 0.599999
      vertex 4.46414 -3.66362 0.599999
    endloop
  endfacet
  facet normal -0 0 1
    outer loop
      vertex 4.25156 -3.48916 0.599999
      vertex 4.46414 -3.66362 0.599999
      vertex 4.41764 -3.27635 0.599999
    endloop
  endfacet
  facet normal 0 0 1
    outer loop
      vertex 4.46414 -3.66362 0.599999
      vertex 4.25156 -3.48916 0.599999
      vertex 4.27899 -3.87825 0.599999
    endloop
  endfacet
  facet normal -0 0 1
    outer loop
      vertex 4.07523 -3.69357 0.599999
      vertex 4.27899 -3.87825 0.599999
      vertex 4.25156 -3.48916 0.599999
    endloop
  endfacet
  facet normal 0 0 1
    outer loop
      vertex 4.27899 -3.87825 0.599999
      vertex 4.07523 -3.69357 0.599999
      vertex 4.08354 -4.08354 0.599999
    endloop
  endfacet
  facet normal -0 0 1
    outer loop
      vertex 3.88909 -3.88909 0.599999
      vertex 4.08354 -4.08354 0.599999
      vertex 4.07523 -3.69357 0.599999
    endloop
  endfacet
  facet normal 0 0 1
    outer loop
      vertex 3.88909 -3.88909 0.599999
      vertex 3.87825 -4.27899 0.599999
      vertex 4.08354 -4.08354 0.599999
    endloop
  endfacet
  facet normal -0 0 1
    outer loop
      vertex 3.69357 -4.07523 0.599999
      vertex 3.87825 -4.27899 0.599999
      vertex 3.88909 -3.88909 0.599999
    endloop
  endfacet
  facet normal 0 0 1
    outer loop
      vertex 3.69357 -4.07523 0.599999
      vertex 3.66362 -4.46414 0.599999
      vertex 3.87825 -4.27899 0.599999
    endloop
  endfacet
  facet normal -0 0 1
    outer loop
      vertex 3.48916 -4.25156 0.599999
      vertex 3.66362 -4.46414 0.599999
      vertex 3.69357 -4.07523 0.599999
    endloop
  endfacet
  facet normal 0 0 1
    outer loop
      vertex 3.48916 -4.25156 0.599999
      vertex 3.44016 -4.63852 0.599999
      vertex 3.66362 -4.46414 0.599999
    endloop
  endfacet
  facet normal -0 0 1
    outer loop
      vertex 3.27635 -4.41764 0.599999
      vertex 3.44016 -4.63852 0.599999
      vertex 3.48916 -4.25156 0.599999
    endloop
  endfacet
  facet normal 0 0 1
    outer loop
      vertex 3.27635 -4.41764 0.599999
      vertex 3.20842 -4.80174 0.599999
      vertex 3.44016 -4.63852 0.599999
    endloop
  endfacet
  facet normal -0 0 1
    outer loop
      vertex 3.05564 -4.57308 0.599999
      vertex 3.20842 -4.80174 0.599999
      vertex 3.27635 -4.41764 0.599999
    endloop
  endfacet
  facet normal 0 0 1
    outer loop
      vertex 3.05564 -4.57308 0.599999
      vertex 2.96894 -4.95338 0.599999
      vertex 3.20842 -4.80174 0.599999
    endloop
  endfacet
  facet normal -0 0 1
    outer loop
      vertex 2.82756 -4.71751 0.599999
      vertex 2.96894 -4.95338 0.599999
      vertex 3.05564 -4.57308 0.599999
    endloop
  endfacet
  facet normal 0 0 1
    outer loop
      vertex 2.82756 -4.71751 0.599999
      vertex 2.72232 -5.09309 0.599999
      vertex 2.96894 -4.95338 0.599999
    endloop
  endfacet
  facet normal -0 0 1
    outer loop
      vertex 2.59268 -4.85057 0.599999
      vertex 2.72232 -5.09309 0.599999
      vertex 2.82756 -4.71751 0.599999
    endloop
  endfacet
  facet normal 0 0 1
    outer loop
      vertex 2.59268 -4.85057 0.599999
      vertex 2.46913 -5.22054 0.599999
      vertex 2.72232 -5.09309 0.599999
    endloop
  endfacet
  facet normal -0 0 1
    outer loop
      vertex 2.35155 -4.97194 0.599999
      vertex 2.46913 -5.22054 0.599999
      vertex 2.59268 -4.85057 0.599999
    endloop
  endfacet
  facet normal 0 0 1
    outer loop
      vertex 2.35155 -4.97194 0.599999
      vertex 2.21 -5.3354 0.599999
      vertex 2.46913 -5.22054 0.599999
    endloop
  endfacet
  facet normal -0 0 1
    outer loop
      vertex 2.10476 -5.08134 0.599999
      vertex 2.21 -5.3354 0.599999
      vertex 2.35155 -4.97194 0.599999
    endloop
  endfacet
  facet normal 0 0 1
    outer loop
      vertex 2.10476 -5.08134 0.599999
      vertex 1.94554 -5.43742 0.599999
      vertex 2.21 -5.3354 0.599999
    endloop
  endfacet
  facet normal -0 0 1
    outer loop
      vertex 1.85289 -5.17849 0.599999
      vertex 1.94554 -5.43742 0.599999
      vertex 2.10476 -5.08134 0.599999
    endloop
  endfacet
  facet normal 0 0 1
    outer loop
      vertex 1.85289 -5.17849 0.599999
      vertex 1.67639 -5.52633 0.599999
      vertex 1.94554 -5.43742 0.599999
    endloop
  endfacet
  facet normal -0 0 1
    outer loop
      vertex 1.59657 -5.26317 0.599999
      vertex 1.67639 -5.52633 0.599999
      vertex 1.85289 -5.17849 0.599999
    endloop
  endfacet
  facet normal 0 0 1
    outer loop
      vertex 1.59657 -5.26317 0.599999
      vertex 1.40321 -5.60193 0.599999
      vertex 1.67639 -5.52633 0.599999
    endloop
  endfacet
  facet normal -0 0 1
    outer loop
      vertex 1.33639 -5.33517 0.599999
      vertex 1.40321 -5.60193 0.599999
      vertex 1.59657 -5.26317 0.599999
    endloop
  endfacet
  facet normal 0 0 1
    outer loop
      vertex 1.33639 -5.33517 0.599999
      vertex 1.12665 -5.66403 0.599999
      vertex 1.40321 -5.60193 0.599999
    endloop
  endfacet
  facet normal -0 0 1
    outer loop
      vertex 1.073 -5.39432 0.599999
      vertex 1.12665 -5.66403 0.599999
      vertex 1.33639 -5.33517 0.599999
    endloop
  endfacet
  facet normal 0 0 1
    outer loop
      vertex 1.073 -5.39432 0.599999
      vertex 0.847368 -5.71249 0.599999
      vertex 1.12665 -5.66403 0.599999
    endloop
  endfacet
  facet normal -0 0 1
    outer loop
      vertex 0.807017 -5.44047 0.599999
      vertex 0.847368 -5.71249 0.599999
      vertex 1.073 -5.39432 0.599999
    endloop
  endfacet
  facet normal 0 0 1
    outer loop
      vertex 0.807017 -5.44047 0.599999
      vertex 0.566049 -5.74719 0.599999
      vertex 0.847368 -5.71249 0.599999
    endloop
  endfacet
  facet normal -0 0 1
    outer loop
      vertex 0.539094 -5.47352 0.599999
      vertex 0.566049 -5.74719 0.599999
      vertex 0.807017 -5.44047 0.599999
    endloop
  endfacet
  facet normal 0 0 1
    outer loop
      vertex 0.539094 -5.47352 0.599999
      vertex 0.283365 -5.76804 0.599999
      vertex 0.566049 -5.74719 0.599999
    endloop
  endfacet
  facet normal -0 0 1
    outer loop
      vertex 0.269872 -5.49337 0.599999
      vertex 0.283365 -5.76804 0.599999
      vertex 0.539094 -5.47352 0.599999
    endloop
  endfacet
  facet normal -0 0 1
    outer loop
      vertex 0 -5.5 0.599999
      vertex 0.283365 -5.76804 0.599999
      vertex 0.269872 -5.49337 0.599999
    endloop
  endfacet
  facet normal 0 0 1
    outer loop
      vertex 0 -5.5 0.599999
      vertex 0 -5.775 0.599999
      vertex 0.283365 -5.76804 0.599999
    endloop
  endfacet
  facet normal 0 0 1
    outer loop
      vertex -0.269872 -5.49337 0.599999
      vertex 0 -5.775 0.599999
      vertex 0 -5.5 0.599999
    endloop
  endfacet
  facet normal 0 0 1
    outer loop
      vertex -0.269872 -5.49337 0.599999
      vertex -0.283365 -5.76804 0.599999
      vertex 0 -5.775 0.599999
    endloop
  endfacet
  facet normal 0 0 1
    outer loop
      vertex -0.539094 -5.47352 0.599999
      vertex -0.283365 -5.76804 0.599999
      vertex -0.269872 -5.49337 0.599999
    endloop
  endfacet
  facet normal 0 0 1
    outer loop
      vertex -0.539094 -5.47352 0.599999
      vertex -0.566049 -5.74719 0.599999
      vertex -0.283365 -5.76804 0.599999
    endloop
  endfacet
  facet normal 0 0 1
    outer loop
      vertex -0.807017 -5.44047 0.599999
      vertex -0.566049 -5.74719 0.599999
      vertex -0.539094 -5.47352 0.599999
    endloop
  endfacet
  facet normal 0 0 1
    outer loop
      vertex -0.807017 -5.44047 0.599999
      vertex -0.847368 -5.71249 0.599999
      vertex -0.566049 -5.74719 0.599999
    endloop
  endfacet
  facet normal 0 0 1
    outer loop
      vertex -1.073 -5.39432 0.599999
      vertex -0.847368 -5.71249 0.599999
      vertex -0.807017 -5.44047 0.599999
    endloop
  endfacet
  facet normal 0 0 1
    outer loop
      vertex -1.073 -5.39432 0.599999
      vertex -1.12665 -5.66403 0.599999
      vertex -0.847368 -5.71249 0.599999
    endloop
  endfacet
  facet normal 0 0 1
    outer loop
      vertex -1.33639 -5.33517 0.599999
      vertex -1.12665 -5.66403 0.599999
      vertex -1.073 -5.39432 0.599999
    endloop
  endfacet
  facet normal 0 0 1
    outer loop
      vertex -1.33639 -5.33517 0.599999
      vertex -1.40321 -5.60193 0.599999
      vertex -1.12665 -5.66403 0.599999
    endloop
  endfacet
  facet normal 0 0 1
    outer loop
      vertex -1.59657 -5.26317 0.599999
      vertex -1.40321 -5.60193 0.599999
      vertex -1.33639 -5.33517 0.599999
    endloop
  endfacet
  facet normal 0 0 1
    outer loop
      vertex -1.59657 -5.26317 0.599999
      vertex -1.67639 -5.52633 0.599999
      vertex -1.40321 -5.60193 0.599999
    endloop
  endfacet
  facet normal 0 0 1
    outer loop
      vertex -1.85289 -5.17849 0.599999
      vertex -1.67639 -5.52633 0.599999
      vertex -1.59657 -5.26317 0.599999
    endloop
  endfacet
  facet normal 0 0 1
    outer loop
      vertex -1.85289 -5.17849 0.599999
      vertex -1.94554 -5.43742 0.599999
      vertex -1.67639 -5.52633 0.599999
    endloop
  endfacet
  facet normal 0 0 1
    outer loop
      vertex -2.10476 -5.08134 0.599999
      vertex -1.94554 -5.43742 0.599999
      vertex -1.85289 -5.17849 0.599999
    endloop
  endfacet
  facet normal 0 0 1
    outer loop
      vertex -2.10476 -5.08134 0.599999
      vertex -2.21 -5.3354 0.599999
      vertex -1.94554 -5.43742 0.599999
    endloop
  endfacet
  facet normal 0 0 1
    outer loop
      vertex -2.35155 -4.97194 0.599999
      vertex -2.21 -5.3354 0.599999
      vertex -2.10476 -5.08134 0.599999
    endloop
  endfacet
  facet normal 0 0 1
    outer loop
      vertex -2.35155 -4.97194 0.599999
      vertex -2.46913 -5.22054 0.599999
      vertex -2.21 -5.3354 0.599999
    endloop
  endfacet
  facet normal 0 0 1
    outer loop
      vertex -2.59268 -4.85057 0.599999
      vertex -2.46913 -5.22054 0.599999
      vertex -2.35155 -4.97194 0.599999
    endloop
  endfacet
  facet normal 0 0 1
    outer loop
      vertex -2.59268 -4.85057 0.599999
      vertex -2.72232 -5.09309 0.599999
      vertex -2.46913 -5.22054 0.599999
    endloop
  endfacet
  facet normal 0 0 1
    outer loop
      vertex -2.82756 -4.71751 0.599999
      vertex -2.72232 -5.09309 0.599999
      vertex -2.59268 -4.85057 0.599999
    endloop
  endfacet
  facet normal 0 0 1
    outer loop
      vertex -2.82756 -4.71751 0.599999
      vertex -2.96894 -4.95338 0.599999
      vertex -2.72232 -5.09309 0.599999
    endloop
  endfacet
  facet normal 0 0 1
    outer loop
      vertex -3.05564 -4.57308 0.599999
      vertex -2.96894 -4.95338 0.599999
      vertex -2.82756 -4.71751 0.599999
    endloop
  endfacet
  facet normal 0 0 1
    outer loop
      vertex -3.05564 -4.57308 0.599999
      vertex -3.20842 -4.80174 0.599999
      vertex -2.96894 -4.95338 0.599999
    endloop
  endfacet
  facet normal 0 0 1
    outer loop
      vertex -3.27635 -4.41764 0.599999
      vertex -3.20842 -4.80174 0.599999
      vertex -3.05564 -4.57308 0.599999
    endloop
  endfacet
  facet normal 0 0 1
    outer loop
      vertex -3.27635 -4.41764 0.599999
      vertex -3.44016 -4.63852 0.599999
      vertex -3.20842 -4.80174 0.599999
    endloop
  endfacet
  facet normal 0 0 1
    outer loop
      vertex -3.48916 -4.25156 0.599999
      vertex -3.44016 -4.63852 0.599999
      vertex -3.27635 -4.41764 0.599999
    endloop
  endfacet
  facet normal 0 0 1
    outer loop
      vertex -3.48916 -4.25156 0.599999
      vertex -3.66362 -4.46414 0.599999
      vertex -3.44016 -4.63852 0.599999
    endloop
  endfacet
  facet normal 0 0 1
    outer loop
      vertex -3.69357 -4.07523 0.599999
      vertex -3.66362 -4.46414 0.599999
      vertex -3.48916 -4.25156 0.599999
    endloop
  endfacet
  facet normal 0 0 1
    outer loop
      vertex -3.69357 -4.07523 0.599999
      vertex -3.87825 -4.27899 0.599999
      vertex -3.66362 -4.46414 0.599999
    endloop
  endfacet
  facet normal 0 0 1
    outer loop
      vertex -3.88909 -3.88909 0.599999
      vertex -3.87825 -4.27899 0.599999
      vertex -3.69357 -4.07523 0.599999
    endloop
  endfacet
  facet normal 0 0 1
    outer loop
      vertex -4.08354 -4.08354 0.599999
      vertex -3.88909 -3.88909 0.599999
      vertex -4.07523 -3.69357 0.599999
    endloop
  endfacet
  facet normal 0 0 1
    outer loop
      vertex -3.88909 -3.88909 0.599999
      vertex -4.08354 -4.08354 0.599999
      vertex -3.87825 -4.27899 0.599999
    endloop
  endfacet
  facet normal 0 0 1
    outer loop
      vertex -4.27899 -3.87825 0.599999
      vertex -4.07523 -3.69357 0.599999
      vertex -4.25156 -3.48916 0.599999
    endloop
  endfacet
  facet normal 0 0 1
    outer loop
      vertex -4.07523 -3.69357 0.599999
      vertex -4.27899 -3.87825 0.599999
      vertex -4.08354 -4.08354 0.599999
    endloop
  endfacet
  facet normal 0 0 1
    outer loop
      vertex -4.46414 -3.66362 0.599999
      vertex -4.25156 -3.48916 0.599999
      vertex -4.41764 -3.27635 0.599999
    endloop
  endfacet
  facet normal 0 0 1
    outer loop
      vertex -4.25156 -3.48916 0.599999
      vertex -4.46414 -3.66362 0.599999
      vertex -4.27899 -3.87825 0.599999
    endloop
  endfacet
  facet normal 0 0 1
    outer loop
      vertex -4.63852 -3.44016 0.599999
      vertex -4.41764 -3.27635 0.599999
      vertex -4.57308 -3.05564 0.599999
    endloop
  endfacet
  facet normal 0 0 1
    outer loop
      vertex -4.41764 -3.27635 0.599999
      vertex -4.63852 -3.44016 0.599999
      vertex -4.46414 -3.66362 0.599999
    endloop
  endfacet
  facet normal 0 0 1
    outer loop
      vertex -4.80174 -3.20842 0.599999
      vertex -4.57308 -3.05564 0.599999
      vertex -4.71751 -2.82756 0.599999
    endloop
  endfacet
  facet normal 0 0 1
    outer loop
      vertex -4.57308 -3.05564 0.599999
      vertex -4.80174 -3.20842 0.599999
      vertex -4.63852 -3.44016 0.599999
    endloop
  endfacet
  facet normal 0 0 1
    outer loop
      vertex -4.95338 -2.96894 0.599999
      vertex -4.71751 -2.82756 0.599999
      vertex -4.85057 -2.59268 0.599999
    endloop
  endfacet
  facet normal 0 0 1
    outer loop
      vertex -4.71751 -2.82756 0.599999
      vertex -4.95338 -2.96894 0.599999
      vertex -4.80174 -3.20842 0.599999
    endloop
  endfacet
  facet normal 0 0 1
    outer loop
      vertex -5.09309 -2.72232 0.599999
      vertex -4.85057 -2.59268 0.599999
      vertex -4.97194 -2.35155 0.599999
    endloop
  endfacet
  facet normal 0 0 1
    outer loop
      vertex -5.22054 -2.46913 0.599999
      vertex -4.97194 -2.35155 0.599999
      vertex -5.08134 -2.10476 0.599999
    endloop
  endfacet
  facet normal 0 0 1
    outer loop
      vertex -4.85057 -2.59268 0.599999
      vertex -5.09309 -2.72232 0.599999
      vertex -4.95338 -2.96894 0.599999
    endloop
  endfacet
  facet normal 0 0 1
    outer loop
      vertex -5.3354 -2.21 0.599999
      vertex -5.08134 -2.10476 0.599999
      vertex -5.17849 -1.85289 0.599999
    endloop
  endfacet
  facet normal 0 0 1
    outer loop
      vertex -4.97194 -2.35155 0.599999
      vertex -5.22054 -2.46913 0.599999
      vertex -5.09309 -2.72232 0.599999
    endloop
  endfacet
  facet normal 0 0 1
    outer loop
      vertex -5.43742 -1.94554 0.599999
      vertex -5.17849 -1.85289 0.599999
      vertex -5.26317 -1.59657 0.599999
    endloop
  endfacet
  facet normal 0 0 1
    outer loop
      vertex -5.52633 -1.67639 0.599999
      vertex -5.26317 -1.59657 0.599999
      vertex -5.33517 -1.33639 0.599999
    endloop
  endfacet
  facet normal 0 0 1
    outer loop
      vertex -5.08134 -2.10476 0.599999
      vertex -5.3354 -2.21 0.599999
      vertex -5.22054 -2.46913 0.599999
    endloop
  endfacet
  facet normal 0 0 1
    outer loop
      vertex -5.60193 -1.40321 0.599999
      vertex -5.33517 -1.33639 0.599999
      vertex -5.39432 -1.073 0.599999
    endloop
  endfacet
  facet normal 0 0 1
    outer loop
      vertex -5.17849 -1.85289 0.599999
      vertex -5.43742 -1.94554 0.599999
      vertex -5.3354 -2.21 0.599999
    endloop
  endfacet
  facet normal 0 0 1
    outer loop
      vertex -5.66403 -1.12665 0.599999
      vertex -5.39432 -1.073 0.599999
      vertex -5.44047 -0.807017 0.599999
    endloop
  endfacet
  facet normal 0 0 1
    outer loop
      vertex -5.71249 -0.847368 0.599999
      vertex -5.44047 -0.807017 0.599999
      vertex -5.47352 -0.539094 0.599999
    endloop
  endfacet
  facet normal 0 0 1
    outer loop
      vertex -5.74719 -0.566049 0.599999
      vertex -5.47352 -0.539094 0.599999
      vertex -5.49337 -0.269872 0.599999
    endloop
  endfacet
  facet normal 0 0 1
    outer loop
      vertex -5.26317 -1.59657 0.599999
      vertex -5.52633 -1.67639 0.599999
      vertex -5.43742 -1.94554 0.599999
    endloop
  endfacet
  facet normal 0 0 1
    outer loop
      vertex -5.76804 -0.283365 0.599999
      vertex -5.49337 -0.269872 0.599999
      vertex -5.5 0 0.599999
    endloop
  endfacet
  facet normal 0 0 1
    outer loop
      vertex -5.44047 0.807017 0.599999
      vertex -5.71249 0.847368 0.599999
      vertex -5.47352 0.539094 0.599999
    endloop
  endfacet
  facet normal -0 0 1
    outer loop
      vertex -5.74719 0.566049 0.599999
      vertex -5.47352 0.539094 0.599999
      vertex -5.71249 0.847368 0.599999
    endloop
  endfacet
  facet normal 0 0 1
    outer loop
      vertex -5.33517 -1.33639 0.599999
      vertex -5.60193 -1.40321 0.599999
      vertex -5.52633 -1.67639 0.599999
    endloop
  endfacet
  facet normal 0 0 1
    outer loop
      vertex -5.47352 0.539094 0.599999
      vertex -5.74719 0.566049 0.599999
      vertex -5.49337 0.269872 0.599999
    endloop
  endfacet
  facet normal 0 0 1
    outer loop
      vertex -5.39432 -1.073 0.599999
      vertex -5.66403 -1.12665 0.599999
      vertex -5.60193 -1.40321 0.599999
    endloop
  endfacet
  facet normal -0 0 1
    outer loop
      vertex -5.76804 0.283365 0.599999
      vertex -5.49337 0.269872 0.599999
      vertex -5.74719 0.566049 0.599999
    endloop
  endfacet
  facet normal 0 0 1
    outer loop
      vertex -5.44047 -0.807017 0.599999
      vertex -5.71249 -0.847368 0.599999
      vertex -5.66403 -1.12665 0.599999
    endloop
  endfacet
  facet normal 0 0 1
    outer loop
      vertex -5.49337 0.269872 0.599999
      vertex -5.76804 0.283365 0.599999
      vertex -5.5 0 0.599999
    endloop
  endfacet
  facet normal 0 0 1
    outer loop
      vertex -5.47352 -0.539094 0.599999
      vertex -5.74719 -0.566049 0.599999
      vertex -5.71249 -0.847368 0.599999
    endloop
  endfacet
  facet normal 0 0 1
    outer loop
      vertex -5.775 0 0.599999
      vertex -5.5 0 0.599999
      vertex -5.76804 0.283365 0.599999
    endloop
  endfacet
  facet normal 0 0 1
    outer loop
      vertex -5.49337 -0.269872 0.599999
      vertex -5.76804 -0.283365 0.599999
      vertex -5.74719 -0.566049 0.599999
    endloop
  endfacet
  facet normal 0 0 1
    outer loop
      vertex -5.5 0 0.599999
      vertex -5.775 0 0.599999
      vertex -5.76804 -0.283365 0.599999
    endloop
  endfacet
  facet normal 0.0245546 -0.999698 0
    outer loop
      vertex 0 -5.775 0
      vertex 0.283365 -5.76804 0.599999
      vertex 0 -5.775 0.599999
    endloop
  endfacet
  facet normal 0.0245546 -0.999698 0
    outer loop
      vertex 0.283365 -5.76804 0.599999
      vertex 0 -5.775 0
      vertex 0.283365 -5.76804 0
    endloop
  endfacet
  facet normal -0.870085 0.492902 0
    outer loop
      vertex -5.09309 2.72232 0
      vertex -4.95338 2.96894 0.599999
      vertex -4.95338 2.96894 0
    endloop
  endfacet
  facet normal -0.870085 0.492902 0
    outer loop
      vertex -4.95338 2.96894 0.599999
      vertex -5.09309 2.72232 0
      vertex -5.09309 2.72232 0.599999
    endloop
  endfacet
  facet normal -0.534975 -0.844868 0
    outer loop
      vertex -3.20842 -4.80174 0
      vertex -2.96894 -4.95338 0.599999
      vertex -3.20842 -4.80174 0.599999
    endloop
  endfacet
  facet normal -0.534975 -0.844868 -0
    outer loop
      vertex -2.96894 -4.95338 0.599999
      vertex -3.20842 -4.80174 0
      vertex -2.96894 -4.95338 0
    endloop
  endfacet
  facet normal 0.817568 -0.575832 0
    outer loop
      vertex 4.63852 -3.44016 0.599999
      vertex 4.80174 -3.20842 0
      vertex 4.80174 -3.20842 0.599999
    endloop
  endfacet
  facet normal 0.817568 -0.575832 0
    outer loop
      vertex 4.80174 -3.20842 0
      vertex 4.63852 -3.44016 0.599999
      vertex 4.63852 -3.44016 0
    endloop
  endfacet
  facet normal 0.534975 -0.844868 0
    outer loop
      vertex 2.96894 -4.95338 0
      vertex 3.20842 -4.80174 0.599999
      vertex 2.96894 -4.95338 0.599999
    endloop
  endfacet
  facet normal 0.534975 -0.844868 0
    outer loop
      vertex 3.20842 -4.80174 0.599999
      vertex 2.96894 -4.95338 0
      vertex 3.20842 -4.80174 0
    endloop
  endfacet
  facet normal 0.449625 -0.893217 0
    outer loop
      vertex 2.46913 -5.22054 0
      vertex 2.72232 -5.09309 0.599999
      vertex 2.46913 -5.22054 0.599999
    endloop
  endfacet
  facet normal 0.449625 -0.893217 0
    outer loop
      vertex 2.72232 -5.09309 0.599999
      vertex 2.46913 -5.22054 0
      vertex 2.72232 -5.09309 0
    endloop
  endfacet
  facet normal -0.963775 -0.266716 0
    outer loop
      vertex -5.52633 -1.67639 0
      vertex -5.60193 -1.40321 0.599999
      vertex -5.60193 -1.40321 0
    endloop
  endfacet
  facet normal -0.963775 -0.266716 0
    outer loop
      vertex -5.60193 -1.40321 0.599999
      vertex -5.52633 -1.67639 0
      vertex -5.52633 -1.67639 0.599999
    endloop
  endfacet
  facet normal -0.575832 -0.817568 0
    outer loop
      vertex -3.44016 -4.63852 0
      vertex -3.20842 -4.80174 0.599999
      vertex -3.44016 -4.63852 0.599999
    endloop
  endfacet
  facet normal -0.575832 -0.817568 -0
    outer loop
      vertex -3.20842 -4.80174 0.599999
      vertex -3.44016 -4.63852 0
      vertex -3.20842 -4.80174 0
    endloop
  endfacet
  facet normal 0.575832 -0.817568 0
    outer loop
      vertex 3.20842 -4.80174 0
      vertex 3.44016 -4.63852 0.599999
      vertex 3.20842 -4.80174 0.599999
    endloop
  endfacet
  facet normal 0.575832 -0.817568 0
    outer loop
      vertex 3.44016 -4.63852 0.599999
      vertex 3.20842 -4.80174 0
      vertex 3.44016 -4.63852 0
    endloop
  endfacet
  facet normal 0.61521 -0.788363 0
    outer loop
      vertex 3.44016 -4.63852 0
      vertex 3.66362 -4.46414 0.599999
      vertex 3.44016 -4.63852 0.599999
    endloop
  endfacet
  facet normal 0.61521 -0.788363 0
    outer loop
      vertex 3.66362 -4.46414 0.599999
      vertex 3.44016 -4.63852 0
      vertex 3.66362 -4.46414 0
    endloop
  endfacet
  facet normal -0.724251 -0.689536 0
    outer loop
      vertex -4.08354 -4.08354 0
      vertex -4.27899 -3.87825 0.599999
      vertex -4.27899 -3.87825 0
    endloop
  endfacet
  facet normal -0.724251 -0.689536 0
    outer loop
      vertex -4.27899 -3.87825 0.599999
      vertex -4.08354 -4.08354 0
      vertex -4.08354 -4.08354 0.599999
    endloop
  endfacet
  facet normal 0.359915 -0.932985 0
    outer loop
      vertex 1.94554 -5.43742 0
      vertex 2.21 -5.3354 0.599999
      vertex 1.94554 -5.43742 0.599999
    endloop
  endfacet
  facet normal 0.359915 -0.932985 0
    outer loop
      vertex 2.21 -5.3354 0.599999
      vertex 1.94554 -5.43742 0
      vertex 2.21 -5.3354 0
    endloop
  endfacet
  facet normal 0.870085 -0.492902 0
    outer loop
      vertex 4.95338 -2.96894 0.599999
      vertex 5.09309 -2.72232 0
      vertex 5.09309 -2.72232 0.599999
    endloop
  endfacet
  facet normal 0.870085 -0.492902 0
    outer loop
      vertex 5.09309 -2.72232 0
      vertex 4.95338 -2.96894 0.599999
      vertex 4.95338 -2.96894 0
    endloop
  endfacet
  facet normal 0.170962 0.985278 -0
    outer loop
      vertex 1.12665 5.66403 0
      vertex 0.847368 5.71249 0.599999
      vertex 1.12665 5.66403 0.599999
    endloop
  endfacet
  facet normal 0.170962 0.985278 0
    outer loop
      vertex 0.847368 5.71249 0.599999
      vertex 1.12665 5.66403 0
      vertex 0.847368 5.71249 0
    endloop
  endfacet
  facet normal 0.689536 -0.724251 0
    outer loop
      vertex 3.87825 -4.27899 0
      vertex 4.08354 -4.08354 0.599999
      vertex 3.87825 -4.27899 0.599999
    endloop
  endfacet
  facet normal 0.689536 -0.724251 0
    outer loop
      vertex 4.08354 -4.08354 0.599999
      vertex 3.87825 -4.27899 0
      vertex 4.08354 -4.08354 0
    endloop
  endfacet
  facet normal 0.0245546 0.999698 -0
    outer loop
      vertex 0.283365 5.76804 0
      vertex 0 5.775 0.599999
      vertex 0.283365 5.76804 0.599999
    endloop
  endfacet
  facet normal 0.0245546 0.999698 0
    outer loop
      vertex 0 5.775 0.599999
      vertex 0.283365 5.76804 0
      vertex 0 5.775 0
    endloop
  endfacet
  facet normal -0.949534 -0.313665 0
    outer loop
      vertex -5.43742 -1.94554 0
      vertex -5.52633 -1.67639 0.599999
      vertex -5.52633 -1.67639 0
    endloop
  endfacet
  facet normal -0.949534 -0.313665 0
    outer loop
      vertex -5.52633 -1.67639 0.599999
      vertex -5.43742 -1.94554 0
      vertex -5.43742 -1.94554 0.599999
    endloop
  endfacet
  facet normal -0.932985 0.359915 0
    outer loop
      vertex -5.43742 1.94554 0
      vertex -5.3354 2.21 0.599999
      vertex -5.3354 2.21 0
    endloop
  endfacet
  facet normal -0.932985 0.359915 0
    outer loop
      vertex -5.3354 2.21 0.599999
      vertex -5.43742 1.94554 0
      vertex -5.43742 1.94554 0.599999
    endloop
  endfacet
  facet normal -0.266716 0.963775 0
    outer loop
      vertex -1.40321 5.60193 0
      vertex -1.67639 5.52633 0.599999
      vertex -1.40321 5.60193 0.599999
    endloop
  endfacet
  facet normal -0.266716 0.963775 0
    outer loop
      vertex -1.67639 5.52633 0.599999
      vertex -1.40321 5.60193 0
      vertex -1.67639 5.52633 0
    endloop
  endfacet
  facet normal -0.985278 0.170962 0
    outer loop
      vertex -5.71249 0.847368 0
      vertex -5.66403 1.12665 0.599999
      vertex -5.66403 1.12665 0
    endloop
  endfacet
  facet normal -0.985278 0.170962 0
    outer loop
      vertex -5.66403 1.12665 0.599999
      vertex -5.71249 0.847368 0
      vertex -5.71249 0.847368 0.599999
    endloop
  endfacet
  facet normal -0.61521 -0.788363 0
    outer loop
      vertex -3.66362 -4.46414 0
      vertex -3.44016 -4.63852 0.599999
      vertex -3.66362 -4.46414 0.599999
    endloop
  endfacet
  facet normal -0.61521 -0.788363 -0
    outer loop
      vertex -3.44016 -4.63852 0.599999
      vertex -3.66362 -4.46414 0
      vertex -3.44016 -4.63852 0
    endloop
  endfacet
  facet normal -0.975705 -0.219089 0
    outer loop
      vertex -5.60193 -1.40321 0
      vertex -5.66403 -1.12665 0.599999
      vertex -5.66403 -1.12665 0
    endloop
  endfacet
  facet normal -0.975705 -0.219089 0
    outer loop
      vertex -5.66403 -1.12665 0.599999
      vertex -5.60193 -1.40321 0
      vertex -5.60193 -1.40321 0.599999
    endloop
  endfacet
  facet normal -0.313665 0.949534 0
    outer loop
      vertex -1.67639 5.52633 0
      vertex -1.94554 5.43742 0.599999
      vertex -1.67639 5.52633 0.599999
    endloop
  endfacet
  facet normal -0.313665 0.949534 0
    outer loop
      vertex -1.94554 5.43742 0.599999
      vertex -1.67639 5.52633 0
      vertex -1.94554 5.43742 0
    endloop
  endfacet
  facet normal 0.219089 -0.975705 0
    outer loop
      vertex 1.12665 -5.66403 0
      vertex 1.40321 -5.60193 0.599999
      vertex 1.12665 -5.66403 0.599999
    endloop
  endfacet
  facet normal 0.219089 -0.975705 0
    outer loop
      vertex 1.40321 -5.60193 0.599999
      vertex 1.12665 -5.66403 0
      vertex 1.40321 -5.60193 0
    endloop
  endfacet
  facet normal 0.653191 -0.757193 0
    outer loop
      vertex 3.66362 -4.46414 0
      vertex 3.87825 -4.27899 0.599999
      vertex 3.66362 -4.46414 0.599999
    endloop
  endfacet
  facet normal 0.653191 -0.757193 0
    outer loop
      vertex 3.87825 -4.27899 0.599999
      vertex 3.66362 -4.46414 0
      vertex 3.87825 -4.27899 0
    endloop
  endfacet
  facet normal -0.963775 0.266716 0
    outer loop
      vertex -5.60193 1.40321 0
      vertex -5.52633 1.67639 0.599999
      vertex -5.52633 1.67639 0
    endloop
  endfacet
  facet normal -0.963775 0.266716 0
    outer loop
      vertex -5.52633 1.67639 0.599999
      vertex -5.60193 1.40321 0
      vertex -5.60193 1.40321 0.599999
    endloop
  endfacet
  facet normal -0.492902 -0.870085 0
    outer loop
      vertex -2.96894 -4.95338 0
      vertex -2.72232 -5.09309 0.599999
      vertex -2.96894 -4.95338 0.599999
    endloop
  endfacet
  facet normal -0.492902 -0.870085 -0
    outer loop
      vertex -2.72232 -5.09309 0.599999
      vertex -2.96894 -4.95338 0
      vertex -2.72232 -5.09309 0
    endloop
  endfacet
  facet normal -0.788363 -0.61521 0
    outer loop
      vertex -4.46414 -3.66362 0
      vertex -4.63852 -3.44016 0.599999
      vertex -4.63852 -3.44016 0
    endloop
  endfacet
  facet normal -0.788363 -0.61521 0
    outer loop
      vertex -4.63852 -3.44016 0.599999
      vertex -4.46414 -3.66362 0
      vertex -4.46414 -3.66362 0.599999
    endloop
  endfacet
  facet normal -0.12242 -0.992478 0
    outer loop
      vertex -0.847368 -5.71249 0
      vertex -0.566049 -5.74719 0.599999
      vertex -0.847368 -5.71249 0.599999
    endloop
  endfacet
  facet normal -0.12242 -0.992478 -0
    outer loop
      vertex -0.566049 -5.74719 0.599999
      vertex -0.847368 -5.71249 0
      vertex -0.566049 -5.74719 0
    endloop
  endfacet
  facet normal 0.313665 0.949534 -0
    outer loop
      vertex 1.94554 5.43742 0
      vertex 1.67639 5.52633 0.599999
      vertex 1.94554 5.43742 0.599999
    endloop
  endfacet
  facet normal 0.313665 0.949534 0
    outer loop
      vertex 1.67639 5.52633 0.599999
      vertex 1.94554 5.43742 0
      vertex 1.67639 5.52633 0
    endloop
  endfacet
  facet normal -0.405228 -0.914216 0
    outer loop
      vertex -2.46913 -5.22054 0
      vertex -2.21 -5.3354 0.599999
      vertex -2.46913 -5.22054 0.599999
    endloop
  endfacet
  facet normal -0.405228 -0.914216 -0
    outer loop
      vertex -2.21 -5.3354 0.599999
      vertex -2.46913 -5.22054 0
      vertex -2.21 -5.3354 0
    endloop
  endfacet
  facet normal -0.449625 0.893217 0
    outer loop
      vertex -2.46913 5.22054 0
      vertex -2.72232 5.09309 0.599999
      vertex -2.46913 5.22054 0.599999
    endloop
  endfacet
  facet normal -0.449625 0.893217 0
    outer loop
      vertex -2.72232 5.09309 0.599999
      vertex -2.46913 5.22054 0
      vertex -2.72232 5.09309 0
    endloop
  endfacet
  facet normal -0.449625 -0.893217 0
    outer loop
      vertex -2.72232 -5.09309 0
      vertex -2.46913 -5.22054 0.599999
      vertex -2.72232 -5.09309 0.599999
    endloop
  endfacet
  facet normal -0.449625 -0.893217 -0
    outer loop
      vertex -2.46913 -5.22054 0.599999
      vertex -2.72232 -5.09309 0
      vertex -2.46913 -5.22054 0
    endloop
  endfacet
  facet normal -0.914216 0.405228 0
    outer loop
      vertex -5.3354 2.21 0
      vertex -5.22054 2.46913 0.599999
      vertex -5.22054 2.46913 0
    endloop
  endfacet
  facet normal -0.914216 0.405228 0
    outer loop
      vertex -5.22054 2.46913 0.599999
      vertex -5.3354 2.21 0
      vertex -5.3354 2.21 0.599999
    endloop
  endfacet
  facet normal -0.893217 0.449625 0
    outer loop
      vertex -5.22054 2.46913 0
      vertex -5.09309 2.72232 0.599999
      vertex -5.09309 2.72232 0
    endloop
  endfacet
  facet normal -0.893217 0.449625 0
    outer loop
      vertex -5.09309 2.72232 0.599999
      vertex -5.22054 2.46913 0
      vertex -5.22054 2.46913 0.599999
    endloop
  endfacet
  facet normal 0.535013 0.844844 -0
    outer loop
      vertex -2.15923 -3.60246 0
      vertex -2.33339 -3.49217 2.2
      vertex -2.15923 -3.60246 2.2
    endloop
  endfacet
  facet normal 0.535013 0.844844 0
    outer loop
      vertex -2.33339 -3.49217 2.2
      vertex -2.15923 -3.60246 0
      vertex -2.33339 -3.49217 0
    endloop
  endfacet
  facet normal 0.870079 0.492912 0
    outer loop
      vertex -3.60246 -2.15923 2.2
      vertex -3.70407 -1.97987 0
      vertex -3.70407 -1.97987 2.2
    endloop
  endfacet
  facet normal 0.870079 0.492912 0
    outer loop
      vertex -3.70407 -1.97987 0
      vertex -3.60246 -2.15923 2.2
      vertex -3.60246 -2.15923 0
    endloop
  endfacet
  facet normal 0.844844 -0.535013 0
    outer loop
      vertex -3.60246 2.15923 2.2
      vertex -3.49217 2.33339 0
      vertex -3.49217 2.33339 2.2
    endloop
  endfacet
  facet normal 0.844844 -0.535013 0
    outer loop
      vertex -3.49217 2.33339 0
      vertex -3.60246 2.15923 2.2
      vertex -3.60246 2.15923 0
    endloop
  endfacet
  facet normal -0.89324 0.449579 0
    outer loop
      vertex 3.70407 -1.97987 0
      vertex 3.79675 -1.79573 2.2
      vertex 3.79675 -1.79573 0
    endloop
  endfacet
  facet normal -0.89324 0.449579 0
    outer loop
      vertex 3.79675 -1.79573 2.2
      vertex 3.70407 -1.97987 0
      vertex 3.70407 -1.97987 2.2
    endloop
  endfacet
  facet normal -0.122437 -0.992476 0
    outer loop
      vertex 0.411672 4.17978 0
      vertex 0.616267 4.15454 2.2
      vertex 0.411672 4.17978 2.2
    endloop
  endfacet
  facet normal -0.122437 -0.992476 -0
    outer loop
      vertex 0.616267 4.15454 2.2
      vertex 0.411672 4.17978 0
      vertex 0.616267 4.15454 0
    endloop
  endfacet
  facet normal -0.122437 0.992476 0
    outer loop
      vertex 0.616267 -4.15454 0
      vertex 0.411672 -4.17978 2.2
      vertex 0.616267 -4.15454 2.2
    endloop
  endfacet
  facet normal -0.122437 0.992476 0
    outer loop
      vertex 0.411672 -4.17978 2.2
      vertex 0.616267 -4.15454 0
      vertex 0.411672 -4.17978 0
    endloop
  endfacet
  facet normal 0.817599 0.575788 0
    outer loop
      vertex -3.37347 -2.50194 2.2
      vertex -3.49217 -2.33339 0
      vertex -3.49217 -2.33339 2.2
    endloop
  endfacet
  facet normal 0.817599 0.575788 0
    outer loop
      vertex -3.49217 -2.33339 0
      vertex -3.37347 -2.50194 2.2
      vertex -3.37347 -2.50194 0
    endloop
  endfacet
  facet normal 0.492912 0.870079 -0
    outer loop
      vertex -1.97987 -3.70407 0
      vertex -2.15923 -3.60246 2.2
      vertex -1.97987 -3.70407 2.2
    endloop
  endfacet
  facet normal 0.492912 0.870079 0
    outer loop
      vertex -2.15923 -3.60246 2.2
      vertex -1.97987 -3.70407 0
      vertex -2.15923 -3.60246 0
    endloop
  endfacet
  facet normal 0.313709 -0.949519 0
    outer loop
      vertex -1.41494 3.95448 0
      vertex -1.2192 4.01915 2.2
      vertex -1.41494 3.95448 2.2
    endloop
  endfacet
  facet normal 0.313709 -0.949519 0
    outer loop
      vertex -1.2192 4.01915 2.2
      vertex -1.41494 3.95448 0
      vertex -1.2192 4.01915 0
    endloop
  endfacet
  facet normal 0.359896 -0.932993 0
    outer loop
      vertex -1.60727 3.88029 0
      vertex -1.41494 3.95448 2.2
      vertex -1.60727 3.88029 2.2
    endloop
  endfacet
  facet normal 0.359896 -0.932993 0
    outer loop
      vertex -1.41494 3.95448 2.2
      vertex -1.60727 3.88029 0
      vertex -1.41494 3.95448 0
    endloop
  endfacet
  facet normal 0.575788 0.817599 -0
    outer loop
      vertex -2.33339 -3.49217 0
      vertex -2.50194 -3.37347 2.2
      vertex -2.33339 -3.49217 2.2
    endloop
  endfacet
  facet normal 0.575788 0.817599 0
    outer loop
      vertex -2.50194 -3.37347 2.2
      vertex -2.33339 -3.49217 0
      vertex -2.50194 -3.37347 0
    endloop
  endfacet
  facet normal 0.359896 0.932993 -0
    outer loop
      vertex -1.41494 -3.95448 0
      vertex -1.60727 -3.88029 2.2
      vertex -1.41494 -3.95448 2.2
    endloop
  endfacet
  facet normal 0.359896 0.932993 0
    outer loop
      vertex -1.60727 -3.88029 2.2
      vertex -1.41494 -3.95448 0
      vertex -1.60727 -3.88029 0
    endloop
  endfacet
  facet normal -0.405247 -0.914207 0
    outer loop
      vertex 1.60727 3.88029 0
      vertex 1.79573 3.79675 2.2
      vertex 1.60727 3.88029 2.2
    endloop
  endfacet
  facet normal -0.405247 -0.914207 -0
    outer loop
      vertex 1.79573 3.79675 2.2
      vertex 1.60727 3.88029 0
      vertex 1.79573 3.79675 0
    endloop
  endfacet
  facet normal -0.9757 0.219112 0
    outer loop
      vertex 4.07413 -1.02052 0
      vertex 4.1193 -0.819379 2.2
      vertex 4.1193 -0.819379 0
    endloop
  endfacet
  facet normal -0.9757 0.219112 0
    outer loop
      vertex 4.1193 -0.819379 2.2
      vertex 4.07413 -1.02052 0
      vertex 4.07413 -1.02052 2.2
    endloop
  endfacet
  facet normal 0.170946 0.98528 -0
    outer loop
      vertex -0.616267 -4.15454 0
      vertex -0.819379 -4.1193 2.2
      vertex -0.616267 -4.15454 2.2
    endloop
  endfacet
  facet normal 0.170946 0.98528 0
    outer loop
      vertex -0.819379 -4.1193 2.2
      vertex -0.616267 -4.15454 0
      vertex -0.819379 -4.1193 0
    endloop
  endfacet
  facet normal 0.788332 0.61525 0
    outer loop
      vertex -3.24664 -2.66445 2.2
      vertex -3.37347 -2.50194 0
      vertex -3.37347 -2.50194 2.2
    endloop
  endfacet
  facet normal 0.788332 0.61525 0
    outer loop
      vertex -3.37347 -2.50194 0
      vertex -3.24664 -2.66445 2.2
      vertex -3.24664 -2.66445 0
    endloop
  endfacet
  facet normal -0.0245458 0.999699 0
    outer loop
      vertex 0.206083 -4.19494 0
      vertex 0 -4.2 2.2
      vertex 0.206083 -4.19494 2.2
    endloop
  endfacet
  facet normal -0.0245458 0.999699 0
    outer loop
      vertex 0 -4.2 2.2
      vertex 0.206083 -4.19494 0
      vertex 0 -4.2 0
    endloop
  endfacet
  facet normal -0.492912 0.870079 0
    outer loop
      vertex 2.15923 -3.60246 0
      vertex 1.97987 -3.70407 2.2
      vertex 2.15923 -3.60246 2.2
    endloop
  endfacet
  facet normal -0.492912 0.870079 0
    outer loop
      vertex 1.97987 -3.70407 2.2
      vertex 2.15923 -3.60246 0
      vertex 1.97987 -3.70407 0
    endloop
  endfacet
  facet normal 0.997292 -0.0735397 0
    outer loop
      vertex -4.19494 0.206083 2.2
      vertex -4.17978 0.411672 0
      vertex -4.17978 0.411672 2.2
    endloop
  endfacet
  facet normal 0.997292 -0.0735397 0
    outer loop
      vertex -4.17978 0.411672 0
      vertex -4.19494 0.206083 2.2
      vertex -4.19494 0.206083 0
    endloop
  endfacet
  facet normal -0.689527 -0.72426 0
    outer loop
      vertex 2.82055 3.11199 0
      vertex 2.96985 2.96985 2.2
      vertex 2.82055 3.11199 2.2
    endloop
  endfacet
  facet normal -0.689527 -0.72426 -0
    outer loop
      vertex 2.96985 2.96985 2.2
      vertex 2.82055 3.11199 0
      vertex 2.96985 2.96985 0
    endloop
  endfacet
  facet normal -0.932993 0.359896 0
    outer loop
      vertex 3.88029 -1.60727 0
      vertex 3.95448 -1.41494 2.2
      vertex 3.95448 -1.41494 0
    endloop
  endfacet
  facet normal -0.932993 0.359896 0
    outer loop
      vertex 3.95448 -1.41494 2.2
      vertex 3.88029 -1.60727 0
      vertex 3.88029 -1.60727 2.2
    endloop
  endfacet
  facet normal 0.932993 0.359896 0
    outer loop
      vertex -3.88029 -1.60727 2.2
      vertex -3.95448 -1.41494 0
      vertex -3.95448 -1.41494 2.2
    endloop
  endfacet
  facet normal 0.932993 0.359896 0
    outer loop
      vertex -3.95448 -1.41494 0
      vertex -3.88029 -1.60727 2.2
      vertex -3.88029 -1.60727 0
    endloop
  endfacet
  facet normal -0.9757 -0.219112 0
    outer loop
      vertex 4.1193 0.819379 0
      vertex 4.07413 1.02052 2.2
      vertex 4.07413 1.02052 0
    endloop
  endfacet
  facet normal -0.9757 -0.219112 0
    outer loop
      vertex 4.07413 1.02052 2.2
      vertex 4.1193 0.819379 0
      vertex 4.1193 0.819379 2.2
    endloop
  endfacet
  facet normal -0.0245458 -0.999699 0
    outer loop
      vertex 0 4.2 0
      vertex 0.206083 4.19494 2.2
      vertex 0 4.2 2.2
    endloop
  endfacet
  facet normal -0.0245458 -0.999699 -0
    outer loop
      vertex 0.206083 4.19494 2.2
      vertex 0 4.2 0
      vertex 0.206083 4.19494 0
    endloop
  endfacet
  facet normal -0.0735397 -0.997292 0
    outer loop
      vertex 0.206083 4.19494 0
      vertex 0.411672 4.17978 2.2
      vertex 0.206083 4.19494 2.2
    endloop
  endfacet
  facet normal -0.0735397 -0.997292 -0
    outer loop
      vertex 0.411672 4.17978 2.2
      vertex 0.206083 4.19494 0
      vertex 0.411672 4.17978 0
    endloop
  endfacet
  facet normal -0.999699 0.0245458 0
    outer loop
      vertex 4.19494 -0.206083 0
      vertex 4.2 0 2.2
      vertex 4.2 0 0
    endloop
  endfacet
  facet normal -0.999699 0.0245458 0
    outer loop
      vertex 4.2 0 2.2
      vertex 4.19494 -0.206083 0
      vertex 4.19494 -0.206083 2.2
    endloop
  endfacet
  facet normal -0.999699 -0.0245458 0
    outer loop
      vertex 4.2 0 0
      vertex 4.19494 0.206083 2.2
      vertex 4.19494 0.206083 0
    endloop
  endfacet
  facet normal -0.999699 -0.0245458 0
    outer loop
      vertex 4.19494 0.206083 2.2
      vertex 4.2 0 0
      vertex 4.2 0 2.2
    endloop
  endfacet
  facet normal 0.72426 -0.689527 0
    outer loop
      vertex -3.11199 2.82055 2.2
      vertex -2.96985 2.96985 0
      vertex -2.96985 2.96985 2.2
    endloop
  endfacet
  facet normal 0.72426 -0.689527 0
    outer loop
      vertex -2.96985 2.96985 0
      vertex -3.11199 2.82055 2.2
      vertex -3.11199 2.82055 0
    endloop
  endfacet
  facet normal -0.914207 -0.405247 0
    outer loop
      vertex 3.88029 1.60727 0
      vertex 3.79675 1.79573 2.2
      vertex 3.79675 1.79573 0
    endloop
  endfacet
  facet normal -0.914207 -0.405247 0
    outer loop
      vertex 3.79675 1.79573 2.2
      vertex 3.88029 1.60727 0
      vertex 3.88029 1.60727 2.2
    endloop
  endfacet
  facet normal -0.89324 -0.449579 0
    outer loop
      vertex 3.79675 1.79573 0
      vertex 3.70407 1.97987 2.2
      vertex 3.70407 1.97987 0
    endloop
  endfacet
  facet normal -0.89324 -0.449579 0
    outer loop
      vertex 3.70407 1.97987 2.2
      vertex 3.79675 1.79573 0
      vertex 3.79675 1.79573 2.2
    endloop
  endfacet
  facet normal -0.0735397 0.997292 0
    outer loop
      vertex 0.411672 -4.17978 0
      vertex 0.206083 -4.19494 2.2
      vertex 0.411672 -4.17978 2.2
    endloop
  endfacet
  facet normal -0.0735397 0.997292 0
    outer loop
      vertex 0.206083 -4.19494 2.2
      vertex 0.411672 -4.17978 0
      vertex 0.206083 -4.19494 0
    endloop
  endfacet
  facet normal -0.313709 0.949519 0
    outer loop
      vertex 1.41494 -3.95448 0
      vertex 1.2192 -4.01915 2.2
      vertex 1.41494 -3.95448 2.2
    endloop
  endfacet
  facet normal -0.313709 0.949519 0
    outer loop
      vertex 1.2192 -4.01915 2.2
      vertex 1.41494 -3.95448 0
      vertex 1.2192 -4.01915 0
    endloop
  endfacet
  facet normal 0.89324 -0.449579 0
    outer loop
      vertex -3.79675 1.79573 2.2
      vertex -3.70407 1.97987 0
      vertex -3.70407 1.97987 2.2
    endloop
  endfacet
  facet normal 0.89324 -0.449579 0
    outer loop
      vertex -3.70407 1.97987 0
      vertex -3.79675 1.79573 2.2
      vertex -3.79675 1.79573 0
    endloop
  endfacet
  facet normal -0.997292 -0.0735397 0
    outer loop
      vertex 4.19494 0.206083 0
      vertex 4.17978 0.411672 2.2
      vertex 4.17978 0.411672 0
    endloop
  endfacet
  facet normal -0.997292 -0.0735397 0
    outer loop
      vertex 4.17978 0.411672 2.2
      vertex 4.19494 0.206083 0
      vertex 4.19494 0.206083 2.2
    endloop
  endfacet
  facet normal -0.949519 -0.313709 0
    outer loop
      vertex 4.01915 1.2192 0
      vertex 3.95448 1.41494 2.2
      vertex 3.95448 1.41494 0
    endloop
  endfacet
  facet normal -0.949519 -0.313709 0
    outer loop
      vertex 3.95448 1.41494 2.2
      vertex 4.01915 1.2192 0
      vertex 4.01915 1.2192 2.2
    endloop
  endfacet
  facet normal -0.788332 0.61525 0
    outer loop
      vertex 3.24664 -2.66445 0
      vertex 3.37347 -2.50194 2.2
      vertex 3.37347 -2.50194 0
    endloop
  endfacet
  facet normal -0.788332 0.61525 0
    outer loop
      vertex 3.37347 -2.50194 2.2
      vertex 3.24664 -2.66445 0
      vertex 3.24664 -2.66445 2.2
    endloop
  endfacet
  facet normal -0.449579 -0.89324 0
    outer loop
      vertex 1.79573 3.79675 0
      vertex 1.97987 3.70407 2.2
      vertex 1.79573 3.79675 2.2
    endloop
  endfacet
  facet normal -0.449579 -0.89324 -0
    outer loop
      vertex 1.97987 3.70407 2.2
      vertex 1.79573 3.79675 0
      vertex 1.97987 3.70407 0
    endloop
  endfacet
  facet normal -0.992476 -0.122437 0
    outer loop
      vertex 4.17978 0.411672 0
      vertex 4.15454 0.616267 2.2
      vertex 4.15454 0.616267 0
    endloop
  endfacet
  facet normal -0.992476 -0.122437 0
    outer loop
      vertex 4.15454 0.616267 2.2
      vertex 4.17978 0.411672 0
      vertex 4.17978 0.411672 2.2
    endloop
  endfacet
  facet normal 0.949519 -0.313709 0
    outer loop
      vertex -4.01915 1.2192 2.2
      vertex -3.95448 1.41494 0
      vertex -3.95448 1.41494 2.2
    endloop
  endfacet
  facet normal 0.949519 -0.313709 0
    outer loop
      vertex -3.95448 1.41494 0
      vertex -4.01915 1.2192 2.2
      vertex -4.01915 1.2192 0
    endloop
  endfacet
  facet normal -0.914207 0.405247 0
    outer loop
      vertex 3.79675 -1.79573 0
      vertex 3.88029 -1.60727 2.2
      vertex 3.88029 -1.60727 0
    endloop
  endfacet
  facet normal -0.914207 0.405247 0
    outer loop
      vertex 3.88029 -1.60727 2.2
      vertex 3.79675 -1.79573 0
      vertex 3.79675 -1.79573 2.2
    endloop
  endfacet
  facet normal -0.653165 -0.757216 0
    outer loop
      vertex 2.66445 3.24664 0
      vertex 2.82055 3.11199 2.2
      vertex 2.66445 3.24664 2.2
    endloop
  endfacet
  facet normal -0.653165 -0.757216 -0
    outer loop
      vertex 2.82055 3.11199 2.2
      vertex 2.66445 3.24664 0
      vertex 2.82055 3.11199 0
    endloop
  endfacet
  facet normal 0.788332 -0.61525 0
    outer loop
      vertex -3.37347 2.50194 2.2
      vertex -3.24664 2.66445 0
      vertex -3.24664 2.66445 2.2
    endloop
  endfacet
  facet normal 0.788332 -0.61525 0
    outer loop
      vertex -3.24664 2.66445 0
      vertex -3.37347 2.50194 2.2
      vertex -3.37347 2.50194 0
    endloop
  endfacet
  facet normal -0.313709 -0.949519 0
    outer loop
      vertex 1.2192 4.01915 0
      vertex 1.41494 3.95448 2.2
      vertex 1.2192 4.01915 2.2
    endloop
  endfacet
  facet normal -0.313709 -0.949519 -0
    outer loop
      vertex 1.41494 3.95448 2.2
      vertex 1.2192 4.01915 0
      vertex 1.41494 3.95448 0
    endloop
  endfacet
  facet normal -0.963779 -0.266703 0
    outer loop
      vertex 4.07413 1.02052 0
      vertex 4.01915 1.2192 2.2
      vertex 4.01915 1.2192 0
    endloop
  endfacet
  facet normal -0.963779 -0.266703 0
    outer loop
      vertex 4.01915 1.2192 2.2
      vertex 4.07413 1.02052 0
      vertex 4.07413 1.02052 2.2
    endloop
  endfacet
  facet normal 0.9757 0.219112 0
    outer loop
      vertex -4.07413 -1.02052 2.2
      vertex -4.1193 -0.819379 0
      vertex -4.1193 -0.819379 2.2
    endloop
  endfacet
  facet normal 0.9757 0.219112 0
    outer loop
      vertex -4.1193 -0.819379 0
      vertex -4.07413 -1.02052 2.2
      vertex -4.07413 -1.02052 0
    endloop
  endfacet
  facet normal -0.575788 0.817599 0
    outer loop
      vertex 2.50194 -3.37347 0
      vertex 2.33339 -3.49217 2.2
      vertex 2.50194 -3.37347 2.2
    endloop
  endfacet
  facet normal -0.575788 0.817599 0
    outer loop
      vertex 2.33339 -3.49217 2.2
      vertex 2.50194 -3.37347 0
      vertex 2.33339 -3.49217 0
    endloop
  endfacet
  facet normal -0.535013 0.844844 0
    outer loop
      vertex 2.33339 -3.49217 0
      vertex 2.15923 -3.60246 2.2
      vertex 2.33339 -3.49217 2.2
    endloop
  endfacet
  facet normal -0.535013 0.844844 0
    outer loop
      vertex 2.15923 -3.60246 2.2
      vertex 2.33339 -3.49217 0
      vertex 2.15923 -3.60246 0
    endloop
  endfacet
  facet normal 0.653165 -0.757216 0
    outer loop
      vertex -2.82055 3.11199 0
      vertex -2.66445 3.24664 2.2
      vertex -2.82055 3.11199 2.2
    endloop
  endfacet
  facet normal 0.653165 -0.757216 0
    outer loop
      vertex -2.66445 3.24664 2.2
      vertex -2.82055 3.11199 0
      vertex -2.66445 3.24664 0
    endloop
  endfacet
  facet normal -0.405247 0.914207 0
    outer loop
      vertex 1.79573 -3.79675 0
      vertex 1.60727 -3.88029 2.2
      vertex 1.79573 -3.79675 2.2
    endloop
  endfacet
  facet normal -0.405247 0.914207 0
    outer loop
      vertex 1.60727 -3.88029 2.2
      vertex 1.79573 -3.79675 0
      vertex 1.60727 -3.88029 0
    endloop
  endfacet
  facet normal 0.9757 -0.219112 0
    outer loop
      vertex -4.1193 0.819379 2.2
      vertex -4.07413 1.02052 0
      vertex -4.07413 1.02052 2.2
    endloop
  endfacet
  facet normal 0.9757 -0.219112 0
    outer loop
      vertex -4.07413 1.02052 0
      vertex -4.1193 0.819379 2.2
      vertex -4.1193 0.819379 0
    endloop
  endfacet
  facet normal -0.449579 0.89324 0
    outer loop
      vertex 1.97987 -3.70407 0
      vertex 1.79573 -3.79675 2.2
      vertex 1.97987 -3.70407 2.2
    endloop
  endfacet
  facet normal -0.449579 0.89324 0
    outer loop
      vertex 1.79573 -3.79675 2.2
      vertex 1.97987 -3.70407 0
      vertex 1.79573 -3.79675 0
    endloop
  endfacet
  facet normal -0.72426 0.689527 0
    outer loop
      vertex 2.96985 -2.96985 0
      vertex 3.11199 -2.82055 2.2
      vertex 3.11199 -2.82055 0
    endloop
  endfacet
  facet normal -0.72426 0.689527 0
    outer loop
      vertex 3.11199 -2.82055 2.2
      vertex 2.96985 -2.96985 0
      vertex 2.96985 -2.96985 2.2
    endloop
  endfacet
  facet normal -0.72426 -0.689527 0
    outer loop
      vertex 3.11199 2.82055 0
      vertex 2.96985 2.96985 2.2
      vertex 2.96985 2.96985 0
    endloop
  endfacet
  facet normal -0.72426 -0.689527 0
    outer loop
      vertex 2.96985 2.96985 2.2
      vertex 3.11199 2.82055 0
      vertex 3.11199 2.82055 2.2
    endloop
  endfacet
  facet normal -0.963779 0.266703 0
    outer loop
      vertex 4.01915 -1.2192 0
      vertex 4.07413 -1.02052 2.2
      vertex 4.07413 -1.02052 0
    endloop
  endfacet
  facet normal -0.963779 0.266703 0
    outer loop
      vertex 4.07413 -1.02052 2.2
      vertex 4.01915 -1.2192 0
      vertex 4.01915 -1.2192 2.2
    endloop
  endfacet
  facet normal -0.170946 0.98528 0
    outer loop
      vertex 0.819379 -4.1193 0
      vertex 0.616267 -4.15454 2.2
      vertex 0.819379 -4.1193 2.2
    endloop
  endfacet
  facet normal -0.170946 0.98528 0
    outer loop
      vertex 0.616267 -4.15454 2.2
      vertex 0.819379 -4.1193 0
      vertex 0.616267 -4.15454 0
    endloop
  endfacet
  facet normal -0.492912 -0.870079 0
    outer loop
      vertex 1.97987 3.70407 0
      vertex 2.15923 3.60246 2.2
      vertex 1.97987 3.70407 2.2
    endloop
  endfacet
  facet normal -0.492912 -0.870079 -0
    outer loop
      vertex 2.15923 3.60246 2.2
      vertex 1.97987 3.70407 0
      vertex 2.15923 3.60246 0
    endloop
  endfacet
  facet normal -0.61525 0.788332 0
    outer loop
      vertex 2.66445 -3.24664 0
      vertex 2.50194 -3.37347 2.2
      vertex 2.66445 -3.24664 2.2
    endloop
  endfacet
  facet normal -0.61525 0.788332 0
    outer loop
      vertex 2.50194 -3.37347 2.2
      vertex 2.66445 -3.24664 0
      vertex 2.50194 -3.37347 0
    endloop
  endfacet
  facet normal -0.788332 -0.61525 0
    outer loop
      vertex 3.37347 2.50194 0
      vertex 3.24664 2.66445 2.2
      vertex 3.24664 2.66445 0
    endloop
  endfacet
  facet normal -0.788332 -0.61525 0
    outer loop
      vertex 3.24664 2.66445 2.2
      vertex 3.37347 2.50194 0
      vertex 3.37347 2.50194 2.2
    endloop
  endfacet
  facet normal 0.313709 0.949519 -0
    outer loop
      vertex -1.2192 -4.01915 0
      vertex -1.41494 -3.95448 2.2
      vertex -1.2192 -4.01915 2.2
    endloop
  endfacet
  facet normal 0.313709 0.949519 0
    outer loop
      vertex -1.41494 -3.95448 2.2
      vertex -1.2192 -4.01915 0
      vertex -1.41494 -3.95448 0
    endloop
  endfacet
  facet normal 0.999699 0.0245458 0
    outer loop
      vertex -4.19494 -0.206083 2.2
      vertex -4.2 0 0
      vertex -4.2 0 2.2
    endloop
  endfacet
  facet normal 0.999699 0.0245458 0
    outer loop
      vertex -4.2 0 0
      vertex -4.19494 -0.206083 2.2
      vertex -4.19494 -0.206083 0
    endloop
  endfacet
  facet normal 0.0245458 0.999699 -0
    outer loop
      vertex 0 -4.2 0
      vertex -0.206083 -4.19494 2.2
      vertex 0 -4.2 2.2
    endloop
  endfacet
  facet normal 0.0245458 0.999699 0
    outer loop
      vertex -0.206083 -4.19494 2.2
      vertex 0 -4.2 0
      vertex -0.206083 -4.19494 0
    endloop
  endfacet
  facet normal 0.0735397 -0.997292 0
    outer loop
      vertex -0.411672 4.17978 0
      vertex -0.206083 4.19494 2.2
      vertex -0.411672 4.17978 2.2
    endloop
  endfacet
  facet normal 0.0735397 -0.997292 0
    outer loop
      vertex -0.206083 4.19494 2.2
      vertex -0.411672 4.17978 0
      vertex -0.206083 4.19494 0
    endloop
  endfacet
  facet normal 0.757216 0.653165 0
    outer loop
      vertex -3.11199 -2.82055 2.2
      vertex -3.24664 -2.66445 0
      vertex -3.24664 -2.66445 2.2
    endloop
  endfacet
  facet normal 0.757216 0.653165 0
    outer loop
      vertex -3.24664 -2.66445 0
      vertex -3.11199 -2.82055 2.2
      vertex -3.11199 -2.82055 0
    endloop
  endfacet
  facet normal 0.405247 0.914207 -0
    outer loop
      vertex -1.60727 -3.88029 0
      vertex -1.79573 -3.79675 2.2
      vertex -1.60727 -3.88029 2.2
    endloop
  endfacet
  facet normal 0.405247 0.914207 0
    outer loop
      vertex -1.79573 -3.79675 2.2
      vertex -1.60727 -3.88029 0
      vertex -1.79573 -3.79675 0
    endloop
  endfacet
  facet normal -0.653165 0.757216 0
    outer loop
      vertex 2.82055 -3.11199 0
      vertex 2.66445 -3.24664 2.2
      vertex 2.82055 -3.11199 2.2
    endloop
  endfacet
  facet normal -0.653165 0.757216 0
    outer loop
      vertex 2.66445 -3.24664 2.2
      vertex 2.82055 -3.11199 0
      vertex 2.66445 -3.24664 0
    endloop
  endfacet
  facet normal -0.757216 0.653165 0
    outer loop
      vertex 3.11199 -2.82055 0
      vertex 3.24664 -2.66445 2.2
      vertex 3.24664 -2.66445 0
    endloop
  endfacet
  facet normal -0.757216 0.653165 0
    outer loop
      vertex 3.24664 -2.66445 2.2
      vertex 3.11199 -2.82055 0
      vertex 3.11199 -2.82055 2.2
    endloop
  endfacet
  facet normal -0.817599 0.575788 0
    outer loop
      vertex 3.37347 -2.50194 0
      vertex 3.49217 -2.33339 2.2
      vertex 3.49217 -2.33339 0
    endloop
  endfacet
  facet normal -0.817599 0.575788 0
    outer loop
      vertex 3.49217 -2.33339 2.2
      vertex 3.37347 -2.50194 0
      vertex 3.37347 -2.50194 2.2
    endloop
  endfacet
  facet normal -0.689527 0.72426 0
    outer loop
      vertex 2.96985 -2.96985 0
      vertex 2.82055 -3.11199 2.2
      vertex 2.96985 -2.96985 2.2
    endloop
  endfacet
  facet normal -0.689527 0.72426 0
    outer loop
      vertex 2.82055 -3.11199 2.2
      vertex 2.96985 -2.96985 0
      vertex 2.82055 -3.11199 0
    endloop
  endfacet
  facet normal 0.122437 -0.992476 0
    outer loop
      vertex -0.616267 4.15454 0
      vertex -0.411672 4.17978 2.2
      vertex -0.616267 4.15454 2.2
    endloop
  endfacet
  facet normal 0.122437 -0.992476 0
    outer loop
      vertex -0.411672 4.17978 2.2
      vertex -0.616267 4.15454 0
      vertex -0.411672 4.17978 0
    endloop
  endfacet
  facet normal -0.844844 -0.535013 0
    outer loop
      vertex 3.60246 2.15923 0
      vertex 3.49217 2.33339 2.2
      vertex 3.49217 2.33339 0
    endloop
  endfacet
  facet normal -0.844844 -0.535013 0
    outer loop
      vertex 3.49217 2.33339 2.2
      vertex 3.60246 2.15923 0
      vertex 3.60246 2.15923 2.2
    endloop
  endfacet
  facet normal 0.89324 0.449579 0
    outer loop
      vertex -3.70407 -1.97987 2.2
      vertex -3.79675 -1.79573 0
      vertex -3.79675 -1.79573 2.2
    endloop
  endfacet
  facet normal 0.89324 0.449579 0
    outer loop
      vertex -3.79675 -1.79573 0
      vertex -3.70407 -1.97987 2.2
      vertex -3.70407 -1.97987 0
    endloop
  endfacet
  facet normal -0.98528 -0.170946 0
    outer loop
      vertex 4.15454 0.616267 0
      vertex 4.1193 0.819379 2.2
      vertex 4.1193 0.819379 0
    endloop
  endfacet
  facet normal -0.98528 -0.170946 0
    outer loop
      vertex 4.1193 0.819379 2.2
      vertex 4.15454 0.616267 0
      vertex 4.15454 0.616267 2.2
    endloop
  endfacet
  facet normal -0.997292 0.0735397 0
    outer loop
      vertex 4.17978 -0.411672 0
      vertex 4.19494 -0.206083 2.2
      vertex 4.19494 -0.206083 0
    endloop
  endfacet
  facet normal -0.997292 0.0735397 0
    outer loop
      vertex 4.19494 -0.206083 2.2
      vertex 4.17978 -0.411672 0
      vertex 4.17978 -0.411672 2.2
    endloop
  endfacet
  facet normal -0.932993 -0.359896 0
    outer loop
      vertex 3.95448 1.41494 0
      vertex 3.88029 1.60727 2.2
      vertex 3.88029 1.60727 0
    endloop
  endfacet
  facet normal -0.932993 -0.359896 0
    outer loop
      vertex 3.88029 1.60727 2.2
      vertex 3.95448 1.41494 0
      vertex 3.95448 1.41494 2.2
    endloop
  endfacet
  facet normal 0.72426 0.689527 0
    outer loop
      vertex -2.96985 -2.96985 2.2
      vertex -3.11199 -2.82055 0
      vertex -3.11199 -2.82055 2.2
    endloop
  endfacet
  facet normal 0.72426 0.689527 0
    outer loop
      vertex -3.11199 -2.82055 0
      vertex -2.96985 -2.96985 2.2
      vertex -2.96985 -2.96985 0
    endloop
  endfacet
  facet normal 0.0245458 -0.999699 0
    outer loop
      vertex -0.206083 4.19494 0
      vertex 0 4.2 2.2
      vertex -0.206083 4.19494 2.2
    endloop
  endfacet
  facet normal 0.0245458 -0.999699 0
    outer loop
      vertex 0 4.2 2.2
      vertex -0.206083 4.19494 0
      vertex 0 4.2 0
    endloop
  endfacet
  facet normal 0.535013 -0.844844 0
    outer loop
      vertex -2.33339 3.49217 0
      vertex -2.15923 3.60246 2.2
      vertex -2.33339 3.49217 2.2
    endloop
  endfacet
  facet normal 0.535013 -0.844844 0
    outer loop
      vertex -2.15923 3.60246 2.2
      vertex -2.33339 3.49217 0
      vertex -2.15923 3.60246 0
    endloop
  endfacet
  facet normal 0.61525 0.788332 -0
    outer loop
      vertex -2.50194 -3.37347 0
      vertex -2.66445 -3.24664 2.2
      vertex -2.50194 -3.37347 2.2
    endloop
  endfacet
  facet normal 0.61525 0.788332 0
    outer loop
      vertex -2.66445 -3.24664 2.2
      vertex -2.50194 -3.37347 0
      vertex -2.66445 -3.24664 0
    endloop
  endfacet
  facet normal -0.870079 -0.492912 0
    outer loop
      vertex 3.70407 1.97987 0
      vertex 3.60246 2.15923 2.2
      vertex 3.60246 2.15923 0
    endloop
  endfacet
  facet normal -0.870079 -0.492912 0
    outer loop
      vertex 3.60246 2.15923 2.2
      vertex 3.70407 1.97987 0
      vertex 3.70407 1.97987 2.2
    endloop
  endfacet
  facet normal -0.817599 -0.575788 0
    outer loop
      vertex 3.49217 2.33339 0
      vertex 3.37347 2.50194 2.2
      vertex 3.37347 2.50194 0
    endloop
  endfacet
  facet normal -0.817599 -0.575788 0
    outer loop
      vertex 3.37347 2.50194 2.2
      vertex 3.49217 2.33339 0
      vertex 3.49217 2.33339 2.2
    endloop
  endfacet
  facet normal 0.689527 -0.72426 0
    outer loop
      vertex -2.96985 2.96985 0
      vertex -2.82055 3.11199 2.2
      vertex -2.96985 2.96985 2.2
    endloop
  endfacet
  facet normal 0.689527 -0.72426 0
    outer loop
      vertex -2.82055 3.11199 2.2
      vertex -2.96985 2.96985 0
      vertex -2.82055 3.11199 0
    endloop
  endfacet
  facet normal 0.999699 -0.0245458 0
    outer loop
      vertex -4.2 0 2.2
      vertex -4.19494 0.206083 0
      vertex -4.19494 0.206083 2.2
    endloop
  endfacet
  facet normal 0.999699 -0.0245458 0
    outer loop
      vertex -4.19494 0.206083 0
      vertex -4.2 0 2.2
      vertex -4.2 0 0
    endloop
  endfacet
  facet normal 0.122437 0.992476 -0
    outer loop
      vertex -0.411672 -4.17978 0
      vertex -0.616267 -4.15454 2.2
      vertex -0.411672 -4.17978 2.2
    endloop
  endfacet
  facet normal 0.122437 0.992476 0
    outer loop
      vertex -0.616267 -4.15454 2.2
      vertex -0.411672 -4.17978 0
      vertex -0.616267 -4.15454 0
    endloop
  endfacet
  facet normal -0.575788 -0.817599 0
    outer loop
      vertex 2.33339 3.49217 0
      vertex 2.50194 3.37347 2.2
      vertex 2.33339 3.49217 2.2
    endloop
  endfacet
  facet normal -0.575788 -0.817599 -0
    outer loop
      vertex 2.50194 3.37347 2.2
      vertex 2.33339 3.49217 0
      vertex 2.50194 3.37347 0
    endloop
  endfacet
  facet normal -0.992476 0.122437 0
    outer loop
      vertex 4.15454 -0.616267 0
      vertex 4.17978 -0.411672 2.2
      vertex 4.17978 -0.411672 0
    endloop
  endfacet
  facet normal -0.992476 0.122437 0
    outer loop
      vertex 4.17978 -0.411672 2.2
      vertex 4.15454 -0.616267 0
      vertex 4.15454 -0.616267 2.2
    endloop
  endfacet
  facet normal -0.535013 -0.844844 0
    outer loop
      vertex 2.15923 3.60246 0
      vertex 2.33339 3.49217 2.2
      vertex 2.15923 3.60246 2.2
    endloop
  endfacet
  facet normal -0.535013 -0.844844 -0
    outer loop
      vertex 2.33339 3.49217 2.2
      vertex 2.15923 3.60246 0
      vertex 2.33339 3.49217 0
    endloop
  endfacet
  facet normal -0.61525 -0.788332 0
    outer loop
      vertex 2.50194 3.37347 0
      vertex 2.66445 3.24664 2.2
      vertex 2.50194 3.37347 2.2
    endloop
  endfacet
  facet normal -0.61525 -0.788332 -0
    outer loop
      vertex 2.66445 3.24664 2.2
      vertex 2.50194 3.37347 0
      vertex 2.66445 3.24664 0
    endloop
  endfacet
  facet normal 0.170946 -0.98528 0
    outer loop
      vertex -0.819379 4.1193 0
      vertex -0.616267 4.15454 2.2
      vertex -0.819379 4.1193 2.2
    endloop
  endfacet
  facet normal 0.170946 -0.98528 0
    outer loop
      vertex -0.616267 4.15454 2.2
      vertex -0.819379 4.1193 0
      vertex -0.616267 4.15454 0
    endloop
  endfacet
  facet normal -0.949519 0.313709 0
    outer loop
      vertex 3.95448 -1.41494 0
      vertex 4.01915 -1.2192 2.2
      vertex 4.01915 -1.2192 0
    endloop
  endfacet
  facet normal -0.949519 0.313709 0
    outer loop
      vertex 4.01915 -1.2192 2.2
      vertex 3.95448 -1.41494 0
      vertex 3.95448 -1.41494 2.2
    endloop
  endfacet
  facet normal 0.0735397 0.997292 -0
    outer loop
      vertex -0.206083 -4.19494 0
      vertex -0.411672 -4.17978 2.2
      vertex -0.206083 -4.19494 2.2
    endloop
  endfacet
  facet normal 0.0735397 0.997292 0
    outer loop
      vertex -0.411672 -4.17978 2.2
      vertex -0.206083 -4.19494 0
      vertex -0.411672 -4.17978 0
    endloop
  endfacet
  facet normal 0.492912 -0.870079 0
    outer loop
      vertex -2.15923 3.60246 0
      vertex -1.97987 3.70407 2.2
      vertex -2.15923 3.60246 2.2
    endloop
  endfacet
  facet normal 0.492912 -0.870079 0
    outer loop
      vertex -1.97987 3.70407 2.2
      vertex -2.15923 3.60246 0
      vertex -1.97987 3.70407 0
    endloop
  endfacet
  facet normal 0.949519 0.313709 0
    outer loop
      vertex -3.95448 -1.41494 2.2
      vertex -4.01915 -1.2192 0
      vertex -4.01915 -1.2192 2.2
    endloop
  endfacet
  facet normal 0.949519 0.313709 0
    outer loop
      vertex -4.01915 -1.2192 0
      vertex -3.95448 -1.41494 2.2
      vertex -3.95448 -1.41494 0
    endloop
  endfacet
  facet normal -0.98528 0.170946 0
    outer loop
      vertex 4.1193 -0.819379 0
      vertex 4.15454 -0.616267 2.2
      vertex 4.15454 -0.616267 0
    endloop
  endfacet
  facet normal -0.98528 0.170946 0
    outer loop
      vertex 4.15454 -0.616267 2.2
      vertex 4.1193 -0.819379 0
      vertex 4.1193 -0.819379 2.2
    endloop
  endfacet
  facet normal -0.219112 0.9757 0
    outer loop
      vertex 1.02052 -4.07413 0
      vertex 0.819379 -4.1193 2.2
      vertex 1.02052 -4.07413 2.2
    endloop
  endfacet
  facet normal -0.219112 0.9757 0
    outer loop
      vertex 0.819379 -4.1193 2.2
      vertex 1.02052 -4.07413 0
      vertex 0.819379 -4.1193 0
    endloop
  endfacet
  facet normal 0.914207 -0.405247 0
    outer loop
      vertex -3.88029 1.60727 2.2
      vertex -3.79675 1.79573 0
      vertex -3.79675 1.79573 2.2
    endloop
  endfacet
  facet normal 0.914207 -0.405247 0
    outer loop
      vertex -3.79675 1.79573 0
      vertex -3.88029 1.60727 2.2
      vertex -3.88029 1.60727 0
    endloop
  endfacet
  facet normal 0.98528 0.170946 0
    outer loop
      vertex -4.1193 -0.819379 2.2
      vertex -4.15454 -0.616267 0
      vertex -4.15454 -0.616267 2.2
    endloop
  endfacet
  facet normal 0.98528 0.170946 0
    outer loop
      vertex -4.15454 -0.616267 0
      vertex -4.1193 -0.819379 2.2
      vertex -4.1193 -0.819379 0
    endloop
  endfacet
  facet normal 0.992476 0.122437 0
    outer loop
      vertex -4.15454 -0.616267 2.2
      vertex -4.17978 -0.411672 0
      vertex -4.17978 -0.411672 2.2
    endloop
  endfacet
  facet normal 0.992476 0.122437 0
    outer loop
      vertex -4.17978 -0.411672 0
      vertex -4.15454 -0.616267 2.2
      vertex -4.15454 -0.616267 0
    endloop
  endfacet
  facet normal 0.870079 -0.492912 0
    outer loop
      vertex -3.70407 1.97987 2.2
      vertex -3.60246 2.15923 0
      vertex -3.60246 2.15923 2.2
    endloop
  endfacet
  facet normal 0.870079 -0.492912 0
    outer loop
      vertex -3.60246 2.15923 0
      vertex -3.70407 1.97987 2.2
      vertex -3.70407 1.97987 0
    endloop
  endfacet
  facet normal 0.98528 -0.170946 0
    outer loop
      vertex -4.15454 0.616267 2.2
      vertex -4.1193 0.819379 0
      vertex -4.1193 0.819379 2.2
    endloop
  endfacet
  facet normal 0.98528 -0.170946 0
    outer loop
      vertex -4.1193 0.819379 0
      vertex -4.15454 0.616267 2.2
      vertex -4.15454 0.616267 0
    endloop
  endfacet
  facet normal 0.997292 0.0735397 0
    outer loop
      vertex -4.17978 -0.411672 2.2
      vertex -4.19494 -0.206083 0
      vertex -4.19494 -0.206083 2.2
    endloop
  endfacet
  facet normal 0.997292 0.0735397 0
    outer loop
      vertex -4.19494 -0.206083 0
      vertex -4.17978 -0.411672 2.2
      vertex -4.17978 -0.411672 0
    endloop
  endfacet
  facet normal -0.757216 -0.653165 0
    outer loop
      vertex 3.24664 2.66445 0
      vertex 3.11199 2.82055 2.2
      vertex 3.11199 2.82055 0
    endloop
  endfacet
  facet normal -0.757216 -0.653165 0
    outer loop
      vertex 3.11199 2.82055 2.2
      vertex 3.24664 2.66445 0
      vertex 3.24664 2.66445 2.2
    endloop
  endfacet
  facet normal 0.575788 -0.817599 0
    outer loop
      vertex -2.50194 3.37347 0
      vertex -2.33339 3.49217 2.2
      vertex -2.50194 3.37347 2.2
    endloop
  endfacet
  facet normal 0.575788 -0.817599 0
    outer loop
      vertex -2.33339 3.49217 2.2
      vertex -2.50194 3.37347 0
      vertex -2.33339 3.49217 0
    endloop
  endfacet
  facet normal -0.359896 -0.932993 0
    outer loop
      vertex 1.41494 3.95448 0
      vertex 1.60727 3.88029 2.2
      vertex 1.41494 3.95448 2.2
    endloop
  endfacet
  facet normal -0.359896 -0.932993 -0
    outer loop
      vertex 1.60727 3.88029 2.2
      vertex 1.41494 3.95448 0
      vertex 1.60727 3.88029 0
    endloop
  endfacet
  facet normal -0.266703 0.963779 0
    outer loop
      vertex 1.2192 -4.01915 0
      vertex 1.02052 -4.07413 2.2
      vertex 1.2192 -4.01915 2.2
    endloop
  endfacet
  facet normal -0.266703 0.963779 0
    outer loop
      vertex 1.02052 -4.07413 2.2
      vertex 1.2192 -4.01915 0
      vertex 1.02052 -4.07413 0
    endloop
  endfacet
  facet normal -0.870079 0.492912 0
    outer loop
      vertex 3.60246 -2.15923 0
      vertex 3.70407 -1.97987 2.2
      vertex 3.70407 -1.97987 0
    endloop
  endfacet
  facet normal -0.870079 0.492912 0
    outer loop
      vertex 3.70407 -1.97987 2.2
      vertex 3.60246 -2.15923 0
      vertex 3.60246 -2.15923 2.2
    endloop
  endfacet
  facet normal 0.219112 -0.9757 0
    outer loop
      vertex -1.02052 4.07413 0
      vertex -0.819379 4.1193 2.2
      vertex -1.02052 4.07413 2.2
    endloop
  endfacet
  facet normal 0.219112 -0.9757 0
    outer loop
      vertex -0.819379 4.1193 2.2
      vertex -1.02052 4.07413 0
      vertex -0.819379 4.1193 0
    endloop
  endfacet
  facet normal 0.817599 -0.575788 0
    outer loop
      vertex -3.49217 2.33339 2.2
      vertex -3.37347 2.50194 0
      vertex -3.37347 2.50194 2.2
    endloop
  endfacet
  facet normal 0.817599 -0.575788 0
    outer loop
      vertex -3.37347 2.50194 0
      vertex -3.49217 2.33339 2.2
      vertex -3.49217 2.33339 0
    endloop
  endfacet
  facet normal 0.757216 -0.653165 0
    outer loop
      vertex -3.24664 2.66445 2.2
      vertex -3.11199 2.82055 0
      vertex -3.11199 2.82055 2.2
    endloop
  endfacet
  facet normal 0.757216 -0.653165 0
    outer loop
      vertex -3.11199 2.82055 0
      vertex -3.24664 2.66445 2.2
      vertex -3.24664 2.66445 0
    endloop
  endfacet
  facet normal 0.449579 -0.89324 0
    outer loop
      vertex -1.97987 3.70407 0
      vertex -1.79573 3.79675 2.2
      vertex -1.97987 3.70407 2.2
    endloop
  endfacet
  facet normal 0.449579 -0.89324 0
    outer loop
      vertex -1.79573 3.79675 2.2
      vertex -1.97987 3.70407 0
      vertex -1.79573 3.79675 0
    endloop
  endfacet
  facet normal -0.170946 -0.98528 0
    outer loop
      vertex 0.616267 4.15454 0
      vertex 0.819379 4.1193 2.2
      vertex 0.616267 4.15454 2.2
    endloop
  endfacet
  facet normal -0.170946 -0.98528 -0
    outer loop
      vertex 0.819379 4.1193 2.2
      vertex 0.616267 4.15454 0
      vertex 0.819379 4.1193 0
    endloop
  endfacet
  facet normal 0.932993 -0.359896 0
    outer loop
      vertex -3.95448 1.41494 2.2
      vertex -3.88029 1.60727 0
      vertex -3.88029 1.60727 2.2
    endloop
  endfacet
  facet normal 0.932993 -0.359896 0
    outer loop
      vertex -3.88029 1.60727 0
      vertex -3.95448 1.41494 2.2
      vertex -3.95448 1.41494 0
    endloop
  endfacet
  facet normal -0.359896 0.932993 0
    outer loop
      vertex 1.60727 -3.88029 0
      vertex 1.41494 -3.95448 2.2
      vertex 1.60727 -3.88029 2.2
    endloop
  endfacet
  facet normal -0.359896 0.932993 0
    outer loop
      vertex 1.41494 -3.95448 2.2
      vertex 1.60727 -3.88029 0
      vertex 1.41494 -3.95448 0
    endloop
  endfacet
  facet normal 0.992476 -0.122437 0
    outer loop
      vertex -4.17978 0.411672 2.2
      vertex -4.15454 0.616267 0
      vertex -4.15454 0.616267 2.2
    endloop
  endfacet
  facet normal 0.992476 -0.122437 0
    outer loop
      vertex -4.15454 0.616267 0
      vertex -4.17978 0.411672 2.2
      vertex -4.17978 0.411672 0
    endloop
  endfacet
  facet normal 0.61525 -0.788332 0
    outer loop
      vertex -2.66445 3.24664 0
      vertex -2.50194 3.37347 2.2
      vertex -2.66445 3.24664 2.2
    endloop
  endfacet
  facet normal 0.61525 -0.788332 0
    outer loop
      vertex -2.50194 3.37347 2.2
      vertex -2.66445 3.24664 0
      vertex -2.50194 3.37347 0
    endloop
  endfacet
  facet normal 0.844844 0.535013 0
    outer loop
      vertex -3.49217 -2.33339 2.2
      vertex -3.60246 -2.15923 0
      vertex -3.60246 -2.15923 2.2
    endloop
  endfacet
  facet normal 0.844844 0.535013 0
    outer loop
      vertex -3.60246 -2.15923 0
      vertex -3.49217 -2.33339 2.2
      vertex -3.49217 -2.33339 0
    endloop
  endfacet
  facet normal 0.266703 -0.963779 0
    outer loop
      vertex -1.2192 4.01915 0
      vertex -1.02052 4.07413 2.2
      vertex -1.2192 4.01915 2.2
    endloop
  endfacet
  facet normal 0.266703 -0.963779 0
    outer loop
      vertex -1.02052 4.07413 2.2
      vertex -1.2192 4.01915 0
      vertex -1.02052 4.07413 0
    endloop
  endfacet
  facet normal -0.844844 0.535013 0
    outer loop
      vertex 3.49217 -2.33339 0
      vertex 3.60246 -2.15923 2.2
      vertex 3.60246 -2.15923 0
    endloop
  endfacet
  facet normal -0.844844 0.535013 0
    outer loop
      vertex 3.60246 -2.15923 2.2
      vertex 3.49217 -2.33339 0
      vertex 3.49217 -2.33339 2.2
    endloop
  endfacet
  facet normal 0.963779 0.266703 0
    outer loop
      vertex -4.01915 -1.2192 2.2
      vertex -4.07413 -1.02052 0
      vertex -4.07413 -1.02052 2.2
    endloop
  endfacet
  facet normal 0.963779 0.266703 0
    outer loop
      vertex -4.07413 -1.02052 0
      vertex -4.01915 -1.2192 2.2
      vertex -4.01915 -1.2192 0
    endloop
  endfacet
  facet normal 0.219112 0.9757 -0
    outer loop
      vertex -0.819379 -4.1193 0
      vertex -1.02052 -4.07413 2.2
      vertex -0.819379 -4.1193 2.2
    endloop
  endfacet
  facet normal 0.219112 0.9757 0
    outer loop
      vertex -1.02052 -4.07413 2.2
      vertex -0.819379 -4.1193 0
      vertex -1.02052 -4.07413 0
    endloop
  endfacet
  facet normal 0.963779 -0.266703 0
    outer loop
      vertex -4.07413 1.02052 2.2
      vertex -4.01915 1.2192 0
      vertex -4.01915 1.2192 2.2
    endloop
  endfacet
  facet normal 0.963779 -0.266703 0
    outer loop
      vertex -4.01915 1.2192 0
      vertex -4.07413 1.02052 2.2
      vertex -4.07413 1.02052 0
    endloop
  endfacet
  facet normal -0.266703 -0.963779 0
    outer loop
      vertex 1.02052 4.07413 0
      vertex 1.2192 4.01915 2.2
      vertex 1.02052 4.07413 2.2
    endloop
  endfacet
  facet normal -0.266703 -0.963779 -0
    outer loop
      vertex 1.2192 4.01915 2.2
      vertex 1.02052 4.07413 0
      vertex 1.2192 4.01915 0
    endloop
  endfacet
  facet normal -0.219112 -0.9757 0
    outer loop
      vertex 0.819379 4.1193 0
      vertex 1.02052 4.07413 2.2
      vertex 0.819379 4.1193 2.2
    endloop
  endfacet
  facet normal -0.219112 -0.9757 -0
    outer loop
      vertex 1.02052 4.07413 2.2
      vertex 0.819379 4.1193 0
      vertex 1.02052 4.07413 0
    endloop
  endfacet
  facet normal 0.449579 0.89324 -0
    outer loop
      vertex -1.79573 -3.79675 0
      vertex -1.97987 -3.70407 2.2
      vertex -1.79573 -3.79675 2.2
    endloop
  endfacet
  facet normal 0.449579 0.89324 0
    outer loop
      vertex -1.97987 -3.70407 2.2
      vertex -1.79573 -3.79675 0
      vertex -1.97987 -3.70407 0
    endloop
  endfacet
  facet normal 0.266703 0.963779 -0
    outer loop
      vertex -1.02052 -4.07413 0
      vertex -1.2192 -4.01915 2.2
      vertex -1.02052 -4.07413 2.2
    endloop
  endfacet
  facet normal 0.266703 0.963779 0
    outer loop
      vertex -1.2192 -4.01915 2.2
      vertex -1.02052 -4.07413 0
      vertex -1.2192 -4.01915 0
    endloop
  endfacet
  facet normal 0.405247 -0.914207 0
    outer loop
      vertex -1.79573 3.79675 0
      vertex -1.60727 3.88029 2.2
      vertex -1.79573 3.79675 2.2
    endloop
  endfacet
  facet normal 0.405247 -0.914207 0
    outer loop
      vertex -1.60727 3.88029 2.2
      vertex -1.79573 3.79675 0
      vertex -1.60727 3.88029 0
    endloop
  endfacet
  facet normal 0.689527 0.72426 -0
    outer loop
      vertex -2.82055 -3.11199 0
      vertex -2.96985 -2.96985 2.2
      vertex -2.82055 -3.11199 2.2
    endloop
  endfacet
  facet normal 0.689527 0.72426 0
    outer loop
      vertex -2.96985 -2.96985 2.2
      vertex -2.82055 -3.11199 0
      vertex -2.96985 -2.96985 0
    endloop
  endfacet
  facet normal 0.653165 0.757216 -0
    outer loop
      vertex -2.66445 -3.24664 0
      vertex -2.82055 -3.11199 2.2
      vertex -2.66445 -3.24664 2.2
    endloop
  endfacet
  facet normal 0.653165 0.757216 0
    outer loop
      vertex -2.82055 -3.11199 2.2
      vertex -2.66445 -3.24664 0
      vertex -2.82055 -3.11199 0
    endloop
  endfacet
  facet normal 0.914207 0.405247 0
    outer loop
      vertex -3.79675 -1.79573 2.2
      vertex -3.88029 -1.60727 0
      vertex -3.88029 -1.60727 2.2
    endloop
  endfacet
  facet normal 0.914207 0.405247 0
    outer loop
      vertex -3.88029 -1.60727 0
      vertex -3.79675 -1.79573 2.2
      vertex -3.79675 -1.79573 0
    endloop
  endfacet
endsolid OpenSCAD_Model
